DF,FW,GK,MF,MFFW,Pos,Gls,Ast,CrdY,Fls,Fld,Off,Crs,Int,TklW
1.0,0.0,0.0,0.0,0.0,DF,0.0,0.07,0.21,1.1,0.34,0.07,0.0,1.23,0.75
0.0,1.0,0.0,0.0,0.0,FW,0.71,0.2,0.71,3.27,2.35,0.2,0.2,0.0,1.02
0.0,1.0,0.0,0.0,0.0,FW,0.09,0.27,0.32,1.23,2.37,0.27,5.02,0.23,1.05
1.0,0.0,0.0,0.0,0.0,DF,0.0,0.0,0.49,1.57,1.08,0.1,2.75,1.37,0.69
1.0,0.0,0.0,0.0,0.0,DF,0.0,0.0,0.16,1.45,0.48,0.0,0.16,1.37,0.81
1.0,0.0,0.0,0.0,0.0,DF,0.0,0.0,0.25,0.75,0.25,0.25,0.0,1.5,0.75
0.0,0.0,0.0,1.0,0.0,MF,0.0,0.0,0.0,0.87,1.3,0.0,3.04,0.0,1.3
0.0,0.0,0.0,1.0,0.0,MF,0.17,0.09,0.26,1.88,2.26,0.26,3.08,0.56,1.32
1.0,0.0,0.0,0.0,0.0,DF,0.0,0.0,0.05,1.68,1.59,0.05,1.82,0.64,1.95
1.0,0.0,0.0,0.0,0.0,DF,0.0,0.0,0.0,1.2,0.2,0.0,0.0,0.0,1.2
0.0,0.0,1.0,0.0,0.0,GK,0.0,0.0,0.08,0.0,0.27,0.0,0.0,0.0,0.0
1.0,0.0,0.0,0.0,0.0,DF,0.0,0.0,0.52,1.9,0.34,0.34,5.0,2.07,1.38
0.0,0.0,0.0,0.0,1.0,MFFW,0.21,0.21,0.14,0.35,1.13,0.21,6.13,0.28,0.56
1.0,0.0,0.0,0.0,0.0,DF,0.0,0.0,0.0,0.82,0.0,0.0,2.13,0.49,0.98
1.0,0.0,0.0,0.0,0.0,DF,0.0,0.0,0.28,1.3,0.47,0.08,0.04,0.98,0.94
0.0,0.0,0.0,1.0,0.0,MF,0.03,0.0,0.14,1.47,0.65,0.0,0.1,0.99,1.13
0.0,0.0,0.0,0.0,1.0,MFFW,0.4,0.25,0.22,0.94,1.58,0.22,4.96,0.14,0.68
0.0,0.0,0.0,1.0,0.0,MF,0.0,0.1,0.19,1.14,1.14,0.1,1.05,0.95,2.0
1.0,0.0,0.0,0.0,0.0,DF,0.0,0.0,0.44,1.31,2.04,0.22,2.7,1.02,0.8
0.0,1.0,0.0,0.0,0.0,FW,0.37,0.31,0.06,1.91,1.36,0.8,2.78,0.43,0.8
0.0,0.0,1.0,0.0,0.0,GK,0.0,0.0,0.29,0.0,0.14,0.0,0.0,0.0,0.0
1.0,0.0,0.0,0.0,0.0,DF,0.0,0.0,0.23,2.62,0.93,0.06,1.69,1.1,0.41
0.0,0.0,0.0,1.0,0.0,MF,0.0,0.0,0.91,2.18,2.0,0.18,0.18,0.91,0.73
1.0,0.0,0.0,0.0,0.0,DF,0.27,0.21,0.16,1.12,0.53,0.05,6.81,1.01,0.74
0.0,0.0,0.0,1.0,0.0,MF,0.46,0.0,0.15,0.92,1.69,0.15,1.54,0.0,0.62
1.0,0.0,0.0,0.0,0.0,DF,0.0,0.0,0.59,2.09,0.13,0.08,0.13,0.96,1.63
1.0,0.0,0.0,0.0,0.0,DF,0.0,0.14,0.35,2.16,1.18,0.1,4.29,1.18,1.6
1.0,0.0,0.0,0.0,0.0,DF,0.0,0.0,0.22,1.56,0.89,0.0,0.67,0.67,0.89
0.0,0.0,0.0,1.0,0.0,MF,0.11,0.0,0.33,2.07,1.96,0.0,0.54,1.3,2.39
0.0,0.0,0.0,1.0,0.0,MF,0.0,0.05,0.28,0.92,1.47,0.09,1.38,0.64,0.92
1.0,0.0,0.0,0.0,0.0,DF,0.0,0.0,0.42,1.67,0.73,0.0,0.21,1.04,0.52
0.0,0.0,0.0,1.0,0.0,MF,0.0,0.0,0.75,2.62,1.03,0.0,0.75,0.65,1.87
0.0,0.0,0.0,1.0,0.0,MF,0.0,0.0,0.26,2.37,0.92,0.0,0.0,0.79,0.53
0.0,0.0,0.0,1.0,0.0,MF,0.2,0.29,0.0,1.37,1.18,0.1,1.47,0.88,1.96
0.0,0.0,0.0,1.0,0.0,MF,0.0,0.62,0.31,1.88,3.44,0.31,4.69,0.62,0.62
0.0,0.0,0.0,0.0,1.0,MFFW,0.05,0.1,0.31,1.31,3.35,0.16,1.73,0.89,1.26
0.0,1.0,0.0,0.0,0.0,FW,0.57,0.23,0.34,1.48,1.7,0.23,0.11,0.34,1.14
0.0,0.0,0.0,1.0,0.0,MF,0.18,0.0,0.36,1.52,1.25,0.0,7.77,0.54,0.62
0.0,0.0,0.0,1.0,0.0,MF,0.57,0.0,0.0,2.29,2.57,0.0,0.0,0.57,2.0
0.0,0.0,0.0,1.0,0.0,MF,0.07,0.0,0.21,2.18,0.99,0.14,2.11,0.92,0.85
1.0,0.0,0.0,0.0,0.0,DF,0.0,0.0,0.29,3.24,0.29,0.59,2.65,2.06,0.29
1.0,0.0,0.0,0.0,0.0,DF,0.0,0.0,0.2,0.96,0.51,0.0,0.2,1.01,0.86
0.0,1.0,0.0,0.0,0.0,FW,0.33,0.13,0.33,1.46,1.46,0.46,0.73,0.66,0.33
0.0,0.0,0.0,1.0,0.0,MF,0.09,0.44,0.09,1.49,1.67,0.18,2.72,0.61,0.88
0.0,0.0,1.0,0.0,0.0,GK,0.0,0.0,0.0,0.0,0.12,0.0,0.0,0.0,0.0
1.0,0.0,0.0,0.0,0.0,DF,0.0,0.0,0.0,1.0,0.33,0.0,0.0,0.33,0.67
0.0,0.0,0.0,1.0,0.0,MF,0.2,0.09,0.06,0.72,2.05,0.55,2.07,0.29,0.55
0.0,0.0,0.0,1.0,0.0,MF,0.0,0.05,0.45,1.09,0.5,0.0,0.65,1.39,1.54
0.0,1.0,0.0,0.0,0.0,FW,0.0,0.0,0.0,1.36,3.18,0.0,0.0,0.45,0.0
0.0,1.0,0.0,0.0,0.0,FW,0.25,0.12,0.06,2.06,1.75,0.31,0.06,0.12,0.44
0.0,0.0,0.0,1.0,0.0,MF,0.0,0.0,0.25,1.42,3.42,0.08,0.5,0.5,1.5
0.0,0.0,0.0,1.0,0.0,MF,0.23,0.19,0.14,0.89,1.41,0.14,2.72,0.56,0.61
0.0,0.0,0.0,0.0,1.0,MFFW,0.23,0.0,0.34,2.73,2.5,0.23,0.91,0.11,1.25
1.0,0.0,0.0,0.0,0.0,DF,0.15,0.0,0.36,1.68,1.46,0.0,2.77,0.66,2.04
0.0,0.0,0.0,1.0,0.0,MF,0.0,0.0,0.3,2.12,0.91,0.0,4.85,0.91,0.91
1.0,0.0,0.0,0.0,0.0,DF,0.05,0.0,0.16,1.21,0.21,0.0,0.11,0.84,1.26
0.0,0.0,0.0,0.0,1.0,MFFW,0.08,0.12,0.28,1.38,1.46,0.12,3.78,0.16,0.65
0.0,0.0,0.0,0.0,1.0,MFFW,0.07,0.07,0.3,1.87,0.97,0.15,3.96,0.52,1.12
0.0,0.0,0.0,0.0,1.0,MFFW,0.15,0.3,0.15,0.76,2.42,0.0,1.52,0.61,0.45
1.0,0.0,0.0,0.0,0.0,DF,0.04,0.0,0.15,1.66,0.23,0.11,3.02,1.17,1.66
0.0,0.0,1.0,0.0,0.0,GK,0.0,0.0,0.13,0.0,0.27,0.0,0.0,0.0,0.0
0.0,0.0,0.0,1.0,0.0,MF,0.04,0.04,0.36,2.36,2.96,0.04,0.82,0.68,1.0
0.0,0.0,0.0,0.0,1.0,MFFW,0.24,0.12,0.2,0.51,2.09,0.79,4.23,0.24,0.36
0.0,0.0,1.0,0.0,0.0,GK,0.0,0.0,0.07,0.03,0.26,0.0,0.0,0.0,0.03
1.0,0.0,0.0,0.0,0.0,DF,0.1,0.05,0.26,1.36,0.89,0.0,0.89,1.47,1.47
0.0,0.0,0.0,1.0,0.0,MF,0.0,0.18,0.18,1.65,1.28,0.0,1.74,0.64,1.19
0.0,1.0,0.0,0.0,0.0,FW,0.4,0.0,0.35,2.14,1.89,0.75,0.75,0.2,0.7
0.0,0.0,0.0,1.0,0.0,MF,0.13,0.0,0.19,2.45,0.97,0.0,1.35,0.77,1.61
0.0,1.0,0.0,0.0,0.0,FW,0.53,0.0,0.0,1.05,2.37,0.79,0.26,0.0,0.0
1.0,0.0,0.0,0.0,0.0,DF,0.07,0.07,0.36,1.14,1.93,0.07,1.14,0.86,1.43
0.0,0.0,0.0,1.0,0.0,MF,0.0,0.0,0.68,2.27,3.18,0.0,3.41,0.68,0.91
0.0,0.0,0.0,0.0,1.0,MFFW,0.25,0.0,0.34,1.76,1.76,0.17,6.05,0.67,1.18
1.0,0.0,0.0,0.0,0.0,DF,0.13,0.0,0.26,1.28,1.09,0.0,0.06,0.58,1.35
0.0,0.0,0.0,1.0,0.0,MF,0.0,0.07,0.28,2.21,2.07,0.0,0.97,0.83,1.24
0.0,0.0,0.0,1.0,0.0,MF,0.0,0.0,0.2,1.33,0.71,0.1,2.35,1.02,0.92
0.0,0.0,0.0,1.0,0.0,MF,0.4,0.0,0.8,0.8,2.0,0.4,3.2,0.8,0.8
0.0,0.0,0.0,1.0,0.0,MF,0.0,0.0,0.24,2.44,0.12,0.0,0.24,1.71,1.46
1.0,0.0,0.0,0.0,0.0,DF,0.0,0.0,0.51,1.38,0.65,0.07,0.0,1.16,0.72
0.0,0.0,0.0,0.0,1.0,MFFW,0.0,0.0,0.27,1.89,0.0,0.27,1.08,2.43,1.08
1.0,0.0,0.0,0.0,0.0,DF,0.08,0.0,0.25,1.4,0.25,0.08,0.58,0.83,0.91
0.0,1.0,0.0,0.0,0.0,FW,0.23,0.58,0.23,2.09,2.91,0.58,3.49,0.7,0.93
0.0,0.0,0.0,1.0,0.0,MF,0.1,0.0,0.1,2.08,1.49,0.1,0.69,0.59,0.79
0.0,0.0,1.0,0.0,0.0,GK,0.0,0.0,0.11,0.0,0.56,0.0,0.0,0.0,0.0
0.0,1.0,0.0,0.0,0.0,FW,1.14,0.1,0.29,2.0,2.48,0.86,0.38,0.0,0.29
0.0,0.0,0.0,1.0,0.0,MF,0.07,0.0,0.34,2.15,1.88,0.0,0.47,1.61,1.48
0.0,1.0,0.0,0.0,0.0,FW,0.1,0.3,0.2,1.19,0.89,0.0,2.28,0.59,0.4
0.0,0.0,1.0,0.0,0.0,GK,0.0,0.0,0.13,0.0,0.07,0.0,0.0,0.0,0.07
0.0,0.0,0.0,1.0,0.0,MF,0.0,0.04,0.44,2.37,1.58,0.0,0.09,1.01,1.93
0.0,0.0,0.0,1.0,0.0,MF,0.16,0.0,0.48,3.49,0.48,0.48,0.79,1.27,2.86
1.0,0.0,0.0,0.0,0.0,DF,0.0,0.0,0.08,0.76,0.42,0.0,0.08,0.93,1.02
0.0,0.0,0.0,1.0,0.0,MF,0.26,0.26,0.26,2.05,3.85,0.0,1.79,1.28,2.05
0.0,1.0,0.0,0.0,0.0,FW,0.5,0.0,0.12,2.25,2.12,0.38,0.12,0.5,0.75
0.0,0.0,0.0,1.0,0.0,MF,0.19,0.08,0.34,1.68,1.83,0.31,1.15,0.8,0.88
0.0,0.0,0.0,1.0,0.0,MF,0.0,0.0,0.3,2.48,1.02,0.1,0.07,1.02,1.68
0.0,0.0,0.0,1.0,0.0,MF,0.12,0.0,0.12,0.84,2.1,0.3,3.23,0.66,0.42
1.0,0.0,0.0,0.0,0.0,DF,0.0,0.0,0.48,1.43,0.0,0.0,0.0,1.43,0.48
1.0,0.0,0.0,0.0,0.0,DF,0.0,0.0,0.5,1.0,0.8,0.0,4.7,1.0,1.0
0.0,0.0,0.0,1.0,0.0,MF,0.0,0.36,0.71,1.07,2.86,0.71,7.86,0.0,0.36
1.0,0.0,0.0,0.0,0.0,DF,0.0,0.0,0.24,1.65,0.12,0.0,0.24,1.29,0.71
0.0,0.0,1.0,0.0,0.0,GK,0.0,0.0,0.18,0.0,0.26,0.0,0.0,0.03,0.0
0.0,0.0,0.0,0.0,1.0,MFFW,0.14,0.0,0.21,1.75,2.31,0.21,2.31,0.21,1.68
0.0,0.0,0.0,1.0,0.0,MF,0.0,0.46,0.39,0.78,1.11,0.2,6.08,1.18,1.18
0.0,1.0,0.0,0.0,0.0,FW,0.33,0.2,0.13,1.53,0.93,0.07,0.07,0.13,0.4
1.0,0.0,0.0,0.0,0.0,DF,0.29,0.12,0.24,1.88,1.12,0.06,3.47,1.12,1.47
0.0,0.0,1.0,0.0,0.0,GK,0.0,0.0,0.17,0.0,0.26,0.0,0.0,0.0,0.0
0.0,0.0,0.0,1.0,0.0,MF,0.0,0.14,0.1,0.76,0.43,0.0,5.1,0.57,1.0
0.0,0.0,0.0,1.0,0.0,MF,0.17,0.09,0.26,1.55,0.52,0.04,0.56,0.86,1.33
1.0,0.0,0.0,0.0,0.0,DF,0.2,0.2,0.3,1.7,1.0,0.0,4.4,1.0,0.7
0.0,0.0,1.0,0.0,0.0,GK,0.0,0.0,0.0,0.0,0.0,0.0,0.0,0.0,0.0
0.0,0.0,0.0,1.0,0.0,MF,0.0,0.0,0.53,2.37,0.39,0.13,0.13,0.26,1.05
0.0,0.0,0.0,1.0,0.0,MF,0.0,0.06,0.11,0.94,2.04,0.08,2.34,0.63,1.13
1.0,0.0,0.0,0.0,0.0,DF,0.06,0.06,0.13,0.96,0.38,0.0,0.89,0.83,0.51
0.0,0.0,0.0,1.0,0.0,MF,0.11,0.33,0.22,0.65,0.54,0.22,0.33,0.98,0.98
0.0,1.0,0.0,0.0,0.0,FW,0.4,0.0,0.0,1.2,1.6,0.0,2.4,0.0,0.4
0.0,0.0,0.0,0.0,1.0,MFFW,0.24,0.36,0.36,1.57,0.6,0.24,0.72,0.6,0.72
1.0,0.0,0.0,0.0,0.0,DF,0.04,0.04,0.16,0.82,0.33,0.08,0.0,0.65,0.53
1.0,0.0,0.0,0.0,0.0,DF,0.05,0.05,0.15,1.18,0.84,0.05,0.15,1.03,0.59
1.0,0.0,0.0,0.0,0.0,DF,0.0,0.0,0.45,1.59,0.45,0.0,0.0,1.36,0.91
0.0,1.0,0.0,0.0,0.0,FW,0.16,0.0,0.0,1.13,2.26,0.32,0.32,0.48,0.32
0.0,1.0,0.0,0.0,0.0,FW,0.37,0.0,0.5,1.61,1.55,0.56,0.19,0.5,0.37
0.0,1.0,0.0,0.0,0.0,FW,0.54,0.0,0.31,1.54,1.92,0.54,0.54,0.38,0.46
0.0,0.0,0.0,1.0,0.0,MF,0.23,0.0,0.45,1.36,1.59,0.0,1.36,0.68,0.91
0.0,0.0,0.0,1.0,0.0,MF,0.0,0.0,0.0,1.82,0.91,0.0,5.45,1.36,0.91
0.0,0.0,0.0,0.0,1.0,MFFW,0.0,0.2,0.0,0.4,2.0,0.0,4.6,0.4,0.8
0.0,0.0,0.0,1.0,0.0,MF,0.0,0.07,0.17,0.88,2.24,0.0,0.34,1.15,1.02
0.0,0.0,0.0,1.0,0.0,MF,0.0,0.95,0.0,0.95,3.33,0.0,6.19,0.95,1.43
1.0,0.0,0.0,0.0,0.0,DF,0.07,0.0,0.14,0.51,1.01,0.0,1.59,0.72,1.3
1.0,0.0,0.0,0.0,0.0,DF,0.0,0.11,0.11,1.38,1.91,0.21,3.62,0.53,1.91
0.0,0.0,0.0,1.0,0.0,MF,0.0,0.04,0.35,1.65,1.42,0.0,0.12,1.15,1.12
0.0,0.0,0.0,1.0,0.0,MF,0.0,0.0,0.0,1.76,0.0,0.0,1.03,0.59,0.88
0.0,0.0,0.0,1.0,0.0,MF,0.26,0.17,0.09,0.43,1.72,0.6,2.33,0.26,0.34
0.0,0.0,0.0,1.0,0.0,MF,0.0,0.0,2.0,3.43,1.71,0.0,0.0,0.86,2.57
0.0,0.0,0.0,0.0,1.0,MFFW,0.42,0.0,0.0,1.67,2.92,0.0,0.83,0.42,0.42
0.0,0.0,0.0,1.0,0.0,MF,0.15,0.1,0.3,0.9,1.65,0.1,1.8,0.8,0.65
1.0,0.0,0.0,0.0,0.0,DF,0.0,0.0,0.0,1.0,0.33,0.0,0.0,0.0,0.0
0.0,1.0,0.0,0.0,0.0,FW,0.31,0.15,0.08,2.23,1.08,0.15,1.15,0.54,1.31
1.0,0.0,0.0,0.0,0.0,DF,0.0,0.0,0.17,0.92,0.59,0.0,0.08,1.18,1.6
1.0,0.0,0.0,0.0,0.0,DF,0.0,0.0,0.0,0.57,0.57,0.0,0.0,2.29,1.43
0.0,1.0,0.0,0.0,0.0,FW,0.32,0.12,0.32,0.48,1.56,0.16,0.36,0.24,0.28
1.0,0.0,0.0,0.0,0.0,DF,0.0,0.06,0.56,1.07,1.02,0.11,0.79,1.19,0.96
1.0,0.0,0.0,0.0,0.0,DF,0.07,0.07,0.07,1.29,1.8,0.0,3.38,1.51,1.51
0.0,0.0,0.0,1.0,0.0,MF,0.06,0.0,0.18,1.37,0.71,0.0,0.12,0.95,1.31
0.0,1.0,0.0,0.0,0.0,FW,0.3,0.0,0.3,2.42,0.91,2.12,4.55,0.61,0.3
0.0,0.0,0.0,1.0,0.0,MF,0.12,0.12,0.73,2.2,1.59,0.12,2.07,0.73,1.22
0.0,0.0,0.0,0.0,1.0,MFFW,0.27,0.14,0.21,1.16,2.12,0.07,3.22,0.14,1.16
0.0,1.0,0.0,0.0,0.0,FW,0.14,0.0,0.43,2.43,2.0,0.43,0.43,0.14,0.71
0.0,0.0,0.0,1.0,0.0,MF,0.0,0.24,0.48,2.44,1.72,0.05,5.31,0.96,2.39
0.0,0.0,0.0,1.0,0.0,MF,0.1,0.05,0.15,1.72,1.72,0.05,0.56,0.66,1.21
0.0,0.0,0.0,1.0,0.0,MF,0.13,0.0,0.39,2.11,0.66,0.39,0.79,1.05,1.05
0.0,0.0,0.0,0.0,1.0,MFFW,0.13,0.22,0.35,1.14,3.29,0.09,3.2,0.66,0.75
1.0,0.0,0.0,0.0,0.0,DF,0.0,0.0,0.23,1.21,0.76,0.0,0.23,0.91,0.53
0.0,1.0,0.0,0.0,0.0,FW,0.16,0.16,0.16,1.23,2.51,0.32,2.41,0.91,1.18
0.0,0.0,0.0,1.0,0.0,MF,0.07,0.0,0.43,1.74,0.87,0.0,0.8,1.67,1.01
1.0,0.0,0.0,0.0,0.0,DF,0.04,0.11,0.23,1.21,1.1,0.08,2.39,0.87,1.33
0.0,0.0,0.0,0.0,1.0,MFFW,0.0,0.33,0.33,1.41,2.39,0.76,6.85,0.22,0.11
0.0,1.0,0.0,0.0,0.0,FW,0.13,0.0,0.13,2.07,1.73,0.2,0.47,0.0,0.27
0.0,0.0,0.0,1.0,0.0,MF,0.09,0.19,0.23,0.98,2.29,0.0,3.46,0.61,0.98
0.0,0.0,0.0,1.0,0.0,MF,0.1,0.31,0.0,1.34,0.62,0.31,2.47,0.41,0.93
0.0,0.0,0.0,1.0,0.0,MF,0.09,0.0,0.18,1.56,1.1,0.0,0.18,0.46,1.1
1.0,0.0,0.0,0.0,0.0,DF,0.08,0.0,0.16,0.62,0.94,0.23,2.89,1.56,1.33
1.0,0.0,0.0,0.0,0.0,DF,0.0,0.03,0.25,1.39,1.3,0.0,1.95,0.87,0.99
0.0,0.0,0.0,1.0,0.0,MF,0.0,0.07,0.21,2.18,1.06,0.0,0.49,1.2,1.34
1.0,0.0,0.0,0.0,0.0,DF,0.4,0.0,0.0,0.0,1.2,0.0,0.4,1.6,0.4
1.0,0.0,0.0,0.0,0.0,DF,0.0,0.0,0.22,0.99,0.27,0.05,3.3,0.66,1.21
0.0,0.0,0.0,1.0,0.0,MF,0.0,0.45,0.0,4.32,2.05,0.0,6.14,0.91,1.82
0.0,0.0,0.0,0.0,1.0,MFFW,0.0,0.0,0.0,1.21,1.52,0.0,0.91,0.0,0.0
1.0,0.0,0.0,0.0,0.0,DF,0.09,0.0,0.27,0.76,0.58,0.0,0.24,0.73,1.1
0.0,0.0,0.0,1.0,0.0,MF,0.0,0.0,0.7,1.48,1.13,0.0,0.09,0.87,1.65
0.0,0.0,0.0,0.0,1.0,MFFW,0.32,0.16,0.16,0.86,2.11,0.05,2.65,0.32,0.65
1.0,0.0,0.0,0.0,0.0,DF,0.0,0.0,0.11,1.3,0.87,0.11,5.54,1.2,1.2
0.0,0.0,0.0,1.0,0.0,MF,0.08,0.0,0.24,1.84,0.4,0.0,0.24,0.96,1.44
0.0,0.0,0.0,1.0,0.0,MF,0.2,0.1,0.0,0.66,0.91,0.1,1.73,1.02,1.78
1.0,0.0,0.0,0.0,0.0,DF,0.0,0.2,0.0,1.43,0.41,0.0,5.92,0.61,0.41
0.0,0.0,1.0,0.0,0.0,GK,0.0,0.0,0.0,0.0,0.17,0.0,0.0,0.0,0.0
1.0,0.0,0.0,0.0,0.0,DF,0.0,0.0,0.0,1.2,0.8,0.0,0.0,0.4,0.8
0.0,0.0,0.0,1.0,0.0,MF,0.0,0.09,0.27,1.62,1.8,0.63,2.25,1.35,1.26
0.0,1.0,0.0,0.0,0.0,FW,0.0,0.0,0.0,1.43,1.14,0.0,0.57,0.0,0.29
0.0,0.0,0.0,1.0,0.0,MF,0.0,0.0,0.0,0.22,0.65,0.0,0.22,1.3,1.09
1.0,0.0,0.0,0.0,0.0,DF,0.45,0.0,0.45,1.79,0.89,0.0,0.62,1.07,1.07
0.0,0.0,1.0,0.0,0.0,GK,0.0,0.0,0.0,0.0,0.82,0.0,0.0,0.0,0.0
0.0,0.0,0.0,1.0,0.0,MF,0.06,0.0,0.48,2.28,1.02,0.12,1.92,0.9,2.04
0.0,0.0,0.0,0.0,1.0,MFFW,0.28,0.23,0.23,0.91,2.73,0.11,2.61,0.4,0.91
0.0,1.0,0.0,0.0,0.0,FW,0.54,0.09,0.23,2.39,2.48,0.32,0.72,0.27,0.9
0.0,0.0,0.0,1.0,0.0,MF,0.31,0.16,0.31,0.79,1.81,0.24,3.07,0.0,0.63
0.0,1.0,0.0,0.0,0.0,FW,0.45,0.0,0.23,1.14,1.36,0.76,0.15,0.15,0.0
0.0,0.0,0.0,1.0,0.0,MF,0.07,0.21,0.07,0.71,2.21,0.07,5.0,0.29,1.0
0.0,0.0,1.0,0.0,0.0,GK,0.0,0.0,0.05,0.0,0.08,0.0,0.0,0.03,0.0
1.0,0.0,0.0,0.0,0.0,DF,0.0,0.0,0.14,1.94,0.42,0.0,0.28,1.94,1.25
1.0,0.0,0.0,0.0,0.0,DF,0.0,0.0,0.38,2.29,0.76,0.1,0.0,1.24,1.24
0.0,0.0,1.0,0.0,0.0,GK,0.0,0.0,0.12,0.0,0.21,0.0,0.0,0.0,0.0
0.0,0.0,0.0,1.0,0.0,MF,0.03,0.0,0.38,1.47,1.02,0.0,0.2,1.26,1.57
0.0,0.0,0.0,0.0,1.0,MFFW,0.28,0.11,0.11,0.45,1.69,0.45,1.81,0.34,0.4
1.0,0.0,0.0,0.0,0.0,DF,0.0,0.0,0.0,0.77,0.38,0.0,0.0,0.77,0.77
0.0,0.0,0.0,1.0,0.0,MF,0.08,0.04,0.4,1.66,1.15,0.0,0.43,1.54,1.34
0.0,1.0,0.0,0.0,0.0,FW,0.5,0.17,0.58,0.75,1.17,1.08,1.17,0.0,0.25
0.0,0.0,0.0,1.0,0.0,MF,0.18,0.09,0.09,0.9,1.71,0.0,1.08,1.53,1.17
0.0,0.0,1.0,0.0,0.0,GK,0.0,0.0,0.05,0.03,0.34,0.0,0.0,0.05,0.03
0.0,0.0,1.0,0.0,0.0,GK,0.0,0.0,0.33,0.0,0.5,0.0,0.0,0.0,0.0
1.0,0.0,0.0,0.0,0.0,DF,0.0,0.0,0.22,1.52,0.54,0.0,3.91,0.98,1.41
1.0,0.0,0.0,0.0,0.0,DF,0.0,0.0,0.0,0.25,0.75,0.0,0.0,0.5,0.75
0.0,0.0,0.0,1.0,0.0,MF,0.1,0.1,0.1,1.41,1.52,0.1,2.32,0.91,0.81
1.0,0.0,0.0,0.0,0.0,DF,0.08,0.0,0.3,1.2,0.68,0.0,0.0,0.98,0.75
0.0,1.0,0.0,0.0,0.0,FW,0.31,0.16,0.27,2.24,2.67,0.31,0.59,0.35,0.75
0.0,1.0,0.0,0.0,0.0,FW,0.0,0.0,0.0,1.27,0.99,0.0,0.7,0.42,0.56
0.0,0.0,0.0,1.0,0.0,MF,0.14,0.0,0.28,0.97,2.22,0.0,2.08,0.0,0.42
1.0,0.0,0.0,0.0,0.0,DF,0.0,0.0,0.16,0.89,0.97,0.04,1.01,1.09,1.71
0.0,1.0,0.0,0.0,0.0,FW,0.36,0.0,0.06,0.6,1.51,0.3,0.66,0.12,0.18
0.0,0.0,0.0,1.0,0.0,MF,0.0,0.25,0.0,1.14,2.53,0.0,0.51,0.63,1.77
1.0,0.0,0.0,0.0,0.0,DF,0.0,0.0,0.38,1.0,0.12,0.0,0.0,0.88,1.12
1.0,0.0,0.0,0.0,0.0,DF,0.05,0.0,0.3,0.96,0.56,0.05,1.93,1.02,1.68
0.0,1.0,0.0,0.0,0.0,FW,0.16,0.16,0.41,2.21,1.23,0.33,0.33,0.33,0.57
0.0,0.0,0.0,1.0,0.0,MF,0.69,0.54,0.11,0.5,2.07,0.08,5.52,0.23,0.65
0.0,1.0,0.0,0.0,0.0,FW,0.0,0.27,0.41,0.96,2.05,0.55,1.51,0.14,0.68
1.0,0.0,0.0,0.0,0.0,DF,0.0,0.0,0.36,1.61,0.9,0.04,2.87,1.61,2.51
0.0,1.0,0.0,0.0,0.0,FW,0.31,0.0,0.31,2.5,0.94,0.94,0.0,0.62,0.31
0.0,0.0,0.0,0.0,1.0,MFFW,0.27,0.07,0.0,1.4,1.0,0.13,1.13,0.27,1.13
0.0,1.0,0.0,0.0,0.0,FW,0.4,0.0,0.32,2.02,3.31,0.4,2.02,0.32,0.48
0.0,1.0,0.0,0.0,0.0,FW,0.0,0.0,0.0,1.36,1.36,0.0,0.0,0.0,0.0
0.0,0.0,0.0,1.0,0.0,MF,0.0,0.0,0.28,4.13,0.73,0.0,0.64,1.19,2.66
1.0,0.0,0.0,0.0,0.0,DF,0.09,0.09,0.09,0.55,1.09,0.0,1.82,0.91,1.73
0.0,1.0,0.0,0.0,0.0,FW,0.29,0.1,0.29,2.57,2.19,0.19,0.57,0.48,0.38
0.0,0.0,0.0,1.0,0.0,MF,0.16,0.28,0.04,0.6,2.44,0.52,3.4,0.92,0.88
0.0,0.0,0.0,0.0,1.0,MFFW,0.33,0.0,0.33,2.0,1.83,0.0,1.5,0.5,1.17
1.0,0.0,0.0,0.0,0.0,DF,0.05,0.05,0.36,1.03,0.88,0.1,3.45,0.98,0.93
1.0,0.0,0.0,0.0,0.0,DF,0.14,0.14,0.28,0.99,0.56,0.0,3.66,0.42,1.27
1.0,0.0,0.0,0.0,0.0,DF,0.12,0.0,0.12,0.71,0.48,0.0,2.38,1.43,0.6
1.0,0.0,0.0,0.0,0.0,DF,0.0,0.27,0.07,0.61,0.82,0.14,2.11,0.68,1.02
0.0,0.0,0.0,1.0,0.0,MF,0.0,0.0,0.24,1.46,0.24,0.12,3.78,0.49,1.34
0.0,0.0,1.0,0.0,0.0,GK,0.0,0.0,0.11,0.0,0.0,0.0,0.0,0.0,0.11
0.0,0.0,0.0,1.0,0.0,MF,0.27,0.27,0.27,2.16,2.97,0.54,4.32,1.89,1.89
0.0,0.0,0.0,1.0,0.0,MF,0.0,0.0,0.31,1.73,1.43,0.0,0.31,1.53,2.35
1.0,0.0,0.0,0.0,0.0,DF,0.08,0.04,0.27,1.28,0.58,0.43,0.78,1.36,1.25
1.0,0.0,0.0,0.0,0.0,DF,0.13,0.0,0.22,0.96,0.35,0.09,0.04,0.83,1.0
1.0,0.0,0.0,0.0,0.0,DF,0.0,0.0,0.18,0.44,0.7,0.0,0.09,1.14,1.05
1.0,0.0,0.0,0.0,0.0,DF,0.1,0.0,0.2,1.3,0.9,0.0,0.1,1.5,1.3
1.0,0.0,0.0,0.0,0.0,DF,0.14,0.0,0.27,1.5,0.14,0.07,0.14,0.82,1.22
0.0,0.0,0.0,1.0,0.0,MF,0.16,0.0,0.32,0.97,2.26,0.32,2.42,0.0,1.13
0.0,0.0,0.0,1.0,0.0,MF,0.04,0.12,0.12,0.78,1.68,0.12,6.76,0.59,0.39
0.0,0.0,0.0,0.0,1.0,MFFW,0.0,0.38,0.0,1.7,0.75,0.57,3.96,0.57,0.19
1.0,0.0,0.0,0.0,0.0,DF,0.04,0.0,0.22,0.88,0.53,0.04,0.18,0.75,0.66
0.0,0.0,1.0,0.0,0.0,GK,0.0,0.0,0.0,0.0,0.25,0.0,0.0,0.0,0.0
0.0,0.0,0.0,1.0,0.0,MF,0.0,0.0,0.0,1.51,0.93,0.35,2.91,0.47,0.81
0.0,0.0,0.0,1.0,0.0,MF,0.0,0.0,0.77,2.31,0.0,0.0,0.38,1.15,0.38
0.0,0.0,0.0,1.0,0.0,MF,0.0,0.0,0.2,1.37,1.76,0.39,1.76,1.37,1.18
0.0,0.0,0.0,1.0,0.0,MF,0.0,0.04,0.22,1.72,0.52,0.0,0.3,1.04,1.16
0.0,0.0,1.0,0.0,0.0,GK,0.0,0.0,0.12,0.0,0.08,0.0,0.0,0.0,0.0
0.0,1.0,0.0,0.0,0.0,FW,0.3,0.22,0.33,1.48,2.44,0.37,3.28,0.04,0.3
0.0,0.0,0.0,0.0,1.0,MFFW,0.0,0.22,0.44,3.33,1.56,0.22,6.67,0.22,0.89
0.0,1.0,0.0,0.0,0.0,FW,0.37,0.0,0.0,1.48,1.11,0.74,0.0,0.74,0.74
0.0,0.0,0.0,1.0,0.0,MF,0.12,0.04,0.04,1.54,0.75,0.04,0.58,0.54,1.29
1.0,0.0,0.0,0.0,0.0,DF,0.14,0.0,0.29,1.29,0.43,0.14,2.71,0.57,1.57
0.0,0.0,0.0,1.0,0.0,MF,0.35,0.27,0.09,0.71,0.8,0.8,3.72,0.88,0.71
1.0,0.0,0.0,0.0,0.0,DF,0.0,0.0,0.16,1.89,1.34,0.0,0.0,1.1,1.18
1.0,0.0,0.0,0.0,0.0,DF,0.05,0.0,0.16,1.46,1.51,0.36,1.82,1.41,1.56
0.0,0.0,0.0,1.0,0.0,MF,0.26,0.0,0.26,1.84,1.32,0.0,7.37,1.05,0.26
0.0,0.0,0.0,1.0,0.0,MF,0.2,0.15,0.15,1.03,1.18,0.05,1.43,0.79,0.49
0.0,1.0,0.0,0.0,0.0,FW,0.31,0.1,0.0,0.93,2.68,0.1,0.41,0.0,0.21
0.0,0.0,0.0,1.0,0.0,MF,0.13,0.13,0.06,1.58,0.89,0.06,4.05,1.96,2.03
1.0,0.0,0.0,0.0,0.0,DF,0.0,0.0,0.54,2.43,0.0,0.0,0.0,1.35,0.81
1.0,0.0,0.0,0.0,0.0,DF,0.0,0.0,0.35,1.23,1.75,0.0,1.23,2.46,2.98
1.0,0.0,0.0,0.0,0.0,DF,0.0,0.14,0.28,1.79,1.31,0.0,3.45,1.03,2.0
0.0,1.0,0.0,0.0,0.0,FW,0.58,0.17,0.5,1.74,1.16,1.07,0.91,0.0,0.25
0.0,1.0,0.0,0.0,0.0,FW,0.18,0.0,0.36,1.27,3.27,1.09,0.73,0.36,1.09
0.0,0.0,1.0,0.0,0.0,GK,0.0,0.0,0.31,0.0,0.15,0.0,0.0,0.0,0.0
1.0,0.0,0.0,0.0,0.0,DF,0.0,0.0,0.51,1.03,1.15,0.26,0.13,1.28,0.77
0.0,0.0,0.0,1.0,0.0,MF,0.0,0.06,0.29,1.46,1.65,0.06,0.76,1.17,0.76
0.0,0.0,0.0,1.0,0.0,MF,0.0,0.0,0.48,2.1,1.77,0.0,0.48,1.45,1.45
1.0,0.0,0.0,0.0,0.0,DF,0.0,0.09,0.0,0.36,0.73,0.0,0.18,0.82,1.09
1.0,0.0,0.0,0.0,0.0,DF,0.0,0.18,0.0,0.88,0.61,0.0,5.79,1.14,1.67
0.0,1.0,0.0,0.0,0.0,FW,0.12,0.0,0.37,1.98,0.74,0.49,0.62,0.25,0.62
0.0,0.0,1.0,0.0,0.0,GK,0.0,0.0,0.21,0.0,0.16,0.0,0.0,0.0,0.0
0.0,0.0,0.0,1.0,0.0,MF,0.0,0.0,0.43,1.3,0.87,1.3,6.96,0.0,1.3
0.0,0.0,0.0,1.0,0.0,MF,0.1,0.03,0.1,1.45,0.98,0.07,0.88,0.44,1.38
0.0,0.0,0.0,1.0,0.0,MF,0.19,0.14,0.09,0.47,0.85,0.47,4.46,0.09,0.42
0.0,0.0,0.0,1.0,0.0,MF,0.26,0.53,0.0,1.71,1.18,0.13,1.58,0.92,1.18
0.0,0.0,0.0,1.0,0.0,MF,0.0,0.35,0.0,0.94,0.35,0.24,2.12,0.82,1.06
1.0,0.0,0.0,0.0,0.0,DF,0.12,0.0,0.35,1.63,0.35,0.0,0.0,1.4,1.4
1.0,0.0,0.0,0.0,0.0,DF,0.05,0.0,0.08,0.93,0.33,0.05,0.03,1.15,1.26
0.0,0.0,0.0,0.0,1.0,MFFW,0.08,0.33,0.08,1.17,2.75,0.08,6.17,0.33,0.83
0.0,0.0,0.0,1.0,0.0,MF,0.32,0.22,0.35,1.39,2.03,0.06,5.6,0.47,0.76
0.0,0.0,0.0,0.0,1.0,MFFW,0.2,0.0,0.2,1.3,2.1,0.2,1.8,0.2,0.6
1.0,0.0,0.0,0.0,0.0,DF,0.11,0.04,0.07,0.44,0.66,0.0,4.58,0.95,1.17
0.0,0.0,0.0,0.0,1.0,MFFW,0.31,0.12,0.37,1.98,3.7,0.86,1.36,0.12,0.49
0.0,0.0,1.0,0.0,0.0,GK,0.0,0.0,0.12,0.06,0.18,0.0,0.0,0.06,0.06
0.0,1.0,0.0,0.0,0.0,FW,0.29,0.14,0.14,1.29,1.86,0.57,0.43,0.29,0.14
1.0,0.0,0.0,0.0,0.0,DF,0.0,0.11,0.11,1.91,0.34,0.11,0.22,1.12,1.12
0.0,0.0,0.0,1.0,0.0,MF,0.29,0.0,0.29,0.88,2.35,0.0,2.65,0.0,0.59
0.0,0.0,0.0,1.0,0.0,MF,0.22,0.55,0.44,2.31,2.2,0.0,4.84,0.55,1.87
0.0,0.0,0.0,1.0,0.0,MF,0.2,0.07,0.33,1.46,0.73,0.0,0.6,1.26,0.93
0.0,0.0,0.0,1.0,0.0,MF,0.0,0.07,0.39,2.11,1.05,0.07,0.53,1.64,1.71
0.0,0.0,0.0,1.0,0.0,MF,0.06,0.06,0.71,1.35,1.81,0.06,2.39,0.9,1.23
0.0,0.0,0.0,1.0,0.0,MF,0.17,0.26,0.26,2.07,0.95,0.0,2.24,0.43,1.72
1.0,0.0,0.0,0.0,0.0,DF,0.05,0.0,0.1,1.35,0.43,0.0,2.85,1.01,1.3
1.0,0.0,0.0,0.0,0.0,DF,0.12,0.12,0.0,0.62,0.5,0.0,4.04,0.75,0.68
1.0,0.0,0.0,0.0,0.0,DF,0.08,0.0,0.12,1.37,0.63,0.0,0.31,1.84,0.98
0.0,0.0,0.0,1.0,0.0,MF,0.0,0.0,0.61,1.43,1.02,0.0,1.63,1.02,1.84
1.0,0.0,0.0,0.0,0.0,DF,0.0,0.0,0.18,1.96,1.43,0.0,2.68,1.43,1.96
1.0,0.0,0.0,0.0,0.0,DF,0.0,0.0,0.0,1.2,0.4,0.0,0.0,2.8,1.6
1.0,0.0,0.0,0.0,0.0,DF,0.17,0.0,0.34,1.72,1.03,0.0,0.0,0.86,0.69
1.0,0.0,0.0,0.0,0.0,DF,0.0,0.0,0.0,1.6,0.2,0.2,1.6,0.6,1.4
1.0,0.0,0.0,0.0,0.0,DF,0.0,0.07,0.29,1.3,0.36,0.0,0.07,0.87,1.09
1.0,0.0,0.0,0.0,0.0,DF,0.0,0.0,1.07,3.21,0.36,0.71,4.29,1.07,2.86
0.0,0.0,0.0,1.0,0.0,MF,0.0,0.0,0.41,3.01,2.6,0.0,1.51,1.23,2.19
0.0,0.0,1.0,0.0,0.0,GK,0.0,0.0,0.07,0.07,0.14,0.0,0.0,0.0,0.0
0.0,0.0,0.0,1.0,0.0,MF,0.08,0.08,0.29,1.88,0.54,0.0,0.13,1.38,1.13
1.0,0.0,0.0,0.0,0.0,DF,0.0,0.0,0.09,1.0,0.27,0.0,0.18,0.73,0.64
1.0,0.0,0.0,0.0,0.0,DF,0.06,0.03,0.24,0.82,0.65,0.06,0.0,0.97,0.56
1.0,0.0,0.0,0.0,0.0,DF,0.06,0.0,0.19,0.69,0.69,0.0,0.25,0.63,1.57
1.0,0.0,0.0,0.0,0.0,DF,0.0,0.0,0.45,1.36,0.45,0.0,0.0,0.91,0.45
1.0,0.0,0.0,0.0,0.0,DF,0.0,0.0,0.25,0.68,0.55,0.09,0.25,0.58,0.52
0.0,1.0,0.0,0.0,0.0,FW,0.33,0.0,0.67,2.0,1.0,0.0,0.33,0.0,0.33
0.0,1.0,0.0,0.0,0.0,FW,0.0,0.0,0.31,2.19,0.62,0.31,0.0,0.0,0.31
0.0,1.0,0.0,0.0,0.0,FW,0.19,0.06,0.38,2.68,1.08,0.57,0.25,0.13,0.38
0.0,0.0,0.0,1.0,0.0,MF,0.0,0.0,0.0,1.32,1.05,0.0,0.26,0.79,1.32
1.0,0.0,0.0,0.0,0.0,DF,0.0,0.0,0.36,0.84,0.66,0.0,0.06,1.38,0.84
0.0,1.0,0.0,0.0,0.0,FW,0.24,0.0,0.0,1.9,0.95,0.95,0.0,0.24,1.19
1.0,0.0,0.0,0.0,0.0,DF,0.05,0.05,0.18,1.51,1.87,0.14,2.42,0.96,1.55
1.0,0.0,0.0,0.0,0.0,DF,0.03,0.03,0.21,0.79,0.38,0.0,0.41,1.03,0.72
0.0,1.0,0.0,0.0,0.0,FW,0.5,0.0,0.25,2.25,3.5,0.75,0.5,0.0,1.0
1.0,0.0,0.0,0.0,0.0,DF,0.03,0.15,0.3,1.92,0.96,0.03,2.61,1.32,2.1
0.0,1.0,0.0,0.0,0.0,FW,0.73,0.28,0.14,1.28,1.63,0.24,0.59,0.21,0.35
1.0,0.0,0.0,0.0,0.0,DF,0.0,0.0,0.19,1.15,0.96,0.1,0.1,1.63,0.77
1.0,0.0,0.0,0.0,0.0,DF,0.0,0.0,0.0,0.7,1.05,0.0,0.0,1.23,1.05
1.0,0.0,0.0,0.0,0.0,DF,0.0,0.0,0.0,2.27,2.73,0.0,6.82,1.82,1.36
1.0,0.0,0.0,0.0,0.0,DF,0.0,0.0,0.26,1.32,0.26,0.26,2.63,0.79,2.37
0.0,0.0,0.0,0.0,1.0,MFFW,0.0,0.25,0.0,1.25,1.0,0.5,2.75,0.5,0.25
0.0,0.0,0.0,1.0,0.0,MF,0.1,0.2,0.2,0.71,1.31,0.2,1.11,0.51,1.21
0.0,0.0,0.0,1.0,0.0,MF,0.18,0.35,0.18,1.05,3.68,0.0,1.93,0.0,1.23
0.0,0.0,0.0,1.0,0.0,MF,0.28,0.14,0.56,0.83,2.5,0.0,2.08,0.69,0.56
0.0,0.0,0.0,1.0,0.0,MF,0.3,0.22,0.13,1.03,1.29,0.22,2.8,0.69,1.25
1.0,0.0,0.0,0.0,0.0,DF,0.0,0.0,1.0,2.67,0.33,0.0,3.67,1.67,2.0
1.0,0.0,0.0,0.0,0.0,DF,0.0,0.19,0.09,2.41,0.83,0.0,2.69,1.02,0.93
0.0,1.0,0.0,0.0,0.0,FW,0.24,0.16,0.16,1.38,0.73,0.41,0.73,0.24,0.16
0.0,0.0,0.0,0.0,1.0,MFFW,0.0,0.0,0.0,1.11,0.74,0.37,2.59,0.37,0.37
0.0,0.0,0.0,0.0,1.0,MFFW,0.24,0.08,0.0,1.38,2.28,0.73,2.85,0.33,0.81
1.0,0.0,0.0,0.0,0.0,DF,0.04,0.08,0.16,0.78,0.2,0.04,0.2,0.73,0.82
1.0,0.0,0.0,0.0,0.0,DF,0.0,0.0,0.22,1.74,1.09,0.0,1.74,0.0,0.87
0.0,0.0,1.0,0.0,0.0,GK,0.0,0.0,0.06,0.0,0.12,0.0,0.0,0.0,0.0
0.0,0.0,0.0,1.0,0.0,MF,0.16,0.08,0.25,1.64,2.54,0.08,1.07,0.82,0.74
0.0,0.0,0.0,1.0,0.0,MF,0.0,0.0,0.48,4.29,1.9,0.0,3.81,0.48,0.95
0.0,0.0,0.0,1.0,0.0,MF,0.13,0.06,0.26,1.95,1.36,0.06,2.92,1.23,0.84
1.0,0.0,0.0,0.0,0.0,DF,0.07,0.0,0.14,1.37,0.48,0.14,0.82,1.1,0.62
1.0,0.0,0.0,0.0,0.0,DF,0.0,0.08,0.0,1.04,0.24,0.0,0.0,0.72,1.68
1.0,0.0,0.0,0.0,0.0,DF,0.0,0.0,0.26,1.27,0.61,0.04,0.31,1.01,0.7
0.0,0.0,1.0,0.0,0.0,GK,0.0,0.0,0.11,0.0,0.11,0.0,0.0,0.0,0.0
0.0,0.0,0.0,1.0,0.0,MF,0.15,0.12,0.39,2.59,1.58,0.31,1.97,0.73,1.08
0.0,0.0,0.0,1.0,0.0,MF,0.09,0.0,0.09,1.2,2.31,0.28,1.39,0.56,1.39
0.0,0.0,0.0,1.0,0.0,MF,0.21,0.21,0.0,1.7,3.19,0.21,3.62,0.43,0.0
1.0,0.0,0.0,0.0,0.0,DF,0.0,0.0,0.21,1.04,0.42,0.0,0.0,1.25,0.42
1.0,0.0,0.0,0.0,0.0,DF,0.0,0.0,0.13,1.2,0.4,0.0,3.33,1.33,1.2
0.0,0.0,0.0,1.0,0.0,MF,0.17,0.09,0.17,1.64,1.72,0.0,0.86,0.52,1.64
0.0,0.0,0.0,1.0,0.0,MF,0.0,0.0,0.0,1.14,1.14,0.23,1.82,0.91,0.68
0.0,0.0,0.0,1.0,0.0,MF,0.0,0.0,0.12,1.29,2.24,0.0,3.29,0.71,1.41
1.0,0.0,0.0,0.0,0.0,DF,0.06,0.0,0.23,1.05,0.7,0.0,0.35,1.22,0.52
1.0,0.0,0.0,0.0,0.0,DF,0.0,0.16,0.33,1.48,0.16,0.0,0.49,1.15,0.66
1.0,0.0,0.0,0.0,0.0,DF,0.12,0.03,0.25,0.74,0.28,0.03,0.06,0.56,0.93
0.0,0.0,0.0,1.0,0.0,MF,0.0,0.0,0.1,1.15,0.21,0.0,0.42,1.04,0.52
0.0,0.0,0.0,1.0,0.0,MF,0.11,0.25,0.39,1.06,1.77,0.35,7.21,0.21,0.85
0.0,1.0,0.0,0.0,0.0,FW,0.4,0.0,0.0,1.2,2.8,0.2,0.4,0.6,0.4
0.0,0.0,0.0,1.0,0.0,MF,0.11,0.32,0.26,1.58,0.95,0.16,7.21,0.42,2.11
1.0,0.0,0.0,0.0,0.0,DF,0.0,0.0,0.34,1.03,0.34,0.0,0.0,3.79,1.38
1.0,0.0,0.0,0.0,0.0,DF,0.04,0.25,0.18,1.63,0.42,0.11,4.91,1.13,0.85
1.0,0.0,0.0,0.0,0.0,DF,0.07,0.1,0.24,1.0,1.87,0.17,3.74,1.87,1.52
0.0,0.0,0.0,1.0,0.0,MF,0.03,0.1,0.38,1.21,1.59,0.03,0.6,1.11,1.24
0.0,0.0,0.0,1.0,0.0,MF,0.03,0.0,0.14,1.86,0.86,0.0,0.55,2.1,2.62
0.0,0.0,0.0,1.0,0.0,MF,0.07,0.07,0.26,1.83,0.78,0.0,0.1,0.46,0.88
1.0,0.0,0.0,0.0,0.0,DF,0.03,0.0,0.31,0.88,0.69,0.03,0.6,1.48,0.63
0.0,0.0,0.0,1.0,0.0,MF,0.0,0.0,0.29,2.57,3.43,0.29,2.86,0.0,1.14
0.0,0.0,0.0,0.0,1.0,MFFW,0.27,0.0,0.27,2.05,2.05,0.14,5.75,0.41,0.82
0.0,1.0,0.0,0.0,0.0,FW,0.38,0.17,0.43,1.37,1.84,0.26,0.34,0.47,0.68
0.0,0.0,0.0,1.0,0.0,MF,0.23,0.15,0.38,2.03,1.88,0.15,2.78,0.0,1.13
1.0,0.0,0.0,0.0,0.0,DF,0.19,0.12,0.06,0.69,0.53,0.03,4.19,1.22,0.91
0.0,1.0,0.0,0.0,0.0,FW,0.23,0.0,0.11,1.48,1.48,0.34,0.23,0.23,0.8
0.0,0.0,1.0,0.0,0.0,GK,0.0,0.0,0.25,0.0,0.0,0.0,0.0,0.0,0.0
0.0,0.0,0.0,0.0,1.0,MFFW,0.26,0.0,0.26,2.63,2.37,0.53,1.05,0.26,0.79
1.0,0.0,0.0,0.0,0.0,DF,0.24,0.0,0.0,0.71,0.48,0.0,0.24,1.67,0.48
0.0,0.0,0.0,0.0,1.0,MFFW,0.07,0.04,0.26,2.24,1.8,0.15,0.85,0.85,1.36
0.0,0.0,0.0,1.0,0.0,MF,0.0,0.0,0.23,0.81,1.98,0.12,0.0,1.28,2.44
0.0,0.0,0.0,1.0,0.0,MF,0.56,0.28,0.0,1.39,2.22,0.0,0.28,0.83,0.83
1.0,0.0,0.0,0.0,0.0,DF,0.0,0.0,0.41,0.61,0.82,0.0,0.41,0.61,0.61
0.0,0.0,0.0,1.0,0.0,MF,0.36,0.15,0.1,1.63,1.22,0.05,5.36,0.41,1.79
1.0,0.0,0.0,0.0,0.0,DF,0.0,0.0,0.94,1.25,0.62,0.0,0.31,0.94,0.62
0.0,0.0,0.0,1.0,0.0,MF,0.11,0.0,0.0,1.95,1.38,0.0,0.46,1.38,1.61
1.0,0.0,0.0,0.0,0.0,DF,0.0,0.0,0.64,1.85,1.34,0.13,0.06,2.04,1.21
0.0,0.0,1.0,0.0,0.0,GK,0.0,0.0,0.27,0.0,0.27,0.0,0.0,0.0,0.0
0.0,0.0,1.0,0.0,0.0,GK,0.0,0.0,0.06,0.0,0.25,0.0,0.0,0.0,0.03
1.0,0.0,0.0,0.0,0.0,DF,0.0,0.0,0.0,0.4,0.0,0.4,1.2,1.2,0.8
1.0,0.0,0.0,0.0,0.0,DF,0.12,0.0,0.18,0.67,0.4,0.0,0.43,0.82,0.52
0.0,0.0,1.0,0.0,0.0,GK,0.0,0.0,0.33,0.67,0.0,0.0,0.0,0.0,0.0
0.0,0.0,0.0,1.0,0.0,MF,0.3,0.3,0.45,1.49,1.04,0.0,3.28,1.34,2.39
0.0,0.0,0.0,1.0,0.0,MF,0.0,0.0,0.23,2.09,2.33,0.0,7.67,0.93,0.47
1.0,0.0,0.0,0.0,0.0,DF,0.0,0.0,0.0,0.26,0.53,0.0,0.0,0.26,0.0
1.0,0.0,0.0,0.0,0.0,DF,0.1,0.24,0.15,1.02,0.63,0.05,6.89,0.78,1.21
0.0,0.0,1.0,0.0,0.0,GK,0.0,0.0,0.0,0.0,0.0,0.0,0.0,0.0,0.0
0.0,0.0,0.0,1.0,0.0,MF,0.0,0.19,0.19,1.37,1.28,0.09,0.43,0.38,0.38
0.0,0.0,1.0,0.0,0.0,GK,0.0,0.0,0.0,0.09,0.28,0.0,0.0,0.09,0.0
1.0,0.0,0.0,0.0,0.0,DF,0.0,0.0,0.53,1.78,0.33,0.07,0.0,0.72,1.05
1.0,0.0,0.0,0.0,0.0,DF,0.0,0.0,0.09,0.77,1.37,0.09,2.99,1.79,2.48
1.0,0.0,0.0,0.0,0.0,DF,0.0,0.07,0.0,0.47,0.47,0.07,0.27,0.74,1.07
0.0,0.0,1.0,0.0,0.0,GK,0.0,0.0,0.0,0.18,0.0,0.0,0.0,0.0,0.0
0.0,1.0,0.0,0.0,0.0,FW,0.13,0.25,0.38,3.16,3.16,1.39,4.18,0.76,0.89
1.0,0.0,0.0,0.0,0.0,DF,0.09,0.0,0.13,0.78,0.56,0.0,0.09,0.65,0.48
1.0,0.0,0.0,0.0,0.0,DF,0.03,0.06,0.26,1.23,1.36,0.03,5.06,1.33,1.59
0.0,0.0,0.0,1.0,0.0,MF,0.03,0.12,0.25,1.26,0.28,0.0,0.46,0.71,0.86
0.0,0.0,0.0,1.0,0.0,MF,0.0,0.0,0.23,0.93,1.86,0.0,4.65,1.86,1.4
0.0,1.0,0.0,0.0,0.0,FW,0.37,0.06,0.19,1.42,1.67,0.12,0.19,0.25,0.31
0.0,0.0,0.0,1.0,0.0,MF,0.1,0.07,0.2,1.92,1.26,0.03,0.17,0.66,0.99
1.0,0.0,0.0,0.0,0.0,DF,0.27,0.0,0.4,1.73,0.93,0.27,4.0,1.73,1.6
0.0,0.0,0.0,1.0,0.0,MF,0.16,0.0,0.48,1.43,3.33,0.48,3.81,0.0,0.63
0.0,0.0,0.0,1.0,0.0,MF,0.0,0.0,0.15,2.27,0.76,0.0,0.15,1.67,1.36
1.0,0.0,0.0,0.0,0.0,DF,0.0,0.05,0.45,1.46,0.71,0.0,2.42,1.87,1.52
0.0,0.0,0.0,1.0,0.0,MF,0.0,0.24,0.73,2.2,1.46,0.24,0.98,0.73,0.98
0.0,0.0,0.0,1.0,0.0,MF,0.33,0.33,0.0,1.0,1.0,0.0,3.33,0.0,0.33
0.0,1.0,0.0,0.0,0.0,FW,0.38,0.0,0.75,3.21,3.02,1.13,0.0,0.19,0.75
1.0,0.0,0.0,0.0,0.0,DF,0.0,0.04,0.22,0.91,1.09,0.0,3.32,0.91,1.17
1.0,0.0,0.0,0.0,0.0,DF,0.0,0.09,0.32,1.01,3.03,0.32,3.35,1.06,1.28
0.0,0.0,1.0,0.0,0.0,GK,0.0,0.0,0.2,0.0,0.2,0.0,0.0,0.0,0.0
0.0,0.0,0.0,1.0,0.0,MF,0.14,0.0,0.41,2.6,0.55,0.0,0.41,1.64,1.92
0.0,0.0,0.0,0.0,1.0,MFFW,0.0,0.0,0.23,1.86,0.7,0.0,2.79,1.16,1.16
0.0,0.0,0.0,1.0,0.0,MF,0.0,0.0,0.38,1.62,1.62,0.0,0.62,0.75,1.75
0.0,0.0,0.0,1.0,0.0,MF,0.14,0.0,0.41,1.51,2.05,0.0,2.05,0.55,1.51
0.0,0.0,0.0,1.0,0.0,MF,0.23,0.23,0.23,1.13,3.58,0.23,5.65,0.45,1.03
0.0,0.0,0.0,1.0,0.0,MF,0.07,0.21,0.28,1.47,0.63,0.0,2.59,1.33,0.49
0.0,0.0,0.0,1.0,0.0,MF,0.0,0.0,0.1,0.58,0.49,0.1,0.49,0.29,0.78
0.0,0.0,0.0,1.0,0.0,MF,0.2,0.05,0.26,0.87,3.16,0.1,3.21,0.56,0.87
0.0,0.0,0.0,0.0,1.0,MFFW,0.11,0.11,0.05,0.82,1.9,0.11,2.28,1.14,0.76
1.0,0.0,0.0,0.0,0.0,DF,0.07,0.1,0.41,1.03,0.92,0.03,3.56,1.2,1.37
0.0,0.0,0.0,1.0,0.0,MF,0.0,0.0,0.39,2.11,1.02,0.0,0.23,1.95,2.42
0.0,1.0,0.0,0.0,0.0,FW,0.33,0.33,0.33,1.67,0.67,0.67,1.33,0.0,0.33
1.0,0.0,0.0,0.0,0.0,DF,0.0,0.0,0.32,1.61,0.97,0.0,2.26,0.97,1.94
0.0,0.0,0.0,0.0,1.0,MFFW,0.17,0.39,0.06,0.79,1.35,0.45,1.85,0.73,0.56
1.0,0.0,0.0,0.0,0.0,DF,0.0,0.0,0.0,0.37,0.0,0.0,0.0,1.48,0.37
0.0,0.0,0.0,1.0,0.0,MF,0.18,0.0,0.24,0.84,0.36,0.0,1.45,0.54,1.02
1.0,0.0,0.0,0.0,0.0,DF,0.0,0.0,0.33,1.32,0.77,0.0,2.09,0.88,1.32
1.0,0.0,0.0,0.0,0.0,DF,0.0,0.0,0.43,4.35,0.87,0.43,4.78,0.43,1.74
1.0,0.0,0.0,0.0,0.0,DF,0.0,0.0,0.12,1.88,1.06,0.0,3.76,0.71,1.18
0.0,1.0,0.0,0.0,0.0,FW,0.35,0.17,0.23,1.22,1.8,0.12,3.9,0.12,0.12
1.0,0.0,0.0,0.0,0.0,DF,0.0,0.07,0.28,1.88,0.14,0.0,0.14,0.69,1.11
0.0,0.0,0.0,1.0,0.0,MF,0.14,0.43,0.0,0.29,0.87,0.14,2.61,0.14,0.58
0.0,0.0,0.0,1.0,0.0,MF,0.42,0.11,0.32,1.68,1.79,0.11,1.26,0.74,2.42
0.0,0.0,0.0,0.0,1.0,MFFW,0.0,0.3,0.61,2.73,2.42,0.0,4.24,0.0,1.52
0.0,0.0,0.0,0.0,1.0,MFFW,0.0,0.23,0.23,0.47,0.47,0.47,0.0,0.23,0.7
1.0,0.0,0.0,0.0,0.0,DF,0.05,0.05,0.33,1.58,0.33,0.0,0.49,0.82,1.03
1.0,0.0,0.0,0.0,0.0,DF,0.0,0.15,0.15,1.7,1.45,0.05,1.3,1.45,2.7
1.0,0.0,0.0,0.0,0.0,DF,0.04,0.0,0.08,0.97,0.97,0.29,2.1,0.97,1.51
0.0,0.0,0.0,0.0,1.0,MFFW,0.27,0.54,0.27,1.08,1.35,0.54,1.35,0.81,0.27
1.0,0.0,0.0,0.0,0.0,DF,0.0,0.08,0.23,0.93,1.55,0.23,1.47,0.93,0.85
0.0,1.0,0.0,0.0,0.0,FW,0.29,0.12,0.12,0.71,2.25,0.21,3.62,0.5,0.75
0.0,1.0,0.0,0.0,0.0,FW,0.27,0.36,0.27,0.89,3.12,0.09,7.86,0.18,0.45
1.0,0.0,0.0,0.0,0.0,DF,0.0,0.0,0.17,2.37,0.68,0.34,0.0,1.02,0.34
0.0,0.0,1.0,0.0,0.0,GK,0.0,0.0,0.0,0.0,0.0,0.0,0.0,0.0,0.0
0.0,0.0,0.0,1.0,0.0,MF,0.04,0.0,0.37,1.41,0.89,0.0,0.19,1.41,1.85
0.0,0.0,0.0,1.0,0.0,MF,0.06,0.0,0.3,2.59,0.48,0.06,0.42,1.14,1.27
0.0,1.0,0.0,0.0,0.0,FW,0.47,0.06,0.47,1.24,4.0,0.24,3.88,0.18,0.12
1.0,0.0,0.0,0.0,0.0,DF,0.0,0.0,0.15,1.52,1.36,0.0,6.82,1.06,0.76
0.0,0.0,0.0,1.0,0.0,MF,0.0,0.05,0.32,2.34,1.49,0.0,0.53,1.6,2.23
0.0,0.0,0.0,1.0,0.0,MF,0.0,0.0,0.35,1.5,2.92,0.0,2.48,0.8,1.33
0.0,0.0,0.0,1.0,0.0,MF,0.2,0.1,0.39,1.86,1.47,0.0,0.39,0.88,1.47
0.0,0.0,0.0,0.0,1.0,MFFW,0.25,0.18,0.14,0.64,1.52,0.25,2.97,0.57,0.71
0.0,0.0,0.0,0.0,1.0,MFFW,0.0,0.0,0.26,0.79,0.79,0.0,6.84,1.84,0.53
0.0,0.0,0.0,1.0,0.0,MF,0.0,0.18,0.27,0.54,1.8,0.27,6.13,0.72,0.45
0.0,0.0,0.0,1.0,0.0,MF,0.0,0.0,0.0,2.08,3.33,0.0,0.42,2.08,0.83
0.0,1.0,0.0,0.0,0.0,FW,0.26,0.09,0.09,1.45,1.62,0.68,0.26,0.17,0.51
0.0,0.0,0.0,1.0,0.0,MF,0.06,0.0,0.25,1.84,1.72,0.0,0.12,0.25,1.23
0.0,1.0,0.0,0.0,0.0,FW,0.54,0.04,0.12,1.2,1.74,0.35,0.08,0.27,0.39
0.0,0.0,0.0,1.0,0.0,MF,0.0,0.0,0.0,1.2,1.2,0.0,0.4,2.4,0.8
0.0,0.0,0.0,1.0,0.0,MF,0.0,0.0,0.0,1.25,1.56,0.0,0.62,1.25,0.94
0.0,0.0,0.0,1.0,0.0,MF,0.0,0.0,0.29,1.18,0.88,0.0,5.88,0.88,0.88
0.0,0.0,0.0,1.0,0.0,MF,0.0,0.0,0.59,3.82,3.24,0.0,1.18,0.88,0.88
0.0,0.0,0.0,1.0,0.0,MF,0.0,0.0,0.0,0.4,0.8,0.4,2.0,0.0,0.4
0.0,0.0,0.0,0.0,1.0,MFFW,0.0,0.0,0.0,0.42,1.04,0.21,7.92,0.21,0.42
1.0,0.0,0.0,0.0,0.0,DF,0.04,0.29,0.4,2.06,1.05,0.04,4.01,1.44,2.06
0.0,1.0,0.0,0.0,0.0,FW,1.03,0.52,0.26,1.21,1.55,0.17,0.34,0.52,0.52
0.0,0.0,0.0,1.0,0.0,MF,0.0,0.0,1.15,2.3,1.8,0.0,0.0,1.15,1.64
1.0,0.0,0.0,0.0,0.0,DF,0.03,0.03,0.2,0.78,0.68,0.0,0.17,1.08,0.61
0.0,0.0,0.0,0.0,1.0,MFFW,0.26,0.2,0.52,2.03,1.83,0.78,3.2,0.39,1.63
0.0,1.0,0.0,0.0,0.0,FW,0.34,0.03,0.19,1.68,1.34,1.02,0.12,0.16,0.19
0.0,0.0,0.0,1.0,0.0,MF,0.12,0.0,0.12,2.72,1.11,0.0,0.86,1.11,1.36
0.0,0.0,0.0,1.0,0.0,MF,0.19,0.11,0.11,0.82,1.5,0.11,5.02,0.26,0.37
0.0,0.0,0.0,1.0,0.0,MF,0.0,0.0,0.22,1.4,0.86,0.0,2.58,1.72,1.18
0.0,0.0,0.0,1.0,0.0,MF,0.0,0.62,0.31,1.88,0.62,0.0,1.88,0.0,0.94
0.0,0.0,0.0,0.0,1.0,MFFW,0.13,0.0,0.13,2.63,3.16,0.26,2.24,0.0,1.05
0.0,1.0,0.0,0.0,0.0,FW,0.25,0.1,0.15,1.89,1.04,0.7,0.6,0.35,1.49
0.0,0.0,1.0,0.0,0.0,GK,0.0,0.0,0.09,0.0,0.2,0.0,0.0,0.0,0.03
1.0,0.0,0.0,0.0,0.0,DF,0.0,0.0,0.3,2.0,0.6,0.1,2.8,1.2,2.0
1.0,0.0,0.0,0.0,0.0,DF,0.04,0.0,0.09,0.6,0.38,0.0,0.13,1.11,0.81
1.0,0.0,0.0,0.0,0.0,DF,0.0,0.0,0.0,0.36,0.36,0.0,0.18,2.0,1.27
1.0,0.0,0.0,0.0,0.0,DF,0.0,0.0,0.27,1.35,0.81,0.0,2.43,1.62,1.08
1.0,0.0,0.0,0.0,0.0,DF,0.0,0.0,0.22,1.89,0.94,0.17,3.44,0.94,1.44
1.0,0.0,0.0,0.0,0.0,DF,0.05,0.0,0.29,0.96,0.43,0.05,0.0,1.2,0.67
0.0,0.0,0.0,0.0,1.0,MFFW,0.31,0.31,0.0,1.03,1.44,0.31,5.36,0.1,0.31
0.0,0.0,0.0,1.0,0.0,MF,0.09,0.04,0.31,1.74,2.28,0.0,0.18,1.38,1.65
0.0,0.0,0.0,1.0,0.0,MF,0.17,0.34,0.25,2.18,2.52,0.0,5.38,0.42,0.42
0.0,0.0,0.0,0.0,1.0,MFFW,0.44,0.03,0.13,0.86,1.62,0.0,1.4,0.44,0.51
1.0,0.0,0.0,0.0,0.0,DF,0.11,0.11,0.32,1.18,0.27,0.16,3.1,0.59,1.07
1.0,0.0,0.0,0.0,0.0,DF,0.0,0.15,0.08,0.54,0.85,0.15,4.54,0.77,0.69
1.0,0.0,0.0,0.0,0.0,DF,0.4,0.19,0.19,0.81,1.0,0.03,6.42,0.59,1.03
0.0,1.0,0.0,0.0,0.0,FW,0.0,0.0,0.54,1.62,1.08,0.0,0.54,0.54,1.08
0.0,1.0,0.0,0.0,0.0,FW,0.39,0.0,0.13,1.65,2.34,0.78,0.3,0.22,0.22
0.0,1.0,0.0,0.0,0.0,FW,0.34,0.0,0.34,0.69,1.38,0.69,0.69,0.0,0.69
0.0,1.0,0.0,0.0,0.0,FW,0.14,0.0,0.56,3.89,2.92,0.83,0.42,0.14,0.83
1.0,0.0,0.0,0.0,0.0,DF,0.0,0.0,0.17,1.86,1.1,0.08,0.93,0.59,1.95
1.0,0.0,0.0,0.0,0.0,DF,0.08,0.0,0.11,0.84,1.07,0.0,3.17,1.76,1.37
0.0,0.0,0.0,1.0,0.0,MF,0.0,0.0,0.0,1.41,1.41,0.0,0.0,1.09,1.25
0.0,0.0,0.0,1.0,0.0,MF,0.0,0.0,0.31,2.96,1.12,0.1,0.41,0.92,0.92
0.0,1.0,0.0,0.0,0.0,FW,0.56,0.11,0.11,2.0,1.0,0.44,0.67,0.0,0.56
0.0,0.0,0.0,1.0,0.0,MF,0.0,0.0,0.0,1.61,1.61,0.0,0.0,2.58,1.29
0.0,0.0,0.0,1.0,0.0,MF,0.0,0.25,0.49,2.84,2.84,0.12,3.09,0.86,0.99
0.0,0.0,0.0,1.0,0.0,MF,0.0,0.0,0.45,1.25,1.02,0.0,0.11,0.34,1.14
0.0,0.0,0.0,0.0,1.0,MFFW,0.0,0.0,0.0,0.7,2.56,0.0,1.86,0.47,0.93
1.0,0.0,0.0,0.0,0.0,DF,0.13,0.0,0.17,0.92,0.66,0.17,0.04,0.7,0.96
1.0,0.0,0.0,0.0,0.0,DF,0.0,0.0,0.14,1.19,0.42,0.0,1.05,1.33,0.7
0.0,0.0,0.0,0.0,1.0,MFFW,0.0,0.26,0.0,0.77,1.28,0.0,3.08,0.26,1.54
0.0,0.0,0.0,1.0,0.0,MF,0.0,0.0,0.62,2.0,0.5,0.38,3.0,0.38,1.38
0.0,0.0,0.0,1.0,0.0,MF,0.0,0.0,0.17,0.67,1.17,0.0,6.0,0.67,0.5
0.0,0.0,0.0,0.0,1.0,MFFW,0.0,0.19,0.38,1.34,3.82,0.06,7.2,0.25,0.57
0.0,0.0,0.0,0.0,1.0,MFFW,0.52,0.0,0.52,1.86,1.75,0.21,3.4,0.41,1.65
1.0,0.0,0.0,0.0,0.0,DF,0.06,0.0,0.49,1.98,1.3,0.31,0.06,1.67,1.3
0.0,0.0,0.0,1.0,0.0,MF,0.0,0.0,0.8,3.6,1.2,0.0,0.0,0.4,2.4
0.0,0.0,0.0,0.0,1.0,MFFW,0.2,0.0,0.0,0.2,2.77,0.2,2.38,0.5,0.3
1.0,0.0,0.0,0.0,0.0,DF,0.0,0.0,0.0,0.38,0.77,0.0,0.0,0.38,1.92
0.0,0.0,0.0,1.0,0.0,MF,0.0,0.1,0.34,1.88,1.11,0.14,1.97,0.58,1.54
0.0,0.0,1.0,0.0,0.0,GK,0.0,0.04,0.04,0.04,0.26,0.0,0.0,0.0,0.0
0.0,0.0,0.0,1.0,0.0,MF,0.0,0.0,0.47,2.33,0.35,0.23,0.0,1.51,2.67
0.0,1.0,0.0,0.0,0.0,FW,0.22,0.18,0.14,1.87,2.05,0.72,2.09,0.76,0.65
1.0,0.0,0.0,0.0,0.0,DF,0.08,0.0,0.38,1.31,0.69,0.0,0.0,1.69,0.85
0.0,0.0,1.0,0.0,0.0,GK,0.0,0.0,0.0,0.0,0.0,0.0,0.0,0.0,0.0
0.0,0.0,0.0,1.0,0.0,MF,0.09,0.0,0.17,1.48,0.87,0.0,1.57,2.43,2.61
0.0,1.0,0.0,0.0,0.0,FW,0.87,0.0,0.0,1.74,2.61,0.43,0.87,0.0,0.0
0.0,0.0,0.0,1.0,0.0,MF,0.0,0.0,0.17,2.2,2.37,0.0,0.34,1.36,2.03
1.0,0.0,0.0,0.0,0.0,DF,0.0,0.0,0.43,2.17,0.0,0.0,0.43,2.61,1.74
0.0,0.0,0.0,1.0,0.0,MF,0.26,0.32,0.06,0.9,1.23,0.13,3.16,0.26,1.03
1.0,0.0,0.0,0.0,0.0,DF,0.15,0.04,0.19,1.21,1.28,0.0,2.0,0.57,1.13
1.0,0.0,0.0,0.0,0.0,DF,0.0,0.0,0.28,0.98,0.74,0.06,0.09,0.89,0.52
1.0,0.0,0.0,0.0,0.0,DF,0.0,0.0,0.19,0.63,1.14,0.19,2.09,1.2,1.08
0.0,0.0,0.0,1.0,0.0,MF,0.14,0.34,0.41,1.49,2.77,0.14,3.72,0.74,1.28
0.0,0.0,0.0,1.0,0.0,MF,0.0,0.16,0.23,2.34,0.39,0.0,0.86,1.33,1.88
0.0,0.0,1.0,0.0,0.0,GK,0.0,0.0,0.0,0.0,0.21,0.0,0.0,0.0,0.0
0.0,0.0,0.0,1.0,0.0,MF,0.0,0.0,0.2,1.02,0.2,0.2,1.43,1.02,1.63
1.0,0.0,0.0,0.0,0.0,DF,0.05,0.11,0.22,1.21,1.1,0.05,4.23,1.15,1.65
0.0,0.0,0.0,1.0,0.0,MF,0.09,0.09,0.45,1.44,1.08,0.0,5.32,0.45,1.71
0.0,0.0,0.0,0.0,1.0,MFFW,0.09,0.09,0.19,2.06,3.46,0.84,0.28,0.47,1.59
0.0,0.0,0.0,1.0,0.0,MF,0.05,0.0,0.14,1.17,1.85,0.05,0.5,0.54,0.45
0.0,0.0,0.0,0.0,1.0,MFFW,0.44,0.0,0.29,0.74,1.32,1.32,0.59,0.44,1.18
0.0,0.0,1.0,0.0,0.0,GK,0.0,0.0,0.0,0.11,0.11,0.0,0.0,0.0,0.0
0.0,1.0,0.0,0.0,0.0,FW,0.16,0.16,0.62,2.66,1.09,0.0,0.16,0.16,0.62
0.0,0.0,0.0,1.0,0.0,MF,0.09,0.05,0.14,1.09,0.5,0.0,0.45,1.45,1.14
0.0,0.0,0.0,1.0,0.0,MF,0.0,0.0,0.3,1.52,1.21,0.0,0.0,1.21,0.3
1.0,0.0,0.0,0.0,0.0,DF,0.08,0.0,0.04,0.46,0.38,0.0,0.17,0.83,0.21
0.0,0.0,0.0,1.0,0.0,MF,0.0,0.0,0.62,3.12,0.94,0.0,0.0,0.94,2.5
0.0,1.0,0.0,0.0,0.0,FW,0.3,0.2,0.2,1.8,2.8,0.3,1.1,0.0,1.0
0.0,0.0,1.0,0.0,0.0,GK,0.06,0.0,0.06,0.03,0.31,0.0,0.0,0.0,0.0
0.0,1.0,0.0,0.0,0.0,FW,0.14,0.22,0.22,2.09,2.73,0.36,0.14,0.14,0.65
1.0,0.0,0.0,0.0,0.0,DF,0.0,0.0,0.67,1.33,0.33,0.0,0.0,3.33,0.33
0.0,0.0,0.0,0.0,1.0,MFFW,0.18,0.23,0.18,0.64,0.76,0.23,6.73,1.4,1.23
0.0,0.0,0.0,0.0,1.0,MFFW,0.07,0.07,0.22,1.34,2.09,0.07,2.46,0.52,1.19
0.0,0.0,0.0,1.0,0.0,MF,0.0,0.0,0.39,2.35,0.69,0.0,0.69,1.08,1.27
1.0,0.0,0.0,0.0,0.0,DF,0.0,0.09,0.34,1.79,0.77,0.09,4.79,0.43,1.28
1.0,0.0,0.0,0.0,0.0,DF,0.0,0.0,0.0,2.27,1.36,0.0,2.73,1.82,1.36
1.0,0.0,0.0,0.0,0.0,DF,0.16,0.0,0.08,1.71,0.33,0.0,0.24,1.46,1.46
0.0,0.0,0.0,1.0,0.0,MF,0.0,0.0,0.0,0.6,0.6,0.0,1.4,0.4,0.4
0.0,0.0,0.0,1.0,0.0,MF,0.0,0.0,0.0,1.33,1.67,0.0,3.67,0.67,0.33
0.0,0.0,0.0,1.0,0.0,MF,0.0,0.26,0.17,1.39,3.39,0.35,1.65,0.52,1.39
0.0,0.0,0.0,1.0,0.0,MF,0.0,0.16,0.32,1.27,1.27,0.0,5.08,0.0,0.32
0.0,0.0,0.0,1.0,0.0,MF,0.08,0.0,0.17,1.98,0.5,0.0,0.58,1.16,1.24
1.0,0.0,0.0,0.0,0.0,DF,0.03,0.06,0.1,0.92,0.57,0.13,3.81,0.79,1.24
0.0,1.0,0.0,0.0,0.0,FW,0.0,0.57,0.0,1.13,2.08,0.19,5.28,0.38,1.51
0.0,0.0,0.0,0.0,1.0,MFFW,0.27,0.05,0.21,2.25,1.87,0.27,1.76,0.86,1.07
1.0,0.0,0.0,0.0,0.0,DF,0.16,0.0,0.16,0.99,0.16,0.05,0.0,1.59,1.04
0.0,1.0,0.0,0.0,0.0,FW,0.68,0.13,0.17,1.49,3.87,0.72,0.68,0.21,0.68
1.0,0.0,0.0,0.0,0.0,DF,0.0,0.07,0.17,0.73,0.03,0.0,0.07,0.7,0.66
1.0,0.0,0.0,0.0,0.0,DF,0.0,0.08,0.11,0.8,0.23,0.04,0.0,1.41,0.61
0.0,0.0,0.0,1.0,0.0,MF,0.0,0.0,0.93,2.33,0.7,0.0,0.7,1.4,0.93
0.0,1.0,0.0,0.0,0.0,FW,0.2,0.41,1.02,2.04,4.49,1.02,1.84,0.61,0.82
0.0,0.0,1.0,0.0,0.0,GK,0.0,0.0,0.16,0.0,0.16,0.0,0.0,0.0,0.0
1.0,0.0,0.0,0.0,0.0,DF,0.0,0.0,0.42,1.26,0.68,0.0,0.1,1.2,0.58
0.0,0.0,0.0,1.0,0.0,MF,0.0,0.1,0.1,1.26,0.75,0.3,3.27,0.3,0.4
0.0,1.0,0.0,0.0,0.0,FW,0.42,0.0,0.0,1.25,1.25,0.0,3.75,0.42,0.42
0.0,0.0,0.0,1.0,0.0,MF,0.0,0.11,0.0,1.4,1.72,0.11,3.55,1.08,1.4
1.0,0.0,0.0,0.0,0.0,DF,0.09,0.18,0.37,1.47,2.02,0.09,4.5,0.83,1.83
0.0,0.0,0.0,0.0,1.0,MFFW,0.0,0.22,0.15,1.46,2.55,0.44,2.41,0.44,1.46
1.0,0.0,0.0,0.0,0.0,DF,0.0,0.0,0.0,2.5,0.83,0.0,2.5,0.42,0.83
1.0,0.0,0.0,0.0,0.0,DF,0.06,0.0,0.32,1.65,0.32,0.19,0.0,0.76,0.38
1.0,0.0,0.0,0.0,0.0,DF,0.0,0.24,0.16,1.58,0.71,0.16,6.52,1.7,1.94
0.0,0.0,0.0,1.0,0.0,MF,0.29,0.59,0.0,0.59,2.35,0.0,5.59,0.29,0.29
0.0,0.0,0.0,1.0,0.0,MF,0.06,0.0,0.51,2.23,0.89,0.0,0.13,1.34,0.76
0.0,0.0,0.0,1.0,0.0,MF,0.0,0.0,0.0,1.26,1.26,0.11,0.0,1.72,0.8
0.0,1.0,0.0,0.0,0.0,FW,0.47,0.26,0.13,0.51,0.89,0.13,0.38,0.21,0.38
1.0,0.0,0.0,0.0,0.0,DF,0.0,0.03,0.2,0.7,0.53,0.03,0.2,0.81,0.81
0.0,0.0,1.0,0.0,0.0,GK,0.0,0.0,0.08,0.0,0.38,0.0,0.0,0.0,0.04
0.0,0.0,0.0,1.0,0.0,MF,0.0,0.14,0.43,2.14,3.57,0.0,0.71,1.0,1.0
0.0,0.0,0.0,0.0,1.0,MFFW,0.13,0.06,0.13,1.04,1.36,0.26,3.96,0.26,0.45
0.0,0.0,0.0,1.0,0.0,MF,0.22,0.22,0.11,0.44,2.53,0.11,8.35,0.33,0.66
0.0,0.0,0.0,1.0,0.0,MF,0.0,0.0,0.0,0.95,1.9,0.0,5.71,0.48,0.48
0.0,0.0,1.0,0.0,0.0,GK,0.0,0.0,0.0,0.0,0.0,0.0,0.0,0.0,0.0
0.0,1.0,0.0,0.0,0.0,FW,0.45,0.09,0.13,1.03,1.97,0.54,0.22,0.13,0.4
1.0,0.0,0.0,0.0,0.0,DF,0.05,0.0,0.4,1.15,0.8,0.1,0.25,1.05,1.2
0.0,0.0,0.0,1.0,0.0,MF,0.0,0.0,0.23,1.64,1.36,0.11,0.34,1.58,1.58
1.0,0.0,0.0,0.0,0.0,DF,0.04,0.04,0.22,0.85,0.74,0.07,0.15,0.67,0.59
0.0,0.0,0.0,1.0,0.0,MF,0.05,0.0,0.29,1.99,2.52,0.05,0.24,0.63,2.18
0.0,0.0,0.0,0.0,1.0,MFFW,0.36,0.04,0.08,1.12,0.84,0.24,5.02,0.88,1.0
0.0,0.0,0.0,1.0,0.0,MF,0.29,0.29,0.29,0.96,1.15,0.0,1.25,1.25,1.54
0.0,1.0,0.0,0.0,0.0,FW,0.0,0.08,0.34,1.01,2.02,0.5,2.18,0.59,1.09
0.0,0.0,1.0,0.0,0.0,GK,0.0,0.0,0.22,0.0,0.17,0.0,0.0,0.06,0.0
0.0,0.0,0.0,0.0,1.0,MFFW,0.24,0.0,0.24,0.65,2.76,0.49,2.44,0.08,0.33
0.0,0.0,0.0,1.0,0.0,MF,0.0,0.18,0.54,1.61,3.21,0.0,5.18,0.89,1.43
