Player,Nation,Pos,Squad,Born,MP,Starts,Min,Gls,Ast,PK,PKatt,CrdY,CrdR,2CrdY,Fls,Fld,Off,Crs,Int,TklW,OG,90s
Abner,br BRA,DF,Juventude,2004,19,13,1318,0,1,0,0,3,0,0,16,5,1,0,18,11,0,14.6
Adam Bareiro,py PAR,FW,Fortaleza,1996,21,10,886,7,2,1,2,7,1,0,32,23,2,2,0,10,0,9.8
Ademir Santos,br BRA,FWMF,Bahia,1995,30,26,1971,2,6,0,0,7,0,0,27,52,6,110,5,23,0,21.9
Aderlan Silva,br BRA,DFMF,Sport Recife,1990,14,10,920,0,0,0,0,5,0,0,16,11,1,28,14,7,0,10.2
Adonis Frías,ar ARG,DF,Santos,1998,13,12,1112,0,0,0,0,2,0,0,18,6,0,2,17,10,0,12.4
Adriano Martins,br BRA,DF,Juventude,1997,5,5,360,0,0,0,0,1,0,0,3,1,1,0,6,3,0,4.0
Adson,br BRA,MF,Vasco da Gama,2000,10,0,210,0,0,0,0,0,0,0,2,3,0,7,0,3,0,2.3
Agustín Canobbio,uy URU,MF,Fluminense,1998,30,27,2108,4,2,1,1,6,0,0,44,53,6,72,13,31,0,23.4
Agustín Giay,ar ARG,DFMF,Palmeiras,2004,29,21,1978,0,0,0,0,1,1,0,37,35,1,40,14,43,0,22.0
Agustín Rogel,uy URU,DF,Internacional,1997,5,5,450,0,0,0,0,0,0,0,6,1,0,0,0,6,0,5.0
Agustín Rossi,ar ARG,GK,Flamengo,1995,37,37,3330,0,0,0,0,3,0,0,0,10,0,0,0,0,0,37.0
Agustín Sant'Anna,uy URU,DF,RB Bragantino,1997,11,6,523,0,0,0,0,3,0,0,11,2,2,29,12,8,0,5.8
Aitor Cantalapiedra,es ESP,MFFW,Vitória,1996,19,18,1275,3,3,0,0,2,0,0,5,16,3,87,4,8,0,14.2
Alan Benítez,py PAR,DFMF,Internacional,1994,11,5,550,0,0,0,0,0,0,0,5,0,0,13,3,6,0,6.1
Alan Franco,ar ARG,DF,São Paulo,1996,29,28,2282,0,0,0,0,7,0,0,33,12,2,1,25,24,0,25.4
Alan Franco,ec ECU,MF,Atlético Mineiro,1998,30,30,2628,1,0,0,0,4,0,0,43,19,0,3,29,33,0,29.2
Alan Patrick,br BRA,MFFW,Internacional,1991,30,30,2506,11,7,6,7,6,0,0,26,44,6,138,4,19,0,27.8
Alan Rodríguez,uy URU,MF,Internacional,2000,15,11,943,0,1,0,0,2,0,0,12,12,1,11,10,21,0,10.5
Alan Ruschel,br BRA,DF,Juventude,1989,21,14,1230,0,0,0,0,6,0,0,18,28,3,37,14,11,0,13.7
Alesson,br BRA,FWMF,Mirassol,1999,26,16,1456,6,5,0,0,1,0,0,31,22,13,45,7,13,0,16.2
Alex Muralha,br BRA,GK,Mirassol,1989,7,7,630,0,0,0,0,2,0,0,0,1,0,0,0,0,0,7.0
Alex Sandro,br BRA,DF,Flamengo,1991,20,19,1544,0,0,0,0,4,0,0,45,16,1,29,19,7,0,17.2
Alex Santana,br BRA,MF,Corinthians / Grêmio,1995,11,5,495,0,0,0,0,5,0,0,12,11,1,1,5,4,0,5.5
Alex Telles,br BRA,DF,Botafogo–RJ,1992,27,22,1690,5,4,4,4,3,0,0,21,10,1,128,19,14,0,18.8
Alexander Aravena,cl CHI,MF,Grêmio,2002,22,3,581,3,0,0,0,1,0,0,6,11,1,10,0,4,0,6.5
Alexander Barboza,ar ARG,DF,Botafogo–RJ,1995,24,24,2147,0,0,0,0,14,0,0,50,3,2,3,23,39,0,23.9
Alexandro Bernabei,ar ARG,DFMF,Internacional,2000,30,29,2579,0,4,0,0,10,1,1,62,34,3,123,34,46,0,28.7
Alexis Duarte,py PAR,DF,Santos,2000,5,5,405,0,0,0,0,1,0,0,7,4,0,3,3,4,0,4.5
Alexsander,br BRA,MF,Atlético Mineiro,2003,14,8,828,1,0,0,0,3,0,0,19,18,0,5,12,22,0,9.2
Alisson,br BRA,MF,São Paulo,1993,31,21,1960,0,1,0,0,6,0,0,20,32,2,30,14,20,0,21.8
Alix Vinicius,br BRA,DF,RB Bragantino,1999,11,9,862,0,0,0,0,4,0,0,16,7,0,2,10,5,0,9.6
Allan,br BRA,MF,Botafogo–RJ,1991,21,11,965,0,0,0,0,8,0,0,28,11,0,8,7,20,0,10.7
Allan,br BRA,MF,Flamengo,1997,13,9,683,0,0,0,0,2,0,0,18,7,0,0,6,4,0,7.6
Allan,br BRA,MF,Palmeiras,2004,28,8,921,2,3,0,0,0,1,0,14,12,1,15,9,20,0,10.2
Allanzinho,br BRA,MF,Fortaleza,2000,9,2,287,0,2,0,0,1,0,0,6,11,1,15,2,2,0,3.2
Alysson,br BRA,MFFW,Grêmio,2006,31,21,1718,1,2,0,0,6,0,0,25,64,3,33,17,24,0,19.1
Andre Martins,br BRA,FW,Grêmio,2001,25,6,793,5,2,0,0,3,0,0,13,15,2,1,3,10,0,8.8
Andreas Pereira,br BRA,MF,Palmeiras,1996,15,11,1005,2,0,0,0,4,1,0,17,14,0,87,6,7,0,11.2
André,br BRA,MF,Corinthians,2006,9,1,315,2,0,0,0,0,0,0,8,9,0,0,2,7,0,3.5
André Carrillo,pe PER,MF,Corinthians,1991,22,16,1279,1,0,0,0,3,0,0,31,14,2,30,13,12,0,14.2
André Filipinho,br BRA,DF,Juventude,1997,5,3,303,0,0,0,0,1,0,0,11,1,2,9,7,1,0,3.4
André Ramalho,br BRA,DF,Corinthians,1992,21,20,1780,0,0,0,0,4,0,0,19,10,0,4,20,17,0,19.8
André Silva,br BRA,FW,São Paulo,1997,20,15,1357,5,2,1,1,5,0,0,22,22,7,11,10,5,0,15.1
Andrés Gómez,co COL,MF,Vasco da Gama,2002,16,10,1028,1,5,0,0,1,0,0,17,19,2,31,7,10,0,11.4
Anthoni,br BRA,GK,Internacional,2002,18,16,1530,0,0,0,0,0,0,0,0,2,0,0,0,0,1,17.0
Antonio Carlos,br BRA,DF,Sport Recife,1993,3,3,270,0,0,0,0,0,0,0,3,1,0,0,1,2,0,3.0
Antonio Galeano,py PAR,MF,Ceará,2000,38,38,3125,7,3,0,0,2,0,0,25,71,19,72,10,19,0,34.7
Aníbal Moreno,ar ARG,MF,Palmeiras,1999,28,19,1805,0,1,0,0,9,0,0,22,10,0,13,28,31,0,20.1
Arthur,br BRA,FW,Sport Recife,2003,6,1,200,0,0,0,0,0,0,0,3,7,0,0,1,0,0,2.2
Arthur Cabral,br BRA,FW,Botafogo–RJ,1998,21,16,1439,4,2,0,0,1,0,0,33,28,5,1,2,7,0,16.0
Arthur Melo,br BRA,MF,Grêmio,1996,13,13,1082,0,0,0,0,3,1,0,17,41,1,6,6,18,0,12.0
Artur,br BRA,MF,Botafogo–RJ,1998,28,22,1917,5,4,0,0,3,0,0,19,30,3,58,12,13,0,21.3
Aylon,br BRA,MFFW,Ceará,1992,23,8,792,2,0,0,0,3,0,0,24,22,2,8,1,11,0,8.8
Ayrton Lucas,br BRA,DF,Flamengo,1997,18,13,1231,2,0,0,0,5,0,0,23,20,0,38,9,28,0,13.7
Benjamín Garré,ar ARG,MF,Vasco da Gama,2000,10,3,293,0,0,0,0,1,0,0,7,3,0,16,3,3,0,3.3
Benjamín Kuscevic,cl CHI,DF,Fortaleza,1996,20,19,1707,1,0,0,0,3,1,0,23,4,0,2,16,24,0,19.0
Benjamín Rollheiser,ar ARG,MFFW,Santos,2000,36,27,2212,2,3,1,1,7,0,0,34,36,3,93,4,16,0,24.6
Bernard,br BRA,MFFW,Atlético Mineiro,1992,30,12,1210,1,1,0,0,4,0,0,25,13,2,53,7,15,0,13.4
Biel,br BRA,MFFW,Atlético Mineiro,2001,17,6,595,1,2,0,0,1,0,0,5,16,0,10,4,3,0,6.6
Braian Aguirre,ar ARG,DFMF,Internacional,2000,30,28,2389,1,0,0,0,4,0,0,44,6,3,80,31,44,0,26.5
Brenno,br BRA,GK,Fortaleza,1999,15,15,1350,0,0,0,0,2,1,0,0,4,0,0,0,0,0,15.0
Breno,br BRA,MF,Corinthians,2005,33,31,2522,1,1,0,0,10,1,1,66,83,1,23,19,28,0,28.0
Breno,br BRA,MFFW,Fortaleza,1996,32,29,2280,6,3,0,0,5,0,0,13,53,20,107,6,9,0,25.3
Bruno Ferreira,br BRA,GK,Ceará,1994,31,31,2763,0,0,0,0,2,0,0,1,8,0,0,0,1,0,30.7
Bruno Fuchs,br BRA,DF,Palmeiras,1999,27,18,1723,2,1,0,0,5,0,0,26,17,0,17,28,28,0,19.1
Bruno Gomes,br BRA,MFDF,Internacional,2001,14,11,981,0,2,0,0,2,0,0,18,14,0,19,7,13,0,10.9
Bruno Henrique,br BRA,FWMF,Flamengo,1990,32,20,1811,8,0,1,1,7,0,0,43,38,15,15,4,14,0,20.1
Bruno Henrique,br BRA,MF,Internacional,1989,29,19,1397,2,0,0,0,3,1,1,38,15,0,21,12,25,0,15.5
Bruno Nascimento,br BRA,FW,Palmeiras,1997,10,4,341,2,0,0,0,0,0,0,4,9,3,1,0,0,0,3.8
Bruno Pacheco,br BRA,DF,Fortaleza,1991,15,15,1261,1,1,0,0,5,0,0,16,27,1,16,12,20,1,14.0
Bruno Praxedes,br BRA,MF,RB Bragantino,2002,15,3,400,0,0,0,0,3,0,0,10,14,0,15,3,4,0,4.4
Bruno Tabata,br BRA,MFFW,Internacional,1997,24,12,1073,3,0,1,1,4,1,0,21,21,2,72,8,14,0,11.9
Cacá,br BRA,DF,Corinthians,1999,18,16,1408,2,0,0,0,4,0,0,20,17,0,1,9,21,0,15.6
Caio Alexandre,br BRA,MF,Bahia,1999,21,17,1303,0,1,0,0,4,0,0,32,30,0,14,12,18,0,14.5
Caio Paulista,br BRA,MFDF,Atlético Mineiro,1998,20,10,885,0,0,0,0,2,0,0,13,7,1,23,10,9,0,9.8
Calebe,br BRA,MF,Fortaleza,2000,7,2,229,1,0,0,0,2,0,0,2,5,1,8,2,2,0,2.5
Camilo,br BRA,MFDF,Grêmio,1999,16,6,735,0,0,0,0,2,0,0,20,1,0,2,14,12,0,8.2
Camutanga,br BRA,DF,Vitória,1993,15,15,1238,0,0,0,0,7,0,0,19,9,1,0,16,10,0,13.8
Carlos Alberto,br BRA,MFFW,Sport Recife,2002,9,4,330,0,0,0,0,1,0,0,7,0,1,4,9,4,0,3.7
Carlos Cuesta,co COL,DF,Vasco da Gama,1999,13,12,1092,1,0,0,0,3,0,0,17,3,1,7,10,11,0,12.1
Carlos Eduardo,br BRA,FWMF,Mirassol / Vitória,1996,26,5,775,2,5,1,1,2,0,0,18,25,5,30,6,8,0,8.6
Carlos Eduardo,br BRA,MF,Cruzeiro,1989,29,9,906,1,0,0,0,1,1,0,21,15,1,7,6,8,0,10.1
Carlos Miguel,br BRA,GK,Palmeiras,1998,9,9,810,0,0,0,0,1,0,0,0,5,0,0,0,0,0,9.0
Carlos Vinícius,br BRA,FW,Grêmio,1995,14,12,942,12,1,3,3,3,1,0,21,26,9,4,0,3,0,10.5
Cauan Barros,br BRA,MF,Vasco da Gama,2004,17,16,1340,1,0,0,0,5,0,0,32,28,0,7,24,22,0,14.9
Cauly Oliveira Souza,br BRA,FWMF,Bahia,1995,29,7,910,1,3,0,0,2,0,0,12,9,0,23,6,4,0,10.1
Caíque França,br BRA,GK,Sport Recife,1995,15,15,1350,0,0,0,0,2,0,0,0,1,0,0,0,1,0,15.0
Caíque Gonçalves,br BRA,MF,Juventude,1995,28,26,2049,0,1,0,0,10,0,0,54,36,0,2,23,44,0,22.8
Charles Rigon Matos,br BRA,MFDF,Corinthians,1996,17,6,571,1,0,0,0,3,1,0,22,3,3,5,8,18,0,6.3
Chico,br BRA,DF,Sport Recife,1998,13,12,1060,0,0,0,0,1,0,0,9,5,0,1,11,12,0,11.8
Chico,br BRA,MF,Mirassol,1991,13,2,349,1,1,0,0,1,0,0,8,15,0,7,5,8,0,3.9
Chris Ramos,es ESP,FW,Botafogo–RJ,1997,13,8,718,4,0,0,0,1,1,0,18,17,3,1,4,6,0,8.0
Christian,br BRA,MF,Cruzeiro,2000,30,29,2357,5,2,0,0,9,0,0,44,48,8,30,21,23,0,26.2
Christian Rivera,co COL,MF,Sport Recife,1996,33,32,2729,0,0,0,0,9,0,0,75,31,3,2,31,51,0,30.3
Chrystian Barletta,br BRA,MF,Sport Recife,2001,34,17,1499,2,0,0,0,2,0,0,14,35,5,54,11,7,0,16.7
Cipriano,br BRA,DF,Juventude,2002,3,3,189,0,0,0,0,1,1,0,3,0,0,0,3,1,0,2.1
Claudinho,br BRA,DFMF,Vitória,2000,15,9,901,0,0,0,0,5,0,0,10,8,0,47,10,10,0,10.0
Clayson,br BRA,MF,Mirassol,1995,6,3,256,0,1,0,0,2,0,0,3,8,2,22,0,1,0,2.8
Clayton,br BRA,DF,Internacional,2000,11,8,762,0,0,0,0,2,0,0,14,1,0,2,11,6,0,8.5
Cleiton Schwengber,br BRA,GK,RB Bragantino,1997,34,34,3060,0,0,0,0,6,0,0,0,9,0,0,1,0,0,34.0
Cristian Olivera,uy URU,MFFW,Grêmio,2002,22,15,1285,2,0,0,0,3,0,0,25,33,3,33,3,24,0,14.3
Cristian Pavón,ar ARG,MF,Grêmio,1996,28,14,1373,0,7,0,0,6,0,0,12,17,3,93,18,18,0,15.3
Cristian Renato,br BRA,FW,Mirassol,2000,32,11,1351,5,3,0,0,2,0,0,23,14,1,1,2,6,0,15.0
Cuiabano,br BRA,DFMF,Botafogo–RJ,2003,30,15,1534,5,2,0,0,4,0,0,32,19,1,59,19,25,0,17.0
Cássio,br BRA,GK,Cruzeiro,1987,35,35,3086,0,0,0,0,6,0,0,0,9,0,0,0,0,0,34.3
Cédric Soares,pt POR,MFDF,São Paulo,1991,25,22,1889,0,3,0,0,2,0,0,16,9,0,107,12,21,0,21.0
Damián Bobadilla,py PAR,MF,São Paulo,2001,31,22,2100,4,2,0,0,6,0,0,36,12,1,13,20,31,0,23.3
Daniel Borges,br BRA,DF,Mirassol,1993,16,9,904,2,2,0,0,3,0,0,17,10,0,44,10,7,0,10.0
Daniel Fuzato,br BRA,GK,Vasco da Gama,1997,3,2,182,0,0,0,0,0,0,0,0,0,0,0,0,0,0,2.0
Daniel Giraldo,co COL,MF,Juventude,1992,15,7,681,0,0,0,0,4,0,0,18,3,1,1,2,8,0,7.6
Danielzinho,br BRA,MF,Mirassol,1994,37,37,3265,0,2,0,0,4,0,0,34,74,3,85,23,41,0,36.3
Danilo,br BRA,DF,Flamengo,1991,20,14,1410,1,1,0,0,2,1,0,15,6,0,14,13,8,0,15.7
Danilo Santos,br BRA,MF,Botafogo–RJ,2001,13,10,827,1,3,0,0,2,0,0,6,5,2,3,9,9,0,9.2
Davi Gomes,br BRA,FW,RB Bragantino,2005,7,0,221,1,0,0,0,0,0,0,3,4,0,6,0,1,0,2.5
David,br BRA,MFFW,Vasco da Gama,1995,24,5,750,2,3,0,0,3,1,0,13,5,2,6,5,6,0,8.3
David Duarte,br BRA,DF,Bahia,1995,25,24,2207,1,1,0,0,4,0,0,20,8,2,0,16,13,0,24.5
David Loiola,br BRA,DF,Botafogo–RJ,2002,22,20,1830,1,1,0,0,3,2,0,24,17,1,3,21,12,0,20.3
David Luiz,br BRA,DF,Fortaleza,1987,7,4,399,0,0,0,0,2,0,0,7,2,0,0,6,4,0,4.4
Deivid Washington,br BRA,FW,Santos,2005,17,5,557,1,0,0,0,0,0,0,7,14,2,2,3,2,0,6.2
Derik Lacerda,br BRA,FW,Sport Recife,1999,17,17,1446,6,0,1,1,8,0,0,26,25,9,3,8,6,0,16.1
Deyverson,br BRA,FW,Fortaleza,1991,27,12,1174,7,0,1,1,4,0,0,20,25,7,7,5,6,0,13.0
Diego Pituca,br BRA,MF,Santos,1992,10,4,392,1,0,0,0,2,0,0,6,7,0,6,3,4,0,4.4
Diego Rosa,br BRA,MF,Internacional,2002,7,1,199,0,0,0,0,0,0,0,4,2,0,12,3,2,0,2.2
Dieguinho,br BRA,MFFW,Corinthians,2007,13,4,451,0,1,0,0,0,0,0,2,10,0,23,2,4,0,5.0
Dieguinho Diego,br BRA,MF,Ceará,1995,32,31,2653,0,2,0,0,5,0,0,26,66,0,10,34,30,0,29.5
Dimitri Payet,fr FRA,MF,Vasco da Gama,1987,4,2,191,0,2,0,0,0,0,0,2,7,0,13,2,3,0,2.1
Diogo Barbosa,br BRA,DF,Fortaleza,1992,19,13,1239,1,0,0,0,2,0,0,7,14,0,22,10,18,0,13.8
Diogo Hereda,br BRA,DFMF,Sport Recife,1998,11,10,848,0,1,0,0,1,0,0,13,18,2,34,5,18,0,9.4
Dodi,br BRA,MF,Grêmio,1996,32,26,2343,0,1,0,0,9,1,0,43,37,0,3,30,29,0,26.0
Du Queiroz,br BRA,MF,Sport Recife,2000,11,8,615,0,0,0,0,0,0,0,12,0,0,7,4,6,0,6.8
Dudu,br BRA,MF,Atlético Mineiro,1992,18,14,1048,3,2,0,0,1,0,0,5,20,7,27,3,4,0,11.6
Dudu,br BRA,MF,Vitória,1999,12,2,319,0,0,0,0,7,2,2,12,6,0,0,3,9,0,3.5
Dudu,br BRA,MFFW,Cruzeiro,1992,5,2,215,1,0,0,0,0,0,0,4,7,0,2,1,1,0,2.4
Edenílson,br BRA,MF,Grêmio,1989,31,25,1802,3,2,0,0,6,0,0,18,33,2,36,16,13,0,20.0
Eder,br BRA,DF,Ceará,1995,3,3,270,0,0,0,0,0,0,0,3,1,0,0,0,0,0,3.0
Edson Carioca,br BRA,FWMF,Mirassol,1997,21,16,1168,4,2,0,0,1,0,0,29,14,2,15,7,17,0,13.0
Edu,br BRA,DF,Vitória,2000,20,12,1074,0,0,0,0,2,0,0,11,7,0,1,14,19,0,11.9
Eduardo Santos,br BRA,DF,RB Bragantino,1997,8,2,319,0,0,0,0,0,0,0,2,2,0,0,8,5,0,3.5
Eduardo Sasha,br BRA,FWMF,RB Bragantino,1992,33,30,2246,8,3,3,3,8,1,0,12,39,4,9,6,7,0,25.0
Emanuel Brítez,ar ARG,DF,Fortaleza,1992,18,18,1597,0,1,0,0,10,0,0,19,18,2,14,21,17,0,17.7
Emerson,br BRA,DF,Flamengo,1999,15,14,1247,1,1,0,0,1,0,0,18,25,0,47,21,21,0,13.9
Emiliano Martínez,uy URU,MFDF,Palmeiras,1999,25,17,1516,1,0,0,0,3,0,0,23,12,0,2,16,22,0,16.8
Emiliano Rigoni,ar ARG,FW,São Paulo,1993,10,2,294,1,0,0,0,1,1,0,8,3,7,15,2,1,0,3.3
Emmanuel Martínez,ar ARG,MF,Fortaleza,1994,14,8,741,1,1,0,0,6,0,0,18,13,1,17,6,10,0,8.2
Enmerson Batalla,co COL,MFFW,Juventude,2001,22,17,1318,4,2,0,0,3,0,0,17,31,1,47,2,17,0,14.6
Enner Valencia,ec ECU,FW,Internacional,1989,14,7,628,1,0,0,0,3,0,0,17,14,3,3,1,5,0,7.0
Enzo Díaz,ar ARG,MFDF,São Paulo,1995,27,20,1877,0,5,0,0,10,0,0,51,36,1,111,20,50,0,20.9
Eric Ramires,br BRA,MF,RB Bragantino,2000,31,24,1786,2,1,0,0,3,0,0,34,34,1,11,13,24,0,19.8
Erick,br BRA,MFDF,Bahia,1997,16,6,683,1,0,0,0,3,0,0,16,5,3,6,8,8,0,7.6
Erick,br BRA,MFFW,Vitória,1997,31,25,2054,3,5,0,0,8,0,0,26,75,2,73,15,17,0,22.8
Erick Noriega,pe PER,DFMF,Grêmio,2001,14,14,1184,0,0,0,0,3,0,0,16,10,0,3,12,7,0,13.2
Erick Pulga,br BRA,FWMF,Bahia,2000,24,20,1687,3,3,0,0,3,0,0,23,47,6,45,17,22,0,18.7
Erick Pulgar,cl CHI,MF,Flamengo,1994,17,15,1240,1,0,0,0,6,0,0,24,12,0,11,23,14,0,13.8
Eros Mancuso,ar ARG,DF,Fortaleza,1999,30,27,2377,1,3,0,0,6,0,0,32,29,2,63,23,35,0,26.4
Estêvão Willian,br BRA,MFFW,Palmeiras,2007,11,9,831,0,3,0,0,3,0,0,13,22,7,63,2,1,0,9.2
Everaldo Stum,br BRA,FW,Fluminense,1991,28,15,1352,2,0,0,1,2,0,0,31,26,3,7,0,4,0,15.0
Everton Ribeiro,br BRA,MF,Bahia,1989,31,25,1925,2,4,1,1,5,1,1,21,49,0,74,13,21,0,21.4
Everton Soares,br BRA,MF,Flamengo,1996,23,9,874,1,3,0,0,0,0,0,13,6,3,24,4,9,0,9.7
Evertton,br BRA,MF,Flamengo,2003,18,10,981,1,0,0,0,2,1,0,17,12,0,2,5,12,0,10.9
Ewerthon,br BRA,DF,Juventude,2000,18,12,1155,1,0,0,0,2,0,0,8,12,3,37,20,17,0,12.8
Fabiano Souza,br BRA,DF,Ceará,2000,34,34,2907,0,1,0,0,8,0,0,45,42,0,63,28,32,0,32.3
Fabinho,br BRA,MF,RB Bragantino,2002,28,11,1275,0,1,0,0,3,0,0,31,15,0,7,17,19,0,14.2
Fabián Balbuena,py PAR,DF,Grêmio,1991,3,3,225,1,0,0,0,0,0,0,0,3,0,1,4,1,0,2.5
Fabrizio Angileri,ar ARG,DF,Corinthians,1994,28,17,1638,0,0,0,0,4,0,0,18,5,1,60,12,22,0,18.2
Fabrício,br BRA,MF,Vitória,2000,17,1,393,0,2,0,0,0,0,0,19,9,0,27,4,8,0,4.4
Fabrício,br BRA,MFFW,Mirassol,1997,8,4,301,0,0,0,0,0,0,0,4,5,0,3,0,0,0,3.3
Fabrício Bruno,br BRA,DF,Cruzeiro,1996,33,33,2950,3,0,0,0,9,1,1,25,19,0,8,24,36,0,32.8
Facundo Bernal,uy URU,MF,Fluminense,2003,22,11,1037,0,0,0,0,8,0,0,17,13,0,1,10,19,1,11.5
Facundo Torres,uy URU,MFFW,Palmeiras,2000,29,20,1665,6,3,0,0,3,0,0,16,39,1,49,6,12,0,18.5
Fagner,br BRA,DF,Cruzeiro,1989,10,9,830,0,0,0,0,1,0,0,12,8,1,51,11,11,0,9.2
Fausto Vera,ar ARG,MF,Atlético Mineiro,2000,18,15,1127,1,0,0,0,3,0,0,23,5,0,3,12,18,0,12.5
Felipe Anderson,br BRA,MF,Palmeiras,1993,31,24,1773,4,2,0,0,0,0,0,13,18,2,34,20,35,0,19.7
Felipe Jonatan,br BRA,DF,Mirassol,1998,7,4,440,0,1,0,0,0,0,0,7,2,0,29,3,2,0,4.9
Felipe Longo,br BRA,GK,Corinthians,2005,6,6,540,0,0,0,0,0,0,0,0,1,0,0,0,0,0,6.0
Felipe Negrucci,br BRA,DF,São Paulo,2004,5,2,226,0,0,0,0,0,0,0,3,2,0,0,1,2,0,2.5
Fernandinho,br BRA,MF,Ceará,1997,22,10,995,0,1,0,0,3,0,0,18,20,7,25,15,14,0,11.1
Fernando,br BRA,FW,RB Bragantino,1999,14,0,316,0,0,0,0,0,0,0,5,4,0,2,0,1,0,3.5
Fernando,br BRA,MFDF,Internacional,1987,6,6,412,0,0,0,0,0,0,0,1,3,0,1,6,5,0,4.6
Fernando Marçal,br BRA,DF,Botafogo–RJ,1989,15,11,1009,5,0,0,0,5,0,0,20,10,0,7,12,12,0,11.2
Fernando Miguel,br BRA,GK,Ceará,1985,8,7,657,0,0,0,0,0,0,0,0,6,0,0,0,0,0,7.3
Fernando Sobral,br BRA,MF,Ceará,1994,30,17,1504,1,0,0,0,8,0,0,38,17,2,32,15,34,0,16.7
Ferreira,br BRA,MFFW,São Paulo,1997,28,20,1580,5,4,0,1,4,0,0,16,48,2,46,7,16,0,17.6
Flaco López,ar ARG,FWMF,Palmeiras,2000,33,22,1999,12,2,2,2,5,0,0,53,55,7,16,6,20,0,22.2
Francis Amuzu,be BEL,MF,Grêmio,1999,22,13,1145,4,2,0,0,4,0,0,10,23,3,39,0,8,0,12.7
Francisco da Costa,br BRA,FW,Mirassol,1995,20,13,1190,6,0,0,0,3,0,0,15,18,10,2,2,0,0,13.2
Franco Cristaldo,ar ARG,MF,Grêmio,1996,30,11,1259,1,3,0,0,1,0,0,10,31,1,70,4,14,0,14.0
Fábio,br BRA,GK,Fluminense,1980,38,38,3420,0,0,0,0,2,0,0,0,3,0,0,1,0,0,38.0
Félix Torres Caicedo,ec ECU,DF,Corinthians,1997,10,8,647,0,0,0,0,1,0,0,14,3,0,2,14,9,0,7.2
Gabriel,br BRA,DF,Bahia,2001,13,10,948,0,0,0,0,4,0,0,24,8,1,0,13,13,0,10.5
Gabriel,br BRA,GK,Vitória / Sport Recife,1992,24,24,2160,0,0,0,0,3,0,0,0,5,0,0,0,0,0,24.0
Gabriel,br BRA,MF,RB Bragantino,1992,33,32,2634,1,0,0,0,11,0,0,43,30,0,6,37,46,0,29.3
Gabriel,br BRA,MFFW,Mirassol,1990,25,21,1592,5,2,0,0,2,0,0,8,30,8,32,6,7,0,17.7
Gabriel Bahia,br BRA,DF,Botafogo–RJ,1998,4,3,236,0,0,0,0,0,0,0,2,1,0,0,2,2,0,2.6
Gabriel Baralhas,br BRA,MF,Vitória,1998,28,26,2276,2,1,0,0,10,0,0,42,29,0,11,39,34,0,25.3
Gabriel Barbosa,br BRA,FWMF,Cruzeiro,1996,30,9,1083,6,2,1,2,7,0,0,9,14,13,14,0,3,0,12.0
Gabriel Bontempo,br BRA,MF,Santos,2005,25,9,997,2,1,0,0,1,0,0,10,19,0,12,17,13,0,11.1
Gabriel Brazão,br BRA,GK,Santos,2000,38,38,3397,0,0,0,0,2,0,0,1,13,0,0,2,1,0,37.7
Gabriel Chapecó,br BRA,GK,Grêmio,2000,6,6,540,0,0,0,0,2,1,1,0,3,0,0,0,0,0,6.0
Gabriel Fuentes,co COL,DF,Fluminense,1997,11,8,825,0,0,0,0,2,0,0,14,5,0,36,9,13,0,9.2
Gabriel Knesowitsch,br BRA,DF,Mirassol,2003,4,4,360,0,0,0,0,0,0,0,1,3,0,0,2,3,0,4.0
Gabriel Menino,br BRA,MFDF,Atlético Mineiro,2000,23,9,889,1,1,0,0,1,0,0,14,15,1,23,9,8,0,9.9
Gabriel Mercado,ar ARG,DF,Internacional,1987,14,13,1195,1,0,0,0,4,0,0,16,9,0,0,13,10,0,13.3
Gabriel Taliari,br BRA,FWMF,Juventude,1997,34,28,2296,8,4,0,0,7,0,0,57,68,8,15,9,19,0,25.5
Gabriel Veron,br BRA,FWMF,Juventude,2002,13,7,639,0,0,0,0,0,0,0,9,7,0,5,3,4,0,7.1
Ganso,br BRA,MF,Fluminense,1989,17,7,644,1,0,0,0,2,0,0,7,16,0,15,0,3,0,7.2
Gastón Ávila,ar ARG,DF,Fortaleza,2001,27,25,2321,0,0,0,0,4,0,0,23,25,1,26,28,44,0,25.8
Germán Cano,ar ARG,FW,Fluminense,1988,22,18,1498,6,0,1,1,1,0,0,10,25,5,11,2,3,0,16.6
Gerson,br BRA,MF,Flamengo,1997,9,9,711,0,2,0,0,0,1,0,9,20,0,4,5,14,0,7.9
Gil,br BRA,DF,Santos,1987,8,8,720,0,0,0,0,3,0,0,8,1,0,0,7,9,0,8.0
Gilberto,br BRA,DF,Bahia,1993,23,21,1777,1,0,0,0,6,0,0,19,11,1,38,20,33,0,19.7
Gilberto,br BRA,FW,Juventude,1989,23,15,1099,2,2,0,1,5,0,0,27,15,4,4,4,7,0,12.2
Giorgian de Arrascaeta,uy URU,MF,Flamengo,1994,33,30,2350,18,14,2,3,3,0,0,13,54,2,144,6,17,0,26.1
Giovanny,br BRA,FWMF,Juventude,1997,19,5,653,0,2,0,0,3,0,0,7,15,4,11,1,5,0,7.3
Gonzalo Escobar,ar ARG,DF,Santos,1997,30,23,2008,0,0,0,0,8,1,1,36,20,1,64,36,56,0,22.3
Gonzalo Mastriani,uy URU,FW,Botafogo–RJ,1993,12,3,288,1,0,0,0,1,0,0,8,3,3,0,2,1,0,3.2
Gonzalo Plata,ec ECU,MFFW,Flamengo,2000,28,14,1350,4,1,0,0,0,1,0,21,15,2,17,4,17,0,15.0
Gonzalo Tapia,cl CHI,FW,São Paulo,2002,20,12,1117,5,0,0,0,4,0,0,25,41,5,25,4,6,0,12.4
Gonçalo Paciência,pt POR,FW,Sport Recife,1994,6,3,196,0,0,0,0,0,0,0,3,3,0,0,0,0,0,2.2
Gregore,br BRA,MF,Botafogo–RJ,1994,12,11,982,0,0,0,0,3,0,0,45,8,0,7,13,29,0,10.9
Guga,br BRA,DFMF,Fluminense,1998,17,11,992,1,1,0,0,1,0,0,6,12,0,20,10,19,0,11.0
Gui Negão,br BRA,FWMF,Corinthians,2007,22,12,945,3,1,0,0,3,0,0,27,23,2,6,5,4,0,10.5
Guilherme,br BRA,MF,Santos,1995,32,27,2250,4,7,0,0,1,0,0,15,61,13,85,23,22,0,25.0
Guilherme,br BRA,MFFW,Mirassol,1991,12,6,539,2,0,0,0,2,0,0,12,11,0,9,3,7,0,6.0
Guilherme Arana,br BRA,DFMF,Atlético Mineiro,1997,25,20,1748,1,1,0,0,7,0,0,20,17,2,67,19,18,0,19.4
Guilherme Lopes,br BRA,DF,RB Bragantino,2002,11,7,640,1,1,0,0,2,0,0,7,4,0,26,3,9,1,7.1
Guilherme Tinga,br BRA,DF,Fortaleza,1993,11,8,752,1,0,0,0,1,0,0,6,4,0,20,12,5,0,8.4
Guillermo Varela,uy URU,DF,Flamengo,1993,20,14,1325,0,4,0,0,1,0,0,9,12,2,31,10,15,0,14.7
Gustavinho,br BRA,MF,RB Bragantino,2004,17,8,741,0,0,0,0,2,0,0,12,2,1,31,4,11,0,8.2
Gustavo,br BRA,GK,Juventude,1993,10,10,855,0,0,0,0,1,0,0,0,0,0,0,0,1,0,9.5
Gustavo Caballero,py PAR,MF,Santos,2001,12,1,332,1,1,0,0,1,0,0,8,11,2,16,7,7,1,3.7
Gustavo Cuellar,co COL,MF,Grêmio,1992,17,10,881,0,0,0,0,3,0,0,17,14,0,3,15,23,0,9.8
Gustavo Gómez,py PAR,DF,Palmeiras,1993,27,26,2310,2,1,0,0,7,0,0,33,15,11,20,35,32,0,25.7
Gustavo Henrique,br BRA,DF,Corinthians,1993,23,23,2070,3,0,0,0,5,0,0,22,8,2,1,19,23,0,23.0
Gustavo Mancha,br BRA,DF,Fortaleza,2004,13,13,1029,0,0,0,0,2,1,0,5,8,0,1,13,12,0,11.4
Gustavo Marques,br BRA,DF,RB Bragantino,2001,14,9,900,1,0,0,0,2,0,0,13,9,0,1,15,13,0,10.0
Gustavo Martins Santos,br BRA,DF,Grêmio,2002,19,15,1320,2,0,0,0,4,0,0,22,2,1,2,12,18,0,14.7
Gustavo Prado,br BRA,MF,Internacional,2005,18,3,559,1,0,0,0,2,0,0,6,14,2,15,0,7,0,6.2
Gustavo Scarpa,br BRA,MF,Atlético Mineiro,1994,36,25,2302,1,3,0,0,3,0,0,20,43,3,173,15,10,0,25.6
Gustavo Silva,br BRA,MFFW,Vitória,1997,10,6,480,0,2,0,0,0,0,0,9,4,3,21,3,1,0,5.3
Guzmán Rodríguez,uy URU,DF,RB Bragantino,2000,23,23,2051,1,0,0,0,5,0,0,20,12,1,4,17,15,0,22.8
Helton Leite,br BRA,GK,Fortaleza,1990,4,4,360,0,0,0,0,0,0,0,0,1,0,0,0,0,0,4.0
Henry Mosquera,co COL,MF,RB Bragantino,2001,17,8,771,0,0,0,0,0,0,0,13,8,3,25,4,7,0,8.6
Hudson,br BRA,MF,Juventude,2001,4,3,233,0,0,0,0,2,1,0,6,0,0,1,3,1,0,2.6
Hugo,br BRA,MFDF,Corinthians,1997,10,6,457,0,0,0,0,1,0,0,7,9,2,9,7,6,0,5.1
Hugo Moura,br BRA,MFDF,Vasco da Gama,1998,33,28,2411,0,1,0,0,6,2,0,46,14,0,8,28,31,1,26.8
Hugo Souza,br BRA,GK,Corinthians,1999,26,26,2340,0,0,0,0,3,0,0,0,2,0,0,0,0,0,26.0
Hulk,br BRA,FWMF,Atlético Mineiro,1986,33,27,2438,8,6,1,1,9,0,0,40,66,10,89,1,8,0,27.1
Hyoran,br BRA,MFFW,Sport Recife,1993,12,4,402,0,1,0,0,2,0,0,15,7,1,30,1,4,0,4.5
Héctor,es ESP,FWMF,Corinthians,1995,9,3,246,1,0,0,0,0,0,0,4,3,2,0,2,2,0,2.7
Hércules,br BRA,MF,Fluminense,2000,34,26,2160,3,1,0,0,1,0,0,37,18,1,14,13,31,0,24.0
Iago,br BRA,DFMF,Bahia,1997,15,7,626,1,0,0,0,2,0,0,9,3,1,19,4,11,0,7.0
Ignacio Laquintana,uy URU,MF,RB Bragantino,1999,23,13,1017,4,3,0,0,1,0,0,8,9,9,42,10,8,0,11.3
Ignácio,br BRA,DF,Fluminense,1996,19,13,1147,0,0,0,0,2,1,0,24,17,0,0,14,15,0,12.7
Igor Cariús,br BRA,DFMF,Sport Recife,1993,28,21,1726,1,0,0,0,3,0,0,28,29,7,35,27,30,1,19.2
Igor Coronado,br BRA,MF,Corinthians,1992,6,3,342,1,0,0,0,1,0,0,7,5,0,28,4,1,0,3.8
Igor Gomes,br BRA,MF,Atlético Mineiro,1999,34,21,1824,4,3,0,0,3,1,0,21,24,1,29,16,10,0,20.3
Igor Jesus,br BRA,FWMF,Botafogo–RJ,2001,10,10,875,3,1,0,0,0,0,0,9,26,1,4,0,2,0,9.7
Igor Marques,br BRA,MFDF,Juventude,1999,19,15,1424,2,2,0,0,1,1,0,25,14,1,64,31,32,0,15.8
Igor Rabello,br BRA,DF,Fluminense / Atlético Mineiro,1995,8,4,333,0,0,0,0,2,1,1,9,0,0,0,5,3,0,3.7
Igor Serrote,br BRA,DF,Grêmio,2005,7,6,512,0,0,0,0,2,0,0,7,10,0,7,14,17,0,5.7
Igor Vinícius de Souza,br BRA,DF,Santos,1997,20,15,1302,0,2,0,0,4,0,0,26,19,0,50,15,29,0,14.5
Isidro Pitta,py PAR,FW,RB Bragantino,1999,24,10,1093,7,2,0,0,6,0,0,21,14,13,11,0,3,0,12.1
Iury de Castilho,br BRA,FWMF,Mirassol,1995,9,6,499,1,0,0,0,2,0,0,7,18,6,4,2,6,0,5.5
Ivan,br BRA,GK,Internacional,1997,7,7,585,0,0,0,0,2,0,0,0,1,0,0,0,0,0,6.5
Iván Román,cl CHI,DF,Atlético Mineiro,2006,12,8,701,0,0,0,0,4,0,0,8,9,2,1,10,6,0,7.8
Jadson,br BRA,MF,Juventude,1993,35,32,2831,0,2,0,0,9,0,0,46,52,2,24,37,24,0,31.5
Jair,br BRA,MF,Vasco da Gama,1994,11,7,559,0,0,0,0,3,0,0,13,11,0,3,9,9,0,6.2
Jair Cunha,br BRA,DF,Botafogo–RJ,2005,11,11,990,0,1,0,0,0,0,0,4,8,0,2,9,12,0,11.0
Jamerson,br BRA,DF,Vitória,1998,12,12,1026,0,2,0,0,0,0,0,10,7,0,66,13,19,0,11.4
Janderson,br BRA,FWMF,Vitória,1999,11,9,729,1,0,0,0,3,0,0,16,6,4,5,2,5,0,8.1
Jandrei,br BRA,GK,Juventude,1993,19,19,1710,0,0,0,0,4,0,0,0,3,0,0,0,0,0,19.0
Jean Carlos Vicente,br BRA,MF,Juventude,1992,7,2,203,0,0,0,0,1,0,0,3,2,3,16,0,3,0,2.3
Jean Lucas,br BRA,MF,Bahia,1998,34,33,2674,3,1,0,0,3,2,0,43,29,2,26,13,41,0,29.7
Jefferson Savarino,ve VEN,MF,Botafogo–RJ,1996,27,24,1917,4,3,0,0,2,0,0,10,18,10,95,2,9,0,21.3
Jeffinho,br BRA,MF,Botafogo–RJ,1999,17,9,685,2,4,0,0,0,1,0,13,9,1,12,7,9,0,7.6
Jefté,br BRA,MFDF,Palmeiras,2003,12,7,765,0,3,0,0,0,0,0,8,3,2,18,7,9,0,8.5
Jemerson,br BRA,DF,Grêmio,1992,9,8,770,1,0,0,0,3,0,0,14,3,0,0,12,12,0,8.6
Jemmes,br BRA,DF,Mirassol,2000,37,37,3273,2,0,0,0,3,0,0,34,12,2,1,42,46,0,36.4
Jhon Arias,co COL,MFFW,Fluminense,1997,12,12,1079,1,4,1,1,1,0,0,14,33,1,74,4,10,0,12.0
Jhon Jhon,br BRA,MF,RB Bragantino,2002,34,34,2844,10,7,3,3,11,0,0,44,64,2,177,15,24,0,31.6
Joaquín Correa,ar ARG,MFFW,Botafogo–RJ,1994,18,10,898,2,0,0,0,2,0,0,13,21,2,18,2,6,0,10.0
Joaquín Piquerez,uy URU,DFMF,Palmeiras,1998,30,28,2456,3,1,2,3,2,2,0,12,18,0,125,26,32,1,27.3
Johan Carbonero,co COL,MFFW,Internacional,1999,23,15,1457,5,2,1,1,6,1,0,32,60,14,22,2,8,0,16.2
John,br BRA,GK,Botafogo–RJ,1996,17,17,1530,0,0,0,0,2,0,0,1,3,0,0,1,1,0,17.0
John Kennedy,br BRA,FW,Fluminense,2002,17,6,626,2,1,1,1,1,0,0,9,13,4,3,2,1,0,7.0
Jonathan,br BRA,DF,Cruzeiro,2004,13,10,798,0,1,0,0,1,1,0,17,3,1,2,10,10,0,8.9
Jordan Barrera,co COL,MF,Botafogo–RJ,2006,6,2,307,1,0,0,0,1,0,0,3,8,0,9,0,2,0,3.4
Jorge Carrascal,co COL,MF,Flamengo,1998,16,11,821,2,5,0,0,4,0,0,21,20,0,44,5,17,0,9.1
Jorginho,it ITA,MF,Flamengo,1991,18,15,1357,3,1,3,3,5,0,0,22,11,0,9,19,14,0,15.1
José Aldo,br BRA,MF,Mirassol,1998,30,15,1369,0,1,0,0,6,0,0,32,16,1,8,25,26,0,15.2
José Andrés Martínez,ve VEN,MF,Corinthians,1994,24,17,1396,1,1,0,0,11,2,1,21,28,1,37,14,19,0,15.5
José Herrera,ar ARG,MF,Fortaleza,2003,19,14,1046,2,3,0,0,3,0,0,24,11,0,26,5,20,0,11.6
José Hurtado,ec ECU,DF,RB Bragantino,2001,28,21,1864,1,0,0,0,2,1,0,28,9,0,59,21,27,0,20.7
José Luis Rodríguez,uy URU,DF,Vasco da Gama,1997,25,15,1446,2,2,0,0,0,0,0,10,8,0,65,12,11,0,16.1
José Sabino,br BRA,DF,São Paulo,1996,30,25,2299,2,0,0,0,3,0,0,35,16,0,8,47,25,0,25.5
José Welison,br BRA,MF,Fortaleza,1995,9,4,437,0,0,0,0,3,0,0,7,5,0,8,5,9,0,4.9
João Lucas,br BRA,DF,Grêmio,1998,10,5,506,0,0,0,0,1,0,0,11,8,0,15,8,11,0,5.6
João Marcelo,br BRA,DF,Cruzeiro,2000,4,2,226,0,0,0,0,0,0,0,3,1,0,0,7,4,0,2.5
João Othavio Basso,br BRA,DF,Santos,1997,6,6,518,1,0,0,0,2,0,0,10,6,0,0,5,4,0,5.8
João Pedro,br BRA,DF,Grêmio,1996,7,6,454,0,0,0,0,0,0,0,8,1,1,8,3,7,0,5.0
João Pedro,br BRA,DF,Corinthians,2003,16,13,1242,0,1,0,0,4,0,0,18,5,0,1,12,15,0,13.8
João Pedro Chermont,br BRA,DF,Santos,2006,5,2,249,0,0,0,0,3,0,0,9,1,2,12,3,8,0,2.8
João Pedro Pepê,br BRA,MF,Vitória,1998,14,6,654,0,0,0,0,3,1,0,22,19,0,11,9,16,0,7.3
João Ricardo Riedi,br BRA,GK,Fortaleza,1988,14,14,1260,0,0,0,0,1,0,0,1,2,0,0,0,0,1,14.0
João Schmidt,br BRA,MF,Santos,1993,31,25,2153,2,2,0,0,7,0,0,45,13,0,3,33,27,0,23.9
João Silva,pt POR,DF,Sport Recife,1999,14,10,990,0,0,0,0,1,0,0,11,3,0,2,8,7,0,11.0
João Victor,br BRA,DF,Mirassol,1997,34,34,3059,2,1,0,0,8,1,0,28,22,2,0,33,19,0,34.0
João Victor,br BRA,DF,Vasco da Gama,1998,16,16,1435,1,0,0,0,3,0,0,11,11,0,4,10,25,1,15.9
João Victor,br BRA,DF,Flamengo,2007,4,3,194,0,0,0,0,1,0,0,3,1,0,0,2,1,0,2.2
Juan Freytes,ar ARG,DF,Fluminense,2000,33,33,2924,0,0,0,0,8,1,0,22,18,3,8,19,17,0,32.5
Juan Ignacio Dinenno,ar ARG,FW,Cruzeiro / São Paulo,1994,8,3,274,1,0,0,0,2,0,0,6,3,0,1,0,1,0,3.0
Juan Ignacio Ramírez,uy URU,FW,Sport Recife,1997,8,3,291,0,0,0,0,1,0,0,7,2,1,0,0,1,0,3.2
Juan Martín Lucero,ar ARG,FW,Fortaleza,1991,27,16,1409,3,1,0,1,6,0,0,42,17,9,4,2,6,0,15.7
Juan Sforza,ar ARG,MF,Juventude / Vasco da Gama,2002,10,3,343,0,0,0,0,0,0,0,5,4,0,1,3,5,0,3.8
Juninho,br BRA,DF,Internacional,1995,20,18,1505,0,0,0,0,6,0,0,14,11,0,1,23,14,0,16.7
Juninho,br BRA,FW,Flamengo,1996,15,2,378,1,0,0,0,0,0,0,8,4,4,0,1,5,0,4.2
Juninho Capixaba,br BRA,DFMF,RB Bragantino,1997,24,22,1972,1,1,0,0,4,0,0,33,41,3,53,21,34,0,21.9
Júnior Alonso,py PAR,DF,Atlético Mineiro,1993,31,31,2610,1,1,0,0,6,2,0,23,11,0,12,30,21,1,29.0
Júnior Santos,br BRA,FW,Atlético Mineiro,1994,16,1,361,2,0,0,0,1,0,0,9,14,3,2,0,4,0,4.0
Kaiki Bruno,br BRA,DF,Cruzeiro,2003,34,34,2993,1,5,0,0,10,0,0,64,32,1,87,44,70,0,33.3
Kaio Jorge,br BRA,FW,Cruzeiro,2002,33,33,2588,21,8,1,2,4,1,0,37,47,7,17,6,10,0,28.8
Kaio Pantaleão,br BRA,DF,Botafogo–RJ,1995,11,11,933,0,0,0,0,2,1,1,12,10,1,1,17,8,0,10.4
Kanu,br BRA,DF,Bahia,1997,7,7,513,0,0,0,0,0,1,0,4,6,0,0,7,6,0,5.7
Kauã Moraes,br BRA,DF,Cruzeiro,2006,5,2,197,0,0,0,0,0,0,0,5,6,0,15,4,3,0,2.2
Kauã Prates,br BRA,DF,Cruzeiro,2008,8,4,341,0,0,0,0,1,0,0,5,1,1,10,3,9,0,3.8
Kayke,br BRA,MFFW,Corinthians,2004,8,4,358,0,1,0,0,0,0,0,5,4,2,11,2,1,0,4.0
Kayky Chagas,br BRA,MF,Bahia,2003,26,8,890,1,2,0,0,2,0,0,7,13,2,11,5,12,0,9.9
Keno,br BRA,MF,Fluminense,1989,18,4,509,1,2,0,0,1,0,0,6,21,0,11,0,7,0,5.7
Keny Arroyo,ec ECU,MF,Cruzeiro,2006,13,7,646,2,1,0,0,4,0,0,6,18,0,15,5,4,0,7.2
Kevin Serna,co COL,MF,Fluminense,1997,33,25,2086,7,5,0,0,3,0,0,24,30,5,65,16,29,0,23.2
Kevyson,br BRA,DF,Sport Recife,2004,9,1,268,0,0,0,0,3,0,0,8,1,0,11,5,6,0,3.0
Khellven,br BRA,DFMF,Palmeiras,2001,13,12,975,0,2,0,0,1,0,0,26,9,0,29,11,10,0,10.8
Lautaro Díaz,ar ARG,FW,Santos / Cruzeiro,1998,21,12,1105,3,2,0,0,2,0,0,17,9,5,9,3,2,0,12.3
Lenny Lobato,br BRA,MFFW,Sport Recife,2001,7,2,244,0,0,0,0,0,0,0,3,2,1,7,1,1,0,2.7
Leo Augusto Pereira,br BRA,MFFW,Sport Recife,2000,16,13,1108,3,1,0,0,0,0,0,17,28,9,35,4,10,0,12.3
Leo Ortiz,br BRA,DF,Flamengo,1996,26,26,2203,1,2,0,0,4,0,0,19,5,1,5,18,20,0,24.5
Leonardo Godoy,ar ARG,DF,Santos,1995,6,5,416,0,0,0,0,1,0,0,8,5,0,8,0,4,0,4.6
Leonardo Linck,br BRA,GK,Botafogo–RJ,2001,17,16,1486,0,0,0,0,1,0,0,0,2,0,0,0,0,0,16.5
Lima,br BRA,MF,Fluminense,1996,28,12,1094,2,1,0,0,3,0,0,20,31,1,13,10,9,0,12.2
Loide Augusto,ao ANG,MF,Vasco da Gama,2000,10,2,192,0,0,0,0,1,0,0,9,4,0,8,1,2,0,2.1
Lourenço,br BRA,MF,Ceará,1997,33,15,1386,2,1,0,1,4,0,0,30,21,1,45,19,13,0,15.4
Luan Cândido,br BRA,DF,Sport Recife,2001,16,15,1318,1,0,0,0,2,0,0,20,7,2,12,16,9,1,14.6
Luan Freitas,br BRA,DF,Juventude,2001,14,12,1124,0,1,0,0,0,0,0,13,3,0,0,9,21,0,12.5
Luan Peres Petroni,br BRA,DF,Santos,1994,24,23,2051,0,0,0,0,6,0,0,29,14,1,7,23,16,0,22.8
Lucas Arcanjo,br BRA,GK,Vitória,1998,29,29,2545,0,0,0,0,3,0,0,0,3,0,0,0,0,0,28.3
Lucas Barbosa,br BRA,MF,RB Bragantino,2001,34,31,2330,4,3,0,0,10,1,1,67,41,8,51,19,28,0,25.9
Lucas Braga,br BRA,MFDF,Vitória,1996,21,11,968,1,0,0,0,1,0,0,13,25,3,15,6,15,0,10.8
Lucas Crispim,br BRA,MF,Fortaleza,1994,10,5,424,1,1,0,0,0,0,0,8,15,1,17,2,0,0,4.7
Lucas Cunha,br BRA,DF,Sport Recife,1997,6,5,428,0,0,0,0,1,0,0,5,2,0,0,6,2,0,4.8
Lucas Esteves,br BRA,DFMF,Grêmio,2000,10,8,671,0,0,0,0,1,0,0,9,3,0,25,10,9,0,7.5
Lucas Evangelista,br BRA,MF,Palmeiras,1995,19,12,1046,2,1,0,0,2,0,0,19,20,0,10,6,19,0,11.6
Lucas Fernandes,br BRA,MF,Juventude,1997,7,4,397,0,0,0,0,0,0,0,5,5,1,8,4,3,0,4.4
Lucas Ferreira,br BRA,MF,São Paulo,2006,13,8,761,0,0,0,0,1,0,0,11,19,0,28,6,12,0,8.5
Lucas Freitas,br BRA,DF,Vasco da Gama,2001,21,19,1552,1,0,0,0,4,0,0,18,12,0,6,21,9,0,17.2
Lucas Gazal,br BRA,DF,Fortaleza,1999,7,6,546,0,1,0,0,2,0,0,9,1,0,3,7,4,0,6.1
Lucas Halter,br BRA,DF,Vitória,2000,33,33,2904,4,1,0,0,8,1,1,24,9,1,2,18,30,0,32.3
Lucas Kal,br BRA,MFDF,Sport Recife,1996,13,11,861,0,0,0,0,1,0,0,11,2,0,4,10,5,1,9.6
Lucas Lima,br BRA,MF,Sport Recife,1990,33,30,2550,3,7,1,1,11,0,0,30,50,10,204,6,24,0,28.3
Lucas Moura,br BRA,FWMF,São Paulo,1992,11,4,451,2,0,1,1,0,0,0,6,14,1,2,3,2,0,5.0
Lucas Mugni,ar ARG,MF,Ceará,1992,33,22,1714,2,6,0,0,5,0,0,30,18,3,137,8,40,0,19.0
Lucas Oliveira,br BRA,DF,Vasco da Gama,1996,8,2,259,0,0,0,0,1,0,0,3,1,0,0,11,4,0,2.9
Lucas Piton,br BRA,DF,Vasco da Gama,2000,30,29,2545,1,7,0,0,5,0,0,46,12,3,139,32,24,0,28.3
Lucas Ramon,br BRA,DF,Mirassol,1994,31,30,2604,2,3,0,0,7,0,0,29,54,5,108,54,44,0,28.9
Lucas Romero,ar ARG,MF,Cruzeiro,1994,33,32,2832,1,3,0,0,12,0,0,38,50,1,19,35,39,0,31.5
Lucas Sasha,br BRA,MF,Fortaleza,1990,31,31,2612,1,0,0,0,4,0,0,54,25,0,16,61,76,0,29.0
Lucas Silva,br BRA,MF,Cruzeiro,1993,34,32,2751,2,2,0,0,8,0,0,56,24,0,3,14,27,0,30.6
Lucas Villalba,ar ARG,DF,Cruzeiro,1994,32,32,2864,1,0,0,0,10,0,0,28,22,1,19,47,20,0,31.8
Lucca Marques,br BRA,MF,São Paulo,2007,8,2,318,0,0,0,0,1,0,0,9,12,1,10,0,4,0,3.5
Lucca Prior,br BRA,MFFW,Fortaleza,2004,12,7,656,2,0,0,0,2,0,0,15,15,1,42,3,6,0,7.3
Luciano,br BRA,FWMF,São Paulo,1993,32,24,2105,9,4,1,2,10,0,0,32,43,6,8,11,16,0,23.4
Luciano Acosta,ar ARG,MF,Fluminense,1994,16,15,1199,3,2,0,0,5,0,0,27,25,2,37,0,15,0,13.3
Luciano Juba,br BRA,DF,Bahia,1999,35,33,2877,6,4,0,0,2,0,0,22,17,1,134,39,29,1,32.0
Luciano Rodríguez,uy URU,FW,Bahia,2003,18,8,791,2,0,0,0,1,0,0,13,13,3,2,2,7,0,8.8
Lucão,br BRA,GK,RB Bragantino,2001,4,4,360,0,0,0,0,1,0,0,0,0,0,0,0,0,0,4.0
Luighi,br BRA,MFFW,Palmeiras,2006,11,2,339,1,0,0,0,1,0,0,10,9,2,4,1,3,0,3.8
Luis Benedetti,br BRA,DF,Palmeiras,2006,5,4,377,1,0,0,0,0,0,0,3,2,0,1,7,2,0,4.2
Luis Mandaca,br BRA,MFFW,Juventude,2001,32,29,2445,2,1,0,0,7,1,1,61,49,4,23,23,37,0,27.2
Luis Otávio,br BRA,MF,Internacional,2007,20,7,770,0,0,0,0,2,0,0,7,17,1,0,11,21,0,8.6
Luis Sinisterra,co COL,MF,Cruzeiro,1999,11,2,326,2,1,0,0,0,0,0,5,8,0,1,3,3,0,3.6
Luisão,br BRA,DF,Santos,2003,6,5,438,0,0,0,0,2,0,0,3,4,0,2,3,3,0,4.9
Luiz Araújo,br BRA,MF,Flamengo,1996,35,15,1765,7,3,0,0,2,0,0,32,24,1,105,8,35,0,19.6
Luiz Gustavo,br BRA,DF,Vasco da Gama,2006,5,3,288,0,0,0,0,3,0,0,4,2,0,1,3,2,0,3.2
Luiz Gustavo,br BRA,MFDF,São Paulo,1987,12,9,780,1,0,0,0,0,0,0,17,12,0,4,12,14,0,8.7
Lyanco,br BRA,DF,Atlético Mineiro,1997,17,17,1410,0,0,0,0,10,2,2,29,21,2,1,32,19,0,15.7
Léo Aragão,br BRA,GK,Cruzeiro,2002,4,3,334,0,0,0,0,1,0,0,0,1,0,0,0,0,0,3.7
Léo Jardim,br BRA,GK,Vasco da Gama,1995,36,36,3235,0,0,0,0,2,1,1,0,9,0,0,0,1,1,35.9
Léo Mana,br BRA,DF,Corinthians,2004,4,3,225,0,0,0,0,0,0,0,1,0,1,3,3,2,0,2.5
Léo Pereira,br BRA,DF,Flamengo,1996,34,33,2953,4,0,0,0,6,0,0,22,13,0,14,27,17,0,32.8
Magrão,br BRA,GK,Fortaleza,2000,3,3,270,0,0,0,0,1,0,0,2,0,0,0,0,0,0,3.0
Maik,br BRA,MFDF,São Paulo,2005,9,8,607,2,2,0,0,3,0,0,10,7,0,22,9,16,0,6.7
Mailton,br BRA,MF,São Paulo,1998,8,3,388,0,0,0,0,1,0,0,9,10,0,33,4,2,0,4.3
Manoel,br BRA,DF,Fluminense,1990,5,4,345,0,0,0,0,0,0,0,1,2,0,0,1,0,0,3.8
Marcelo Hermes,br BRA,DFMF,Juventude,1995,22,20,1858,2,5,0,0,3,0,0,21,13,1,142,16,25,0,20.6
Marcelo Lomba,br BRA,GK,Palmeiras,1986,3,3,270,0,0,0,0,0,0,0,0,0,0,0,0,0,0,3.0
Marcos Antônio,br BRA,MF,São Paulo,2000,28,23,1896,0,4,0,0,4,0,0,29,27,2,9,8,8,0,21.1
Marcos Felipe,br BRA,GK,Bahia,1996,11,10,972,0,0,0,0,0,0,0,1,3,0,0,1,0,0,10.8
Marcos Paulo,br BRA,DF,Juventude,2003,19,16,1367,0,0,0,0,8,1,1,27,5,1,0,11,16,1,15.2
Marcos Rocha,br BRA,DF,Palmeiras / Grêmio,1988,13,13,1049,0,0,0,0,1,0,0,9,16,1,35,21,29,0,11.7
Marcos Victor,br BRA,DF,Ceará,2001,15,15,1343,0,1,0,0,0,0,0,7,7,1,4,11,16,0,14.9
Marcão,br BRA,GK,Juventude,1992,6,5,495,0,0,0,0,0,0,0,1,0,0,0,0,0,0,5.5
Marinho,br BRA,FWMF,Fortaleza,1990,17,8,710,1,2,0,0,3,1,0,25,25,11,33,6,7,0,7.9
Marllon Borges,br BRA,DF,Ceará,1992,25,23,2083,2,0,0,0,3,0,0,18,13,0,2,15,11,0,23.1
Marlon,br BRA,DF,Cruzeiro / Grêmio,1997,32,31,2771,1,2,0,0,8,0,0,38,42,1,156,41,49,0,30.8
Marlon Freitas,br BRA,MF,Botafogo–RJ,1995,35,33,2924,1,4,0,0,8,0,0,41,9,0,15,23,28,0,32.5
Marquinhos,br BRA,MF,Cruzeiro,2003,17,2,384,0,0,0,0,1,0,0,4,8,0,20,8,6,0,4.3
Martin Braithwaite,dk DEN,FW,Grêmio,1991,18,18,1456,6,1,4,4,3,0,0,23,27,2,3,4,5,0,16.2
Martinelli,br BRA,MF,Fluminense,2001,33,32,2721,3,2,0,0,6,0,0,58,38,1,5,20,30,0,30.2
Mateo Ponte,uy URU,DF,Botafogo–RJ,2003,21,4,676,2,0,0,0,3,0,0,13,7,2,30,13,12,0,7.5
Mateo Sanabria,ar ARG,MF,Bahia,2004,10,7,569,1,0,0,0,3,1,1,9,21,3,24,0,4,0,6.3
Mateus Cocão,br BRA,MF,Vasco da Gama,2002,19,5,593,0,0,0,0,1,0,0,15,5,0,1,11,9,0,6.6
Matheus Alexandre,br BRA,DF,Sport Recife,1999,26,20,1779,0,1,0,0,9,1,1,29,14,0,48,37,30,0,19.8
Matheus Alves,br BRA,MF,São Paulo,2005,8,4,371,0,1,0,0,3,0,0,9,6,1,4,3,4,0,4.1
Matheus Araújo,br BRA,MF,Ceará,2002,11,2,270,1,1,0,0,0,0,0,3,3,0,10,0,1,0,3.0
Matheus Babi,br BRA,FW,Juventude,1997,20,2,478,2,0,0,0,4,0,0,17,16,6,0,1,4,0,5.3
Matheus Bahia,br BRA,DF,Ceará,1999,28,28,2462,0,1,0,0,6,0,0,25,30,0,91,25,32,0,27.4
Matheus Bidu,br BRA,DFMF,Corinthians,1999,26,23,1965,0,2,0,0,7,0,0,22,66,7,73,23,28,0,21.8
Matheus Donelli,br BRA,GK,Corinthians,2002,5,5,450,0,0,0,0,1,0,0,0,1,0,0,0,0,0,5.0
Matheus Fernandes,br BRA,MF,RB Bragantino,1998,20,5,661,1,0,0,0,3,0,0,19,4,0,3,12,14,0,7.3
Matheus França,br BRA,MFFW,Vasco da Gama,2004,15,2,386,0,0,0,0,1,0,0,8,3,0,12,5,5,0,4.3
Matheus Henrique,br BRA,MF,Cruzeiro,1997,17,8,723,0,0,0,0,3,0,0,13,13,0,5,6,14,0,8.0
Matheus Martins,br BRA,MF,Botafogo–RJ,2003,15,6,654,1,0,0,0,3,0,0,11,15,0,15,4,11,0,7.3
Matheus Pereira,br BRA,MF,Cruzeiro,1996,34,32,2793,7,7,0,0,7,0,0,35,111,7,175,14,32,0,31.0
Matheus Pereira da Silva,br BRA,MF,Fortaleza,1998,19,15,1285,1,3,0,0,4,1,0,21,9,0,37,19,7,0,14.3
Matheus Rossetto,br BRA,MF,Fortaleza,1996,20,10,924,0,0,0,0,1,0,0,6,5,1,5,3,8,0,10.3
Matheusinho,br BRA,MF,Vitória,1997,29,18,1768,4,1,2,2,5,1,0,17,62,2,63,11,17,0,19.6
Matheusinho,br BRA,MFFW,Sport Recife,1998,25,22,1653,2,2,0,0,1,1,0,15,35,2,42,21,14,0,18.4
Matheuzinho,br BRA,DFMF,Corinthians,2000,31,28,2632,2,3,0,0,12,0,0,30,27,1,104,35,40,0,29.2
Mathías Villasanti,py PAR,MF,Grêmio,1997,16,14,1150,0,0,0,0,5,0,0,27,13,0,3,25,31,0,12.8
Matias Arezo,uy URU,FW,Grêmio,2002,8,3,268,1,1,0,0,1,0,0,5,2,2,4,0,1,0,3.0
Matías Viña,uy URU,DF,Flamengo,1997,8,2,281,0,0,0,0,1,0,0,5,3,0,7,3,6,0,3.1
Mauricio,py PAR,MFFW,Palmeiras,2001,29,18,1598,3,7,0,0,1,0,0,14,24,8,33,13,10,0,17.8
Mauricio Lemos,uy URU,DF,Vasco da Gama,1995,4,3,243,0,0,0,0,0,0,0,1,0,0,0,4,1,0,2.7
Maycon,br BRA,MF,Corinthians,1997,25,16,1491,3,0,1,1,4,0,0,14,6,0,24,9,17,0,16.6
Mayke,br BRA,DF,Santos,1992,12,9,821,0,0,0,0,3,0,0,12,7,0,19,8,12,0,9.1
Mayke,br BRA,DFMF,Palmeiras,1992,3,3,211,0,0,0,0,1,0,0,10,2,1,11,1,4,0,2.3
Maykon Jesus,br BRA,DFMF,Vitória,2005,9,8,766,0,0,0,0,1,0,0,16,9,0,32,6,10,0,8.5
Memphis,nl NED,FW,Corinthians,1994,23,17,1544,6,3,1,2,4,0,0,21,31,2,67,2,2,0,17.2
Micael,br BRA,DF,Palmeiras,2000,16,15,1295,0,1,0,0,4,0,0,27,2,0,2,10,16,0,14.4
Michael,br BRA,MF,Flamengo,1996,15,6,621,1,3,0,0,0,0,0,2,6,1,18,1,4,0,6.9
Michel Araujo,uy URU,MF,Bahia,1996,24,8,852,4,1,0,0,3,0,0,16,17,1,12,7,23,0,9.5
Miguel Monsalve,co COL,MFFW,Grêmio,2004,9,2,297,0,1,0,0,2,0,0,9,8,0,14,0,5,0,3.3
Moises,br BRA,MFFW,Fortaleza,1996,12,3,385,0,1,0,0,1,0,0,2,2,2,0,1,3,0,4.3
Murilo Cerqueira,br BRA,DF,Palmeiras,1997,20,20,1660,1,1,0,0,6,0,0,29,6,0,9,15,19,0,18.4
Nahuel Ferraresi,ve VEN,DF,São Paulo,1998,24,19,1797,0,3,0,0,3,0,0,34,29,1,26,29,54,1,20.0
Natanael,br BRA,DFMF,Atlético Mineiro,2002,34,24,2142,1,0,0,0,2,0,0,23,23,7,50,23,36,0,23.8
Nathan Fernandes,br BRA,MFFW,Botafogo–RJ,2005,10,2,330,1,2,0,0,1,0,0,4,5,2,5,3,1,0,3.7
Nathan Mendes,br BRA,DF,RB Bragantino,2002,19,12,1158,0,1,0,0,3,0,0,12,20,3,19,12,11,0,12.9
Negueba,br BRA,FWMF,Mirassol,1999,33,27,2157,7,3,0,0,3,0,0,17,54,5,87,12,18,0,24.0
Nenê,br BRA,FWMF,Juventude,1981,25,12,1009,3,4,2,2,3,0,0,10,35,1,88,2,5,0,11.2
Neris,br BRA,DF,Vitória,1992,10,6,534,0,0,0,0,1,1,0,14,4,2,0,6,2,0,5.9
Neto,br BRA,GK,Botafogo–RJ,1989,3,3,224,0,0,0,0,0,0,0,0,0,0,0,0,0,0,2.5
Neto Moura,br BRA,MF,Mirassol,1996,34,31,2428,1,0,0,0,10,0,0,38,24,0,5,38,50,0,27.0
Newton,br BRA,MF,Botafogo–RJ,2000,25,16,1494,1,0,0,0,5,0,0,43,8,1,7,19,21,0,16.6
Neymar,br BRA,FWMF,Santos,1992,20,17,1528,8,1,2,2,8,1,1,21,68,4,66,3,2,0,17.0
Nicolas,br BRA,DF,Ceará,1997,13,6,593,0,0,0,0,1,0,0,10,9,0,45,7,5,0,6.6
Nicolás Acevedo,uy URU,MF,Bahia,1999,32,18,1690,0,1,0,0,6,0,0,44,28,0,10,30,42,0,18.8
Nicolás De La Cruz,uy URU,MF,Flamengo,1997,19,12,1018,0,0,0,0,4,0,0,17,33,0,28,9,15,0,11.3
Nonato,br BRA,MF,Fluminense,1998,20,8,914,2,1,0,0,4,0,0,19,15,0,4,9,15,0,10.2
Nuno Gonçalo Moreira,pt POR,MFFW,Vasco da Gama,1999,36,35,2549,7,5,0,0,4,0,0,18,43,7,84,16,20,0,28.3
Oscar,br BRA,MFFW,São Paulo,1991,6,5,345,0,0,0,0,1,0,0,3,3,0,26,7,2,0,3.8
Osvaldo,br BRA,MF,Vitória,1987,27,11,996,0,2,0,0,3,0,0,6,20,3,68,8,5,0,11.1
Otávio,br BRA,MF,Fluminense,1994,6,2,217,0,0,0,0,0,0,0,5,8,0,1,5,2,0,2.4
Pablo,br BRA,FW,Sport Recife,1992,21,13,1055,3,1,0,0,1,0,0,17,19,8,3,2,6,0,11.7
Pablo Maia,br BRA,MF,São Paulo,2002,25,17,1471,1,0,0,0,4,0,0,30,28,0,2,4,20,0,16.3
Pablo Vegetti,ar ARG,FW,Vasco da Gama,1988,35,27,2335,14,1,3,3,3,0,0,31,45,9,2,7,10,1,25.9
Patrick Silva,br BRA,MF,Atlético Mineiro,2004,3,2,224,0,0,0,0,0,0,0,3,3,0,1,6,2,0,2.5
Patrick de Paula,br BRA,MF,Botafogo–RJ,1999,6,4,284,0,0,0,0,0,0,0,4,5,0,2,4,3,0,3.2
Patryck,br BRA,MFDF,São Paulo,2003,5,3,309,0,0,0,0,1,0,0,4,3,0,20,3,3,0,3.4
Paulinho,br BRA,MF,Vasco da Gama,1997,11,4,310,0,0,0,0,2,0,0,13,11,0,4,3,3,0,3.4
Paulinho,br BRA,MF,Palmeiras,2000,7,1,224,0,0,0,0,0,0,0,1,2,1,5,0,1,0,2.5
Paulo Baya,br BRA,MFFW,Ceará,1999,15,4,436,0,0,0,0,0,0,0,2,5,1,38,1,2,0,4.8
Paulo Henrique,br BRA,DF,Vasco da Gama,1996,28,28,2490,1,8,0,0,11,1,1,57,29,1,111,40,57,0,27.7
Pedro,br BRA,FW,Flamengo,1997,21,13,1047,12,6,1,2,3,0,0,14,18,2,4,6,6,0,11.6
Pedro Borges,br BRA,MF,Fortaleza / Sport Recife,1997,14,4,545,0,0,0,0,7,1,1,14,11,0,0,7,10,0,6.1
Pedro Henrique,br BRA,DF,RB Bragantino,1995,31,31,2654,1,1,0,0,6,0,0,23,20,0,5,32,18,0,29.5
Pedro Henrique,br BRA,MFFW,Ceará,1990,28,17,1380,4,3,0,0,8,0,0,31,28,12,49,6,25,0,15.3
Pedro Raul,br BRA,FW,Ceará,1996,34,34,2896,11,1,1,1,6,0,0,54,43,33,4,5,6,0,32.2
Peixoto,br BRA,MFDF,Juventude,1997,13,8,733,1,0,0,0,1,0,0,22,9,0,7,9,11,0,8.1
Philippe Coutinho,br BRA,MF,Vasco da Gama,1992,30,30,2403,5,3,0,0,3,1,0,22,40,3,134,7,10,0,26.7
Pierre,br BRA,MF,Fortaleza,2002,13,10,839,0,0,0,0,2,0,0,13,8,0,24,16,11,0,9.3
Pol Fernández,ar ARG,MF,Fortaleza,1991,7,3,286,0,2,0,0,1,0,0,6,2,0,6,0,3,0,3.2
Rafael Bilu,br BRA,MFFW,Juventude,1999,15,10,688,1,0,0,0,1,0,0,20,24,2,17,0,8,0,7.6
Rafael Borré,co COL,FW,Internacional,1995,30,20,1809,5,2,1,1,3,1,0,38,21,14,12,7,30,0,20.1
Rafael Pires,br BRA,GK,São Paulo,1989,35,35,3150,0,0,0,0,3,0,0,0,7,0,0,0,1,0,35.0
Rafael Ramos,pt POR,DFMF,Ceará,1995,20,9,904,0,0,0,0,3,0,0,20,6,1,28,12,20,0,10.0
Rafael Thyere,br BRA,DF,Sport Recife,1993,24,24,2106,1,0,0,0,2,0,0,14,9,0,3,26,19,0,23.4
Rafael Tolói,it ITA,DF,São Paulo,1990,7,6,499,0,0,0,0,0,0,0,2,2,0,1,11,7,0,5.5
Ramon,br BRA,DF,Internacional,2001,5,4,329,0,0,0,0,1,0,0,5,3,0,9,6,4,0,3.7
Ramon,br BRA,DFMF,Vitória,2001,18,18,1620,0,0,0,0,4,0,0,34,17,3,62,17,26,0,18.0
Ramon Menezes Roma,br BRA,DF,Sport Recife,1995,23,22,1876,1,0,0,0,6,1,1,20,9,1,0,25,14,0,20.8
Ramón Sosa,py PAR,MFFW,Palmeiras,1999,23,6,876,3,3,0,0,0,0,0,10,14,3,52,1,3,0,9.7
Raniele,br BRA,MFDF,Corinthians,1996,30,25,2013,2,1,0,0,7,0,0,39,51,0,4,31,37,0,22.4
Raphael Veiga,br BRA,MF,Palmeiras,1995,25,13,1067,2,4,1,1,3,0,0,26,30,0,64,5,5,0,11.9
Rayan,br BRA,MFFW,Vasco da Gama,2006,34,32,2835,14,1,2,2,4,0,0,27,51,0,44,14,16,0,31.5
Raúl Cáceres,py PAR,DFMF,Vitória,1991,20,20,1685,2,2,0,0,6,0,0,22,5,3,58,11,20,0,18.7
Reginaldo,br BRA,DF,Juventude,1993,18,14,1170,0,2,0,0,1,0,0,7,11,2,59,10,9,0,13.0
Reinaldo,br BRA,DF,Mirassol,1989,34,33,2892,13,6,6,7,6,0,0,26,32,1,206,19,33,0,32.1
Reinier,br BRA,FWMF,Atlético Mineiro,2002,13,3,333,0,0,0,0,2,0,0,6,4,0,2,2,4,0,3.7
Renato Kayser,br BRA,FW,Vitória,1996,30,25,2083,9,0,1,1,3,0,0,38,54,18,7,5,5,0,23.1
Renato Marques,br BRA,FW,Mirassol,2003,7,3,261,1,0,0,0,1,0,0,2,4,2,2,0,2,0,2.9
Renzo López,uy URU,FW,Vitória,1994,23,5,651,1,0,0,0,4,0,0,28,21,6,3,1,6,0,7.2
Renzo Saravia,ar ARG,DFMF,Atlético Mineiro,1993,19,12,1065,0,0,0,0,2,0,0,22,13,1,11,7,23,0,11.8
Renê,br BRA,DF,Fluminense,1992,28,27,2362,2,0,0,0,3,0,0,22,28,0,83,46,36,0,26.2
Rezende,br BRA,MFDF,Bahia,1995,11,5,580,0,0,0,0,0,0,0,9,9,0,0,7,8,0,6.4
Ricardo,br BRA,MF,Vitória,1994,20,11,882,0,0,0,0,3,0,0,29,11,1,4,9,9,0,9.8
Ricardo Mathias,br BRA,FW,Internacional,2006,22,7,809,5,1,0,0,1,0,0,18,9,4,6,0,5,1,9.0
Richard,br BRA,MF,Internacional,1994,7,3,275,0,0,0,0,0,0,0,5,5,0,0,8,4,0,3.1
Richard Ríos,co COL,MF,Palmeiras,2000,10,10,733,0,2,0,0,4,0,0,23,23,1,25,7,8,0,8.1
Richardson,br BRA,MF,Ceará,1991,16,10,790,0,0,0,0,4,0,0,11,9,0,1,3,10,0,8.8
Riquelme Freitas,br BRA,MFFW,Grêmio,2006,10,4,388,0,0,0,0,0,0,0,3,11,0,8,2,4,0,4.3
Robert Arboleda,ec ECU,DF,São Paulo,1991,24,22,2057,3,0,0,0,4,0,0,21,15,4,1,16,22,0,22.9
Robert Renan,br BRA,DF,Vasco da Gama,2003,15,15,1287,0,0,0,0,2,0,0,17,6,0,15,19,10,0,14.3
Robinho Junior,br BRA,MFFW,Santos,2007,15,2,352,0,1,0,0,0,0,0,3,5,0,12,1,6,0,3.9
Rodrigo,br BRA,MF,São Paulo,2004,18,8,724,0,0,0,0,5,0,0,16,4,3,24,3,11,0,8.0
Rodrigo Atencio,ar ARG,MF,Sport Recife,2002,19,2,544,0,0,0,0,1,0,0,4,7,0,36,4,3,0,6.0
Rodrigo Garro,ar ARG,MFFW,Corinthians,1998,19,15,1410,0,3,0,0,6,0,0,21,60,1,113,4,9,0,15.7
Rodrigo Nestor,br BRA,MFFW,Bahia,2000,22,8,875,5,0,0,0,5,0,0,18,17,2,33,4,16,0,9.7
Rodrigo Sam,br BRA,DF,Juventude,1995,18,16,1457,1,0,0,0,8,0,0,32,21,5,1,27,21,0,16.2
Rodrigo Santos,br BRA,MF,Fortaleza,2000,8,2,225,0,0,0,0,2,0,0,9,3,0,0,1,6,0,2.5
Romarinho,br BRA,MFFW,Sport Recife,1994,26,7,912,2,0,0,0,0,0,0,2,28,2,24,5,3,0,10.1
Ronald,br BRA,DF,Grêmio,2003,6,1,233,0,0,0,0,0,0,0,1,2,0,0,1,5,0,2.6
Ronald,br BRA,MF,Vitória,1997,29,23,1871,0,2,0,0,7,0,0,39,23,3,41,12,32,0,20.8
Ronaldo,br BRA,GK,Bahia,1996,28,28,2448,0,1,0,0,1,0,0,1,7,0,0,0,0,1,27.2
Ronaldo,br BRA,MF,Internacional,1996,15,6,774,0,0,0,0,4,1,0,20,3,2,0,13,23,0,8.6
Rony,br BRA,FWMF,Atlético Mineiro,1995,35,29,2500,6,5,0,0,4,1,0,52,57,20,58,21,18,0,27.8
Ruan,br BRA,DF,Atlético Mineiro / São Paulo,1999,16,11,1172,1,0,0,0,5,0,0,17,9,0,0,22,11,0,13.0
Ruan Carneiro,br BRA,GK,Juventude,1990,4,4,360,0,0,0,0,0,0,0,0,0,0,0,0,0,0,4.0
Rubens,br BRA,MFDF,Atlético Mineiro,2001,13,11,1033,1,0,0,0,2,0,0,17,10,0,18,28,30,0,11.5
Ryan Francisco,br BRA,FW,São Paulo,2006,8,2,205,2,0,0,0,0,0,0,4,6,1,2,0,0,0,2.3
Ryan Gustavo,br BRA,MF,Corinthians,2003,16,5,527,0,0,0,0,1,0,0,13,14,0,2,8,12,0,5.9
Rômulo,br BRA,DF,Atlético Mineiro,2004,3,2,209,0,0,0,0,1,0,0,5,0,0,1,6,4,0,2.3
Samuel Lino,br BRA,MF,Flamengo,1999,21,19,1394,4,5,0,0,1,0,0,14,19,2,49,4,16,0,15.5
Samuel Xavier,br BRA,DF,Fluminense,1990,29,26,2385,4,1,0,0,5,0,0,32,34,0,53,15,30,0,26.5
Santi Ramos Mingo,ar ARG,DF,Bahia,2001,33,33,2926,0,0,0,0,9,1,1,32,24,2,3,29,17,0,32.5
Santiago Arias,co COL,DF,Bahia,1992,21,15,1419,0,0,0,0,3,0,0,10,18,3,33,19,17,0,15.8
Santiago Rodríguez,uy URU,MF,Botafogo–RJ,2000,26,14,1328,2,5,0,0,6,0,0,22,41,2,55,11,19,0,14.8
Saúl Ñíguez,es ESP,MF,Flamengo,1994,16,12,1156,0,2,0,0,3,0,0,30,5,0,11,17,24,0,12.8
Sergio Rochet,uy URU,GK,Internacional,1993,15,15,1305,0,0,0,0,0,0,0,0,3,0,0,0,0,0,14.5
Shaylon,br BRA,MF,Mirassol,1997,13,3,439,0,0,0,0,1,0,0,5,1,1,7,5,8,0,4.9
Souza,br BRA,DF,Santos,2006,24,19,1639,1,2,0,0,4,0,0,22,20,1,77,21,30,0,18.2
Sérgio Oliveira,pt POR,MF,Sport Recife,1992,19,10,997,1,1,0,0,5,0,0,16,12,0,59,5,19,0,11.1
Talles Magno,br BRA,MFFW,Corinthians,2002,24,10,961,1,1,0,0,2,0,0,22,37,9,3,5,17,0,10.7
Tchê Tchê,br BRA,MF,Vasco da Gama,1992,29,24,2000,1,0,0,0,3,0,0,26,41,1,11,12,10,0,22.2
Thaciano,br BRA,MFFW,Santos,1995,19,5,614,3,0,0,0,2,0,0,5,9,9,4,3,8,0,6.8
Thiago,br BRA,GK,Vitória,1999,9,8,785,0,0,0,0,0,0,0,1,1,0,0,0,0,0,8.7
Thiago Borbas,uy URU,FW,RB Bragantino,2002,19,5,580,1,1,0,0,4,0,0,17,7,0,1,1,4,0,6.4
Thiago Maia,br BRA,MF,Internacional,1997,31,25,1980,2,1,0,0,3,0,0,24,11,0,10,32,25,0,22.0
Thiago Mendes,br BRA,MF,Vasco da Gama,1992,8,3,300,0,0,0,0,1,0,0,5,4,0,0,4,1,0,3.3
Thiago Silva,br BRA,DF,Fluminense,1984,25,24,2157,2,0,0,0,1,0,0,11,9,0,4,20,5,0,24.0
Thiago dos Santos,br BRA,MFDF,Fluminense,1989,10,3,287,0,0,0,0,2,0,0,10,3,0,0,3,8,0,3.2
Tiago,br BRA,FW,Bahia,2005,25,5,902,3,2,0,0,2,0,0,18,28,3,11,0,10,0,10.0
Tiago Volpi,br BRA,GK,Grêmio,1990,32,32,2880,2,0,2,2,2,0,0,1,10,0,0,0,0,0,32.0
Tiquinho Soares,br BRA,FW,Santos,1991,27,13,1252,2,3,2,2,3,0,0,29,38,5,2,2,9,0,13.9
Titi,br BRA,DF,Fortaleza,1988,3,3,269,0,0,0,0,2,1,1,4,1,0,0,10,1,0,3.0
Tomas Pochettino,ar ARG,MFFW,Fortaleza,1996,26,18,1537,3,4,0,0,3,0,0,11,13,4,115,24,21,0,17.1
Tomás Cuello,ar ARG,MFFW,Atlético Mineiro,2000,16,14,1203,1,1,0,0,3,1,0,18,28,1,33,7,16,0,13.4
Tomás Rincón,ve VEN,MF,Santos,1988,17,11,922,0,0,0,0,4,1,0,24,7,0,7,11,13,0,10.2
Vanderlan,br BRA,DF,RB Bragantino,2002,14,12,1055,0,1,0,0,4,0,0,21,9,1,56,5,15,0,11.7
Vanderlan,br BRA,DFMF,Palmeiras,2002,3,3,198,0,0,0,0,0,0,0,5,3,0,6,4,3,0,2.2
Victor Gabriel,br BRA,DF,Internacional,2004,14,13,1109,2,0,0,0,1,0,0,21,4,0,3,18,18,0,12.3
Victor Hugo,br BRA,MF,Santos / Flamengo,2004,10,6,449,0,0,0,0,0,0,0,3,3,0,7,2,2,0,5.0
Victor Luis,br BRA,MFDF,Vasco da Gama,1993,7,2,273,0,0,0,0,0,1,0,4,5,0,11,2,1,1,3.0
Vinicius Mendonça,br BRA,MF,RB Bragantino,2004,23,11,1039,0,3,0,0,2,0,0,16,39,4,19,6,16,0,11.5
Vinícius,br BRA,MF,Ceará,1991,16,5,567,0,1,0,0,2,1,0,8,8,0,32,0,2,0,6.3
Vinícius Zanocelo,br BRA,MF,Ceará,2001,15,12,1087,1,0,0,0,2,0,0,24,6,0,7,14,15,0,12.1
Vitinho,br BRA,DF,Botafogo–RJ,1999,36,34,2831,1,2,0,0,3,0,0,29,18,4,120,25,39,0,31.5
Vitinho,br BRA,FW,Corinthians,1993,12,4,479,0,3,0,0,0,0,0,6,11,1,28,2,8,0,5.3
Vitinho,br BRA,MFFW,Internacional,1999,27,20,1679,5,1,0,0,4,0,0,42,35,5,33,16,20,0,18.7
Vitor Hugo,br BRA,DF,Atlético Mineiro,1991,23,20,1639,3,0,0,0,3,1,0,18,3,1,0,29,19,0,18.2
Vitor Roque,br BRA,FW,Palmeiras,2005,33,24,2117,16,3,1,1,4,0,0,35,91,17,16,5,16,0,23.5
Vitão,br BRA,DF,Internacional,2000,31,31,2719,0,2,0,0,5,0,0,22,1,0,2,21,20,1,30.2
Wagner,br BRA,DF,Grêmio,1999,29,26,2369,0,2,0,0,3,0,0,21,6,1,0,37,16,0,26.3
Walace,br BRA,MF,Cruzeiro,1995,17,4,384,0,0,0,0,4,0,0,10,3,0,3,6,4,0,4.3
Wallace,br BRA,FW,Flamengo,2005,17,4,443,1,2,0,0,5,1,1,10,22,5,9,3,4,0,4.9
Walter,br BRA,GK,Mirassol,1987,31,31,2790,0,0,0,0,5,0,0,0,5,0,0,0,0,0,31.0
Walter Kannemann,ar ARG,DF,Grêmio,1991,20,19,1723,0,0,0,0,8,1,0,24,13,0,2,23,11,0,19.1
Wanderson,br BRA,MF,Cruzeiro,1994,27,25,1792,0,2,0,0,2,0,0,25,15,6,65,6,8,0,19.9
Wellington Rato,br BRA,FWMF,Vitória,1992,5,3,212,1,0,0,0,0,0,0,3,3,0,9,1,1,0,2.4
Wendell,br BRA,MFDF,São Paulo,1993,16,11,838,0,1,0,0,0,0,0,13,16,1,33,10,13,0,9.3
Wesley,br BRA,DF,Flamengo,2003,11,11,982,1,2,0,0,4,0,0,16,22,1,49,9,20,0,10.9
Wesley,br BRA,MFFW,Internacional,1999,18,16,1233,0,3,0,0,2,0,0,20,35,6,33,6,20,0,13.7
Weverson,br BRA,DF,Fortaleza,2000,4,2,219,0,0,0,0,0,0,0,6,2,0,6,1,2,0,2.4
Wilker Ángel,ve VEN,DF,Juventude,1993,18,16,1423,1,0,0,0,5,0,0,26,5,3,0,12,6,0,15.8
William,br BRA,DF,Cruzeiro,1995,30,25,2281,0,6,0,0,4,1,1,40,18,4,165,43,49,0,25.3
Willian,br BRA,MF,Grêmio,1988,6,4,308,1,2,1,1,0,0,0,2,8,0,19,1,1,0,3.4
Willian,br BRA,MF,Vitória,1993,20,16,1411,1,0,0,0,8,0,0,35,14,0,2,21,12,0,15.7
Willian Arão,br BRA,MF,Santos,1992,13,9,779,0,0,0,0,0,0,0,11,11,1,0,15,7,0,8.7
Willian José,br BRA,FW,Bahia,1991,33,28,2115,11,6,3,5,3,0,0,12,21,3,9,5,9,0,23.5
Willian Machado,br BRA,DF,Ceará,1996,36,36,3219,0,1,0,0,7,0,0,25,19,1,7,29,29,1,35.8
Wéverton,br BRA,GK,Palmeiras,1987,26,26,2340,0,0,0,0,2,0,0,0,10,0,0,0,1,0,26.0
Yago,br BRA,MF,Mirassol,1995,19,8,630,0,1,0,0,3,0,0,15,25,0,5,7,7,0,7.0
Yago Pikachu,br BRA,MFFW,Fortaleza,1992,31,14,1389,2,1,2,2,2,0,0,16,21,4,61,4,7,0,15.4
Yeferson Soteldo,ve VEN,MF,Santos / Fluminense,1997,22,6,822,2,2,0,0,1,0,0,4,23,1,76,3,6,0,9.1
Yeison Guzmán,co COL,MF,Fortaleza,1998,5,1,188,0,0,0,0,0,0,0,2,4,0,12,1,1,0,2.1
Young,br BRA,GK,São Paulo,2002,3,3,270,0,0,0,0,0,0,0,0,0,0,0,0,0,0,3.0
Yuri Alberto,br BRA,FW,Corinthians,2001,26,21,2005,10,2,2,3,3,0,0,23,44,12,5,3,9,0,22.3
Zé Ivaldo,br BRA,DF,Santos,1997,21,20,1799,1,0,0,0,8,1,1,23,16,2,5,21,24,0,20.0
Zé Lucas,br BRA,MF,Sport Recife,2008,24,21,1596,0,0,0,0,4,0,0,29,24,2,6,28,28,0,17.7
Zé Marcos,br BRA,DF,Vitória,1998,28,26,2426,1,1,0,0,6,0,0,23,20,2,4,18,16,0,27.0
Zé Rafael,br BRA,MF,Santos,1993,27,22,1854,1,0,0,0,6,0,0,41,52,1,5,13,45,0,20.6
Álvaro Barreal,ar ARG,MFFW,Santos,2000,34,28,2239,9,1,1,1,2,0,0,28,21,6,125,22,25,0,24.9
Álvaro Montoro,ar ARG,MF,Botafogo–RJ,2007,16,10,936,3,3,0,0,3,0,0,10,12,0,13,13,16,0,10.4
Ángel Romero,py PAR,FWMF,Corinthians,1992,27,11,1068,0,1,0,0,4,1,0,12,24,6,26,7,13,0,11.9
Éverson,br BRA,GK,Atlético Mineiro,1990,36,36,3240,0,0,0,0,8,0,0,0,6,0,0,2,0,0,36.0
Ênio,br BRA,MFFW,Juventude,2001,26,8,1108,3,0,0,0,3,0,0,8,34,6,30,1,4,0,12.3
Óscar Romero,py PAR,MF,Internacional,1992,17,5,505,0,1,0,0,3,0,0,9,18,0,29,5,8,0,5.6
