Rk,Player,Nation,Pos,Squad,Age,Born,MP,Starts,Min,90s,Gls,Ast,G+A,G-PK,PK,PKatt,CrdY,CrdR,2CrdY,Fls,Fld,Off,Crs,Int,TklW,PKwon,PKcon,OG
1,Abner,br BRA,DF,Juventude,20,2004,19,13,1318,14.6,0,1,1,0,0,0,3,0,0,16,5,1,0,18,11,,,0
2,Nicolás Acevedo,uy URU,MF,Bahia,25,1999,32,18,1690,18.8,0,1,1,0,0,0,6,0,0,44,28,0,10,30,42,,,0
3,Luciano Acosta,ar ARG,MF,Fluminense,30,1994,16,15,1199,13.3,3,2,5,3,0,0,5,0,0,27,25,2,37,0,15,,,0
4,Adriel,br BRA,MF,Sport Recife,18,2006,5,1,148,1.6,0,0,0,0,0,0,1,0,0,7,0,0,0,2,3,,,0
5,Adson,br BRA,MF,Vasco da Gama,24,2000,10,0,210,2.3,0,0,0,0,0,0,0,0,0,2,3,0,7,0,3,,,0
6,Braian Aguirre,ar ARG,DFMF,Internacional,24,2000,30,28,2389,26.5,1,0,1,1,0,0,4,0,0,44,6,3,80,31,44,,,0
7,Carlos Alberto,br BRA,MFFW,Sport Recife,22,2002,9,4,330,3.7,0,0,0,0,0,0,1,0,0,7,0,1,4,9,4,,,0
8,Yuri Alberto,br BRA,FW,Corinthians,23,2001,26,21,2005,22.3,10,2,12,8,2,3,3,0,0,23,44,12,5,3,9,,,0
9,José Aldo,br BRA,MF,Mirassol,26,1998,30,15,1369,15.2,0,1,1,0,0,0,6,0,0,32,16,1,8,25,26,,,0
10,Alesson,br BRA,FWMF,Mirassol,25,1999,26,16,1456,16.2,6,5,11,6,0,0,1,0,0,31,22,13,45,7,13,,,0
11,Caio Alexandre,br BRA,MF,Bahia,25,1999,21,17,1303,14.5,0,1,1,0,0,0,4,0,0,32,30,0,14,12,18,,,0
12,Matheus Alexandre,br BRA,DF,Sport Recife,25,1999,26,20,1779,19.8,0,1,1,0,0,0,9,1,1,29,14,0,48,37,30,,,0
13,Alexsander,br BRA,MF,Atlético Mineiro,21,2003,14,8,828,9.2,1,0,1,1,0,0,3,0,0,19,18,0,5,12,22,,,0
14,Alisson,br BRA,MF,São Paulo,31,1993,31,21,1960,21.8,0,1,1,0,0,0,6,0,0,20,32,2,30,14,20,,,0
15,Allan,br BRA,MF,Palmeiras,20,2004,28,8,921,10.2,2,3,5,2,0,0,0,1,0,14,12,1,15,9,20,,,0
16,Allan,br BRA,MF,Botafogo–RJ,34,1991,21,11,965,10.7,0,0,0,0,0,0,8,0,0,28,11,0,8,7,20,,,0
17,Allan,br BRA,MF,Flamengo,27,1997,13,9,683,7.6,0,0,0,0,0,0,2,0,0,18,7,0,0,6,4,,,0
18,Allanzinho,br BRA,MF,Fortaleza,24,2000,9,2,287,3.2,0,2,2,0,0,0,1,0,0,6,11,1,15,2,2,,,0
19,Júnior Alonso,py PAR,DF,Atlético Mineiro,31,1993,31,31,2610,29.0,1,1,2,1,0,0,6,2,0,23,11,0,12,30,21,,,1
20,Dyogo Alves,br BRA,GK,Flamengo,21,2004,1,1,90,1.0,0,0,0,0,0,0,0,0,0,0,1,0,0,0,0,,,0
21,Matheus Alves,br BRA,MF,São Paulo,19,2005,8,4,371,4.1,0,1,1,0,0,0,3,0,0,9,6,1,4,3,4,,,0
22,Alysson,br BRA,MFFW,Grêmio,18,2006,31,21,1718,19.1,1,2,3,1,0,0,6,0,0,25,64,3,33,17,24,,,0
23,Francis Amuzu,be BEL,MF,Grêmio,25,1999,22,13,1145,12.7,4,2,6,4,0,0,4,0,0,10,23,3,39,0,8,,,0
24,Felipe Anderson,br BRA,MF,Palmeiras,31,1993,31,24,1773,19.7,4,2,6,4,0,0,0,0,0,13,18,2,34,20,35,,,0
25,Kervin Andrade,ve VEN,MF,Fortaleza,19,2005,7,1,163,1.8,0,1,1,0,0,0,3,0,0,6,4,1,10,1,4,,,0
26,André,br BRA,MF,Corinthians,18,2006,9,1,315,3.5,2,0,2,2,0,0,0,0,0,8,9,0,0,2,7,,,0
27,José Andrés Martínez,ve VEN,MF,Corinthians,30,1994,24,17,1396,15.5,1,1,2,1,0,0,11,2,1,21,28,1,37,14,19,,,0
28,Wilker Ángel,ve VEN,DF,Juventude,31,1993,18,16,1423,15.8,1,0,1,1,0,0,5,0,0,26,5,3,0,12,6,,,0
29,Fabrizio Angileri,ar ARG,DF,Corinthians,30,1994,28,17,1638,18.2,0,0,0,0,0,0,4,0,0,18,5,1,60,12,22,,,0
30,Anthoni,br BRA,GK,Internacional,23,2002,18,16,1530,17.0,0,0,0,0,0,0,0,0,0,0,2,0,0,0,0,,,1
31,Marcos Antônio,br BRA,MF,São Paulo,24,2000,28,23,1896,21.1,0,4,4,0,0,0,4,0,0,29,27,2,9,8,8,,,0
32,Léo Aragão,br BRA,GK,Cruzeiro,22,2002,4,3,334,3.7,0,0,0,0,0,0,1,0,0,0,1,0,0,0,0,,,0
33,Guilherme Arana,br BRA,DFMF,Atlético Mineiro,27,1997,25,20,1748,19.4,1,1,2,1,0,0,7,0,0,20,17,2,67,19,18,,,0
34,Willian Arão,br BRA,MF,Santos,32,1992,13,9,779,8.7,0,0,0,0,0,0,0,0,0,11,11,1,0,15,7,,,0
35,Luiz Araújo,br BRA,MF,Flamengo,28,1996,35,15,1765,19.6,7,3,10,7,0,0,2,0,0,32,24,1,105,8,35,,,0
36,Matheus Araújo,br BRA,MF,Ceará,22,2002,11,2,270,3.0,1,1,2,1,0,0,0,0,0,3,3,0,10,0,1,,,0
37,Michel Araujo,uy URU,MF,Bahia,28,1996,24,8,852,9.5,4,1,5,4,0,0,3,0,0,16,17,1,12,7,23,,,0
38,Alexander Aravena,cl CHI,MF,Grêmio,22,2002,22,3,581,6.5,3,0,3,3,0,0,1,0,0,6,11,1,10,0,4,,,0
39,Robert Arboleda,ec ECU,DF,São Paulo,33,1991,24,22,2057,22.9,3,0,3,3,0,0,4,0,0,21,15,4,1,16,22,,,0
40,Lucas Arcanjo,br BRA,GK,Vitória,26,1998,29,29,2545,28.3,0,0,0,0,0,0,3,0,0,0,3,0,0,0,0,,,0
41,Matias Arezo,uy URU,FW,Grêmio,22,2002,8,3,268,3.0,1,1,2,1,0,0,1,0,0,5,2,2,4,0,1,,,0
42,Jhon Arias,co COL,MFFW,Fluminense,27,1997,12,12,1079,12.0,1,4,5,0,1,1,1,0,0,14,33,1,74,4,10,,,0
43,Santiago Arias,co COL,DF,Bahia,33,1992,21,15,1419,15.8,0,0,0,0,0,0,3,0,0,10,18,3,33,19,17,,,0
44,Giorgian de Arrascaeta,uy URU,MF,Flamengo,30,1994,33,30,2350,26.1,18,14,32,16,2,3,3,0,0,13,54,2,144,6,17,,,0
45,Keny Arroyo,ec ECU,MF,Cruzeiro,18,2006,13,7,646,7.2,2,1,3,2,0,0,4,0,0,6,18,0,15,5,4,,,0
46,Arthur,br BRA,FW,Sport Recife,21,2003,6,1,200,2.2,0,0,0,0,0,0,0,0,0,3,7,0,0,1,0,,,0
47,Artur,br BRA,MF,Botafogo–RJ,26,1998,28,22,1917,21.3,5,4,9,5,0,0,3,0,0,19,30,3,58,12,13,,,0
48,Rodrigo Atencio,ar ARG,MF,Sport Recife,22,2002,19,2,544,6.0,0,0,0,0,0,0,1,0,0,4,7,0,36,4,3,,,0
49,Loide Augusto,ao ANG,MF,Vasco da Gama,24,2000,10,2,192,2.1,0,0,0,0,0,0,1,0,0,9,4,0,8,1,2,,,0
50,Leo Augusto Pereira,br BRA,FWMF,Vitória,24,2000,6,0,166,1.8,0,0,0,0,0,0,0,0,0,5,9,1,8,1,3,,,0
51,Leo Augusto Pereira,br BRA,MFFW,Sport Recife,24,2000,16,13,1108,12.3,3,1,4,3,0,0,0,0,0,17,28,9,35,4,10,,,0
52,Renato Augusto,br BRA,MF,Fluminense,36,1988,2,0,20,0.2,0,0,0,0,0,0,0,0,0,0,0,0,0,0,0,,,0
53,Gastón Ávila,ar ARG,DF,Fortaleza,23,2001,27,25,2321,25.8,0,0,0,0,0,0,4,0,0,23,25,1,26,28,44,,,0
54,Aylon,br BRA,MFFW,Ceará,32,1992,23,8,792,8.8,2,0,2,2,0,0,3,0,0,24,22,2,8,1,11,,,0
55,Matheus Babi,br BRA,FW,Juventude,27,1997,20,2,478,5.3,2,0,2,2,0,0,4,0,0,17,16,6,0,1,4,,,0
56,Bahia,br BRA,MF,Corinthians,19,2006,2,1,49,0.5,0,0,0,0,0,0,0,0,0,0,1,0,0,2,2,,,0
57,Gabriel Bahia,br BRA,DF,Botafogo–RJ,26,1998,4,3,236,2.6,0,0,0,0,0,0,0,0,0,2,1,0,0,2,2,,,0
58,Matheus Bahia,br BRA,DF,Ceará,25,1999,28,28,2462,27.4,0,1,1,0,0,0,6,0,0,25,30,0,91,25,32,,,0
59,Fabián Balbuena,py PAR,DF,Grêmio,33,1991,3,3,225,2.5,1,0,1,1,0,0,0,0,0,0,3,0,1,4,1,,,0
60,Gabriel Baralhas,br BRA,MF,Vitória,26,1998,28,26,2276,25.3,2,1,3,2,0,0,10,0,0,42,29,0,11,39,34,,,0
61,Danilo Barbosa,br BRA,DFMF,Botafogo–RJ,28,1996,3,0,39,0.4,0,0,0,0,0,0,1,0,0,1,0,0,0,1,1,,,0
62,Diogo Barbosa,br BRA,DF,Fortaleza,32,1992,19,13,1239,13.8,1,0,1,1,0,0,2,0,0,7,14,0,22,10,18,,,0
63,Gabriel Barbosa,br BRA,FWMF,Cruzeiro,28,1996,30,9,1083,12.0,6,2,8,5,1,2,7,0,0,9,14,13,14,0,3,,,0
64,Lucas Barbosa,br BRA,MF,RB Bragantino,23,2001,34,31,2330,25.9,4,3,7,4,0,0,10,1,1,67,41,8,51,19,28,,,0
65,Alexander Barboza,ar ARG,DF,Botafogo–RJ,29,1995,24,24,2147,23.9,0,0,0,0,0,0,14,0,0,50,3,2,3,23,39,,,0
66,Adam Bareiro,py PAR,FW,Fortaleza,28,1996,21,10,886,9.8,7,2,9,6,1,2,7,1,0,32,23,2,2,0,10,,,0
67,Chrystian Barletta,br BRA,MF,Sport Recife,23,2001,34,17,1499,16.7,2,0,2,2,0,0,2,0,0,14,35,5,54,11,7,,,0
68,Álvaro Barreal,ar ARG,MFFW,Santos,24,2000,34,28,2239,24.9,9,1,10,8,1,1,2,0,0,28,21,6,125,22,25,,,0
69,Jordan Barrera,co COL,MF,Botafogo–RJ,18,2006,6,2,307,3.4,1,0,1,1,0,0,1,0,0,3,8,0,9,0,2,,,0
70,Kadir Barría,pa PAN,FW,Botafogo–RJ,17,2007,6,2,174,1.9,2,0,2,2,0,0,1,0,0,4,4,1,0,0,4,,,0
71,Cauan Barros,br BRA,MF,Vasco da Gama,20,2004,17,16,1340,14.9,1,0,1,1,0,0,5,0,0,32,28,0,7,24,22,,,0
72,Enmerson Batalla,co COL,MFFW,Juventude,23,2001,22,17,1318,14.6,4,2,6,4,0,0,3,0,0,17,31,1,47,2,17,,,0
73,Paulo Baya,br BRA,MFFW,Ceará,25,1999,15,4,436,4.8,0,0,0,0,0,0,0,0,0,2,5,1,38,1,2,,,0
74,Paulo Baya,br BRA,MF,Fluminense,25,1999,4,0,38,0.4,1,1,2,1,0,0,0,0,0,0,0,0,0,0,0,,,0
75,Erick Belé,br BRA,MF,Palmeiras,18,2007,2,0,24,0.3,0,0,0,0,0,0,0,0,0,0,1,0,0,0,2,,,0
76,Luis Benedetti,br BRA,DF,Palmeiras,18,2006,5,4,377,4.2,1,0,1,1,0,0,0,0,0,3,2,0,1,7,2,,,0
77,Alan Benítez,py PAR,DFMF,Internacional,31,1994,11,5,550,6.1,0,0,0,0,0,0,0,0,0,5,0,0,13,3,6,,,0
78,Alexandro Bernabei,ar ARG,DFMF,Internacional,24,2000,30,29,2579,28.7,0,4,4,0,0,0,10,1,1,62,34,3,123,34,46,,,0
79,Facundo Bernal,uy URU,MF,Fluminense,21,2003,22,11,1037,11.5,0,0,0,0,0,0,8,0,0,17,13,0,1,10,19,,,1
80,Bernard,br BRA,MFFW,Atlético Mineiro,32,1992,30,12,1210,13.4,1,1,2,1,0,0,4,0,0,25,13,2,53,7,15,,,0
81,Bernardo,br BRA,DF,Juventude,19,2005,1,1,45,0.5,0,0,0,0,0,0,0,0,0,1,0,0,0,1,2,,,0
82,Matheus Bianqui,br BRA,MF,Mirassol,27,1998,13,0,147,1.6,0,0,0,0,0,0,1,0,0,7,1,0,2,0,5,,,0
83,Matheus Bidu,br BRA,DFMF,Corinthians,25,1999,26,23,1965,21.8,0,2,2,0,0,0,7,0,0,22,66,7,73,23,28,,,0
84,Biel,br BRA,MFFW,Atlético Mineiro,23,2001,17,6,595,6.6,1,2,3,1,0,0,1,0,0,5,16,0,10,4,3,,,0
85,Rafael Bilu,br BRA,MFFW,Juventude,25,1999,15,10,688,7.6,1,0,1,1,0,0,1,0,0,20,24,2,17,0,8,,,0
86,Damián Bobadilla,py PAR,MF,São Paulo,23,2001,31,22,2100,23.3,4,2,6,4,0,0,6,0,0,36,12,1,13,20,31,,,0
87,Yannick Bolasie,cd COD,FWMF,Cruzeiro,35,1989,18,0,177,2.0,0,1,1,0,0,0,1,0,0,11,4,2,8,0,2,,,0
88,Gabriel Bontempo,br BRA,MF,Santos,20,2005,25,9,997,11.1,2,1,3,2,0,0,1,0,0,10,19,0,12,17,13,,,0
89,Thiago Borbas,uy URU,FW,RB Bragantino,22,2002,19,5,580,6.4,1,1,2,1,0,0,4,0,0,17,7,0,1,1,4,,,0
90,Daniel Borges,br BRA,DF,Mirassol,31,1993,16,9,904,10.0,2,2,4,2,0,0,3,0,0,17,10,0,44,10,7,,,0
91,Marllon Borges,br BRA,DF,Ceará,32,1992,25,23,2083,23.1,2,0,2,2,0,0,3,0,0,18,13,0,2,15,11,,,0
92,Pedro Borges,br BRA,MF,Fortaleza,27,1997,1,0,37,0.4,0,0,0,0,0,0,2,1,1,3,0,0,0,0,1,,,0
93,Pedro Borges,br BRA,MF,Sport Recife,27,1997,13,4,508,5.6,0,0,0,0,0,0,5,0,0,11,11,0,0,7,9,,,0
94,Rafael Borré,co COL,FW,Internacional,29,1995,30,20,1809,20.1,5,2,7,4,1,1,3,1,0,38,21,14,12,7,30,,,0
95,Lucas Braga,br BRA,MFDF,Vitória,28,1996,21,11,968,10.8,1,0,1,1,0,0,1,0,0,13,25,3,15,6,15,,,0
96,Bilal Brahimi,dz ALG,FWMF,Santos,24,2000,1,0,21,0.2,0,0,0,0,0,0,0,0,0,0,0,0,3,0,0,,,0
97,Martin Braithwaite,dk DEN,FW,Grêmio,33,1991,18,18,1456,16.2,6,1,7,2,4,4,3,0,0,23,27,2,3,4,5,,,0
98,Gabriel Brazão,br BRA,GK,Santos,24,2000,38,38,3397,37.7,0,0,0,0,0,0,2,0,0,1,13,0,0,2,1,,,0
99,Brenno,br BRA,GK,Fortaleza,25,1999,15,15,1350,15.0,0,0,0,0,0,0,2,1,0,0,4,0,0,0,0,,,0
100,Breno,br BRA,MFFW,Fortaleza,29,1996,32,29,2280,25.3,6,3,9,6,0,0,5,0,0,13,53,20,107,6,9,,,0
101,Breno,br BRA,MF,Corinthians,19,2005,33,31,2522,28.0,1,1,2,1,0,0,10,1,1,66,83,1,23,19,28,,,0
102,Emanuel Brítez,ar ARG,DF,Fortaleza,32,1992,18,18,1597,17.7,0,1,1,0,0,0,10,0,0,19,18,2,14,21,17,,,0
103,Bruninho,br BRA,MF,Fortaleza,19,2005,1,1,68,0.8,0,0,0,0,0,0,0,0,0,0,2,0,0,2,2,,,0
104,Fabrício Bruno,br BRA,DF,Cruzeiro,28,1996,33,33,2950,32.8,3,0,3,3,0,0,9,1,1,25,19,0,8,24,36,,,0
105,Kaiki Bruno,br BRA,DF,Cruzeiro,21,2003,34,34,2993,33.3,1,5,6,1,0,0,10,0,0,64,32,1,87,44,70,,,0
106,Gustavo Caballero,py PAR,MF,Santos,23,2001,12,1,332,3.7,1,1,2,1,0,0,1,0,0,8,11,2,16,7,7,,,1
107,Arthur Cabral,br BRA,FW,Botafogo–RJ,26,1998,21,16,1439,16.0,4,2,6,4,0,0,1,0,0,33,28,5,1,2,7,,,0
108,Cacá,br BRA,DF,Corinthians,25,1999,18,16,1408,15.6,2,0,2,2,0,0,4,0,0,20,17,0,1,9,21,,,0
109,Raúl Cáceres,py PAR,DFMF,Vitória,33,1991,20,20,1685,18.7,2,2,4,2,0,0,6,0,0,22,5,3,58,11,20,,,0
110,Cadu,br BRA,FW,Atlético Mineiro,20,2004,1,0,7,0.1,0,0,0,0,0,0,0,0,0,0,0,0,0,0,0,,,0
111,Calebe,br BRA,MF,Fortaleza,24,2000,7,2,229,2.5,1,0,1,1,0,0,2,0,0,2,5,1,8,2,2,,,0
112,Jonathan Calleri,ar ARG,FW,São Paulo,31,1993,3,2,121,1.3,0,0,0,0,0,1,0,1,0,2,2,0,0,0,1,,,0
113,João Camargo,br BRA,FW,Flamengo,17,2007,1,0,18,0.2,0,0,0,0,0,0,0,0,0,2,0,0,0,0,0,,,0
114,Camilo,br BRA,MFDF,Grêmio,25,1999,16,6,735,8.2,0,0,0,0,0,0,2,0,0,20,1,0,2,14,12,,,0
115,Camutanga,br BRA,DF,Vitória,31,1993,15,15,1238,13.8,0,0,0,0,0,0,7,0,0,19,9,1,0,16,10,,,0
116,Luan Cândido,br BRA,DF,Sport Recife,23,2001,16,15,1318,14.6,1,0,1,1,0,0,2,0,0,20,7,2,12,16,9,,,1
117,Germán Cano,ar ARG,FW,Fluminense,36,1988,22,18,1498,16.6,6,0,6,5,1,1,1,0,0,10,25,5,11,2,3,,,0
118,Agustín Canobbio,uy URU,MF,Fluminense,26,1998,30,27,2108,23.4,4,2,6,3,1,1,6,0,0,44,53,6,72,13,31,,,0
119,Aitor Cantalapiedra,es ESP,MFFW,Vitória,28,1996,19,18,1275,14.2,3,3,6,3,0,0,2,0,0,5,16,3,87,4,8,,,0
120,Juninho Capixaba,br BRA,DFMF,RB Bragantino,27,1997,24,22,1972,21.9,1,1,2,1,0,0,4,0,0,33,41,3,53,21,34,,,0
121,Johan Carbonero,co COL,MFFW,Internacional,25,1999,23,15,1457,16.2,5,2,7,4,1,1,6,1,0,32,60,14,22,2,8,,,0
122,Felipe Cardoso,br BRA,MF,Vitória,21,2003,3,0,78,0.9,0,0,0,0,0,0,0,0,0,1,1,0,3,0,1,,,0
123,Edson Carioca,br BRA,FWMF,Mirassol,27,1997,21,16,1168,13.0,4,2,6,4,0,0,1,0,0,29,14,2,15,7,17,,,0
124,Igor Cariús,br BRA,DFMF,Sport Recife,31,1993,28,21,1726,19.2,1,0,1,1,0,0,3,0,0,28,29,7,35,27,30,,,1
125,Carlinhos,br BRA,FW,Vitória,27,1997,6,1,165,1.8,1,0,1,1,0,0,2,1,0,9,1,3,0,2,1,,,0
126,Antonio Carlos,br BRA,DF,Sport Recife,31,1993,3,3,270,3.0,0,0,0,0,0,0,0,0,0,3,1,0,0,1,2,,,0
127,Jean Carlos Vicente,br BRA,MF,Juventude,32,1992,7,2,203,2.3,0,0,0,0,0,0,1,0,0,3,2,3,16,0,3,,,0
128,Ruan Carneiro,br BRA,GK,Juventude,34,1990,4,4,360,4.0,0,0,0,0,0,0,0,0,0,0,0,0,0,0,0,,,0
129,Jorge Carrascal,co COL,MF,Flamengo,26,1998,16,11,821,9.1,2,5,7,2,0,0,4,0,0,21,20,0,44,5,17,,,0
130,André Carrillo,pe PER,MF,Corinthians,33,1991,22,16,1279,14.2,1,0,1,1,0,0,3,0,0,31,14,2,30,13,12,,,0
131,Gabriel Carvalho,br BRA,MF,Internacional,17,2007,3,0,72,0.8,0,0,0,0,0,0,0,0,0,1,1,0,0,0,1,,,0
132,Cássio,br BRA,GK,Cruzeiro,37,1987,35,35,3086,34.3,0,0,0,0,0,0,6,0,0,0,9,0,0,0,0,,,0
133,Iury de Castilho,br BRA,FWMF,Mirassol,29,1995,9,6,499,5.5,1,0,1,1,0,0,2,0,0,7,18,6,4,2,6,,,0
134,Caue,br BRA,DF,RB Bragantino,18,2006,2,0,41,0.5,0,1,1,0,0,0,0,0,0,0,0,0,1,1,1,,,0
135,Murilo Cerqueira,br BRA,DF,Palmeiras,27,1997,20,20,1660,18.4,1,1,2,1,0,0,6,0,0,29,6,0,9,15,19,,,0
136,Julio Cesar,br BRA,DF,Fluminense,18,2006,3,2,176,2.0,0,1,1,0,0,0,0,0,0,2,7,0,9,4,2,,,0
137,Kayky Chagas,br BRA,MF,Bahia,21,2003,26,8,890,9.9,1,2,3,1,0,0,2,0,0,7,13,2,11,5,12,,,0
138,Gabriel Chapecó,br BRA,GK,Grêmio,24,2000,6,6,540,6.0,0,0,0,0,0,0,2,1,1,0,3,0,0,0,0,,,0
139,Chico,br BRA,DF,Sport Recife,26,1998,13,12,1060,11.8,0,0,0,0,0,0,1,0,0,9,5,0,1,11,12,,,0
140,Chico,br BRA,MF,Mirassol,33,1991,13,2,349,3.9,1,1,2,1,0,0,1,0,0,8,15,0,7,5,8,,,0
141,Christian,br BRA,MF,Cruzeiro,24,2000,30,29,2357,26.2,5,2,7,5,0,0,9,0,0,44,48,8,30,21,23,,,0
142,Cipriano,br BRA,DF,Juventude,22,2002,3,3,189,2.1,0,0,0,0,0,0,1,1,0,3,0,0,0,3,1,,,0
143,Claudinho,br BRA,DFMF,Vitória,24,2000,15,9,901,10.0,0,0,0,0,0,0,5,0,0,10,8,0,47,10,10,,,0
144,Clayson,br BRA,MF,Mirassol,29,1995,6,3,256,2.8,0,1,1,0,0,0,2,0,0,3,8,2,22,0,1,,,0
145,Clayton,br BRA,DF,Internacional,24,2000,11,8,762,8.5,0,0,0,0,0,0,2,0,0,14,1,0,2,11,6,,,0
146,Cleiton,br BRA,DF,Flamengo,21,2003,2,0,79,0.9,0,0,0,0,0,0,0,0,0,1,2,0,0,2,2,,,0
147,Mateus Cocão,br BRA,MF,Vasco da Gama,22,2002,19,5,593,6.6,0,0,0,0,0,0,1,0,0,15,5,0,1,11,9,,,0
148,Igor Coronado,br BRA,MF,Corinthians,32,1992,6,3,342,3.8,1,0,1,1,0,0,1,0,0,7,5,0,28,4,1,,,0
149,Joaquín Correa,ar ARG,MFFW,Botafogo–RJ,30,1994,18,10,898,10.0,2,0,2,2,0,0,2,0,0,13,21,2,18,2,6,,,0
150,Francisco da Costa,br BRA,FW,Mirassol,29,1995,20,13,1190,13.2,6,0,6,6,0,0,3,0,0,15,18,10,2,2,0,,,0
151,Philippe Coutinho,br BRA,MF,Vasco da Gama,32,1992,30,30,2403,26.7,5,3,8,5,0,0,3,1,0,22,40,3,134,7,10,,,0
152,Lucas Crispim,br BRA,MF,Fortaleza,30,1994,10,5,424,4.7,1,1,2,1,0,0,0,0,0,8,15,1,17,2,0,,,0
153,Franco Cristaldo,ar ARG,MF,Grêmio,28,1996,30,11,1259,14.0,1,3,4,1,0,0,1,0,0,10,31,1,70,4,14,,,0
154,Gustavo Cuellar,co COL,MF,Grêmio,32,1992,17,10,881,9.8,0,0,0,0,0,0,3,0,0,17,14,0,3,15,23,,,0
155,Tomás Cuello,ar ARG,MFFW,Atlético Mineiro,24,2000,16,14,1203,13.4,1,1,2,1,0,0,3,1,0,18,28,1,33,7,16,,,0
156,Carlos Cuesta,co COL,DF,Vasco da Gama,25,1999,13,12,1092,12.1,1,0,1,1,0,0,3,0,0,17,3,1,7,10,11,,,0
157,Cuiabano,br BRA,DFMF,Botafogo–RJ,21,2003,30,15,1534,17.0,5,2,7,5,0,0,4,0,0,32,19,1,59,19,25,,,0
158,Jair Cunha,br BRA,DF,Botafogo–RJ,19,2005,11,11,990,11.0,0,1,1,0,0,0,0,0,0,4,8,0,2,9,12,,,0
159,Lucas Cunha,br BRA,DF,Sport Recife,28,1997,6,5,428,4.8,0,0,0,0,0,0,1,0,0,5,2,0,0,6,2,,,0
160,Danielzinho,br BRA,MF,Mirassol,30,1994,37,37,3265,36.3,0,2,2,0,0,0,4,0,0,34,74,3,85,23,41,,,0
161,Danilo,br BRA,DF,Flamengo,33,1991,20,14,1410,15.7,1,1,2,1,0,0,2,1,0,15,6,0,14,13,8,,,0
162,David,br BRA,MFFW,Vasco da Gama,29,1995,24,5,750,8.3,2,3,5,2,0,0,3,1,0,13,5,2,6,5,6,,,0
163,Matheus Davó,br BRA,FW,Mirassol,25,1999,2,0,35,0.4,0,1,1,0,0,0,0,0,0,0,1,0,1,0,0,,,0
164,Nicolás De La Cruz,uy URU,MF,Flamengo,27,1997,19,12,1018,11.3,0,0,0,0,0,0,4,0,0,17,33,0,28,9,15,,,0
165,Gabriel Delfim,br BRA,GK,Atlético Mineiro,22,2002,2,2,180,2.0,0,0,0,0,0,0,0,0,0,0,0,0,0,0,0,,,0
166,Deyverson,br BRA,FW,Fortaleza,33,1991,27,12,1174,13.0,7,0,7,6,1,1,4,0,0,20,25,7,7,5,6,,,0
167,Enzo Díaz,ar ARG,MFDF,São Paulo,29,1995,27,20,1877,20.9,0,5,5,0,0,0,10,0,0,51,36,1,111,20,50,,,0
168,Lautaro Díaz,ar ARG,FW,Santos,26,1998,15,12,1020,11.3,3,2,5,3,0,0,2,0,0,17,9,5,7,3,2,,,0
169,Lautaro Díaz,ar ARG,FW,Cruzeiro,26,1998,6,0,85,0.9,0,0,0,0,0,0,0,0,0,0,0,0,2,0,0,,,0
170,Dieguinho Diego,br BRA,MF,Ceará,29,1995,32,31,2653,29.5,0,2,2,0,0,0,5,0,0,26,66,0,10,34,30,,,0
171,Dieguinho,br BRA,MFFW,Corinthians,17,2007,13,4,451,5.0,0,1,1,0,0,0,0,0,0,2,10,0,23,2,4,,,0
172,Diogenes,br BRA,GK,Santos,24,2001,1,0,23,0.3,0,0,0,0,0,0,0,0,0,0,0,0,0,0,0,,,0
173,Dodi,br BRA,MF,Grêmio,28,1996,32,26,2343,26.0,0,1,1,0,0,0,9,1,0,43,37,0,3,30,29,,,0
174,Fabricio Domínguez,uy URU,MF,Sport Recife,26,1998,4,1,100,1.1,0,0,0,0,0,0,1,0,0,2,5,0,5,0,0,,,0
175,Matheus Donelli,br BRA,GK,Corinthians,22,2002,5,5,450,5.0,0,0,0,0,0,0,1,0,0,0,1,0,0,0,0,,,0
176,Thiago dos Santos,br BRA,MFDF,Fluminense,35,1989,10,3,287,3.2,0,0,0,0,0,0,2,0,0,10,3,0,0,3,8,,,0
177,Alexis Duarte,py PAR,DF,Santos,24,2000,5,5,405,4.5,0,0,0,0,0,0,1,0,0,7,4,0,3,3,4,,,0
178,David Duarte,br BRA,DF,Bahia,30,1995,25,24,2207,24.5,1,1,2,1,0,0,4,0,0,20,8,2,0,16,13,,,0
179,Dudu,br BRA,MFFW,Cruzeiro,33,1992,5,2,215,2.4,1,0,1,1,0,0,0,0,0,4,7,0,2,1,1,,,0
180,Dudu,br BRA,MF,Vitória,25,1999,12,2,319,3.5,0,0,0,0,0,0,7,2,2,12,6,0,0,3,9,,,0
181,Dudu,br BRA,MF,Atlético Mineiro,33,1992,18,14,1048,11.6,3,2,5,3,0,0,1,0,0,5,20,7,27,3,4,,,0
182,Edenílson,br BRA,MF,Grêmio,35,1989,31,25,1802,20.0,3,2,5,3,0,0,6,0,0,18,33,2,36,16,13,,,0
183,Eder,br BRA,DF,Ceará,29,1995,3,3,270,3.0,0,0,0,0,0,0,0,0,0,3,1,0,0,0,0,,,0
184,Edu,br BRA,DF,Vitória,24,2000,20,12,1074,11.9,0,0,0,0,0,0,2,0,0,11,7,0,1,14,19,,,0
185,Carlos Eduardo,br BRA,MF,Cruzeiro,35,1989,29,9,906,10.1,1,0,1,1,0,0,1,1,0,21,15,1,7,6,8,,,0
186,Carlos Eduardo,br BRA,FWMF,Mirassol,28,1996,24,5,734,8.2,2,5,7,1,1,1,2,0,0,18,24,5,27,5,8,,,0
187,Carlos Eduardo,br BRA,FWMF,Vitória,28,1996,2,0,41,0.5,0,0,0,0,0,0,0,0,0,0,1,0,3,1,0,,,0
188,Rodrigo Ely,br BRA,DF,Grêmio,31,1993,2,1,40,0.4,0,0,0,0,0,0,0,0,0,1,0,0,0,1,1,,,0
189,Emerson,br BRA,DF,Flamengo,26,1999,15,14,1247,13.9,1,1,2,1,0,0,1,0,0,18,25,0,47,21,21,,,0
190,Ênio,br BRA,MFFW,Juventude,23,2001,26,8,1108,12.3,3,0,3,3,0,0,3,0,0,8,34,6,30,1,4,,,0
191,Erick,br BRA,MFDF,Bahia,27,1997,16,6,683,7.6,1,0,1,1,0,0,3,0,0,16,5,3,6,8,8,,,0
192,Erick,br BRA,MFFW,Vitória,27,1997,31,25,2054,22.8,3,5,8,3,0,0,8,0,0,26,75,2,73,15,17,,,0
193,Gonzalo Escobar,ar ARG,DF,Santos,27,1997,30,23,2008,22.3,0,0,0,0,0,0,8,1,1,36,20,1,64,36,56,,,0
194,Lucas Esteves,br BRA,DFMF,Grêmio,24,2000,10,8,671,7.5,0,0,0,0,0,0,1,0,0,9,3,0,25,10,9,,,0
195,Guilherme Estrella,br BRA,MF,Vasco da Gama,19,2005,1,0,19,0.2,0,0,0,0,0,0,0,0,0,0,1,0,0,0,0,,,0
196,Lucas Evangelista,br BRA,MF,Palmeiras,29,1995,19,12,1046,11.6,2,1,3,2,0,0,2,0,0,19,20,0,10,6,19,,,0
197,Éverson,br BRA,GK,Atlético Mineiro,34,1990,36,36,3240,36.0,0,0,0,0,0,0,8,0,0,0,6,0,0,2,0,,,0
198,Evertton,br BRA,MF,Flamengo,21,2003,18,10,981,10.9,1,0,1,1,0,0,2,1,0,17,12,0,2,5,12,,,0
199,Ewerthon,br BRA,DF,Juventude,24,2000,18,12,1155,12.8,1,0,1,1,0,0,2,0,0,8,12,3,37,20,17,,,0
200,Fabinho,br BRA,MF,RB Bragantino,22,2002,28,11,1275,14.2,0,1,1,0,0,0,3,0,0,31,15,0,7,17,19,,,0
201,Fábio,br BRA,GK,Fluminense,44,1980,38,38,3420,38.0,0,0,0,0,0,0,2,0,0,0,3,0,0,1,0,,,0
202,Fabrício,br BRA,MFFW,Mirassol,27,1997,8,4,301,3.3,0,0,0,0,0,0,0,0,0,4,5,0,3,0,0,,,0
203,Fabrício,br BRA,MF,Vitória,24,2000,17,1,393,4.4,0,2,2,0,0,0,0,0,0,19,9,0,27,4,8,,,0
204,Fagner,br BRA,DF,Cruzeiro,35,1989,10,9,830,9.2,0,0,0,0,0,0,1,0,0,12,8,1,51,11,11,,,0
205,Marcos Felipe,br BRA,GK,Bahia,28,1996,11,10,972,10.8,0,0,0,0,0,0,0,0,0,1,3,0,0,1,0,,,0
206,Lucas Fernandes,br BRA,MF,Juventude,27,1997,7,4,397,4.4,0,0,0,0,0,0,0,0,0,5,5,1,8,4,3,,,0
207,Matheus Fernandes,br BRA,MF,RB Bragantino,26,1998,20,5,661,7.3,1,0,1,1,0,0,3,0,0,19,4,0,3,12,14,,,0
208,Nathan Fernandes,br BRA,MFFW,Botafogo–RJ,19,2005,10,2,330,3.7,1,2,3,1,0,0,1,0,0,4,5,2,5,3,1,,,0
209,Pol Fernández,ar ARG,MF,Fortaleza,33,1991,7,3,286,3.2,0,2,2,0,0,0,1,0,0,6,2,0,6,0,3,,,0
210,Fernandinho,br BRA,MF,Ceará,27,1997,22,10,995,11.1,0,1,1,0,0,0,3,0,0,18,20,7,25,15,14,,,0
211,Fernando,br BRA,MFDF,Internacional,37,1987,6,6,412,4.6,0,0,0,0,0,0,0,0,0,1,3,0,1,6,5,,,0
212,Fernando,br BRA,FW,RB Bragantino,25,1999,14,0,316,3.5,0,0,0,0,0,0,0,0,0,5,4,0,2,0,1,,,0
213,Nahuel Ferraresi,ve VEN,DF,São Paulo,26,1998,24,19,1797,20.0,0,3,3,0,0,0,3,0,0,34,29,1,26,29,54,,,1
214,Ferreira,br BRA,MFFW,São Paulo,27,1997,28,20,1580,17.6,5,4,9,5,0,1,4,0,0,16,48,2,46,7,16,,,0
215,Bruno Ferreira,br BRA,GK,Ceará,30,1994,31,31,2763,30.7,0,0,0,0,0,0,2,0,0,1,8,0,0,0,1,,,0
216,Lucas Ferreira,br BRA,MF,São Paulo,18,2006,13,8,761,8.5,0,0,0,0,0,0,1,0,0,11,19,0,28,6,12,,,0
217,Luiz Filipe,br BRA,FW,Mirassol,23,2001,1,0,14,0.2,0,0,0,0,0,0,0,0,0,2,0,0,0,0,0,,,0
218,André Filipinho,br BRA,DF,Juventude,28,1997,5,3,303,3.4,0,0,0,0,0,0,1,0,0,11,1,2,9,7,1,,,0
219,Riquelme Fillipi,br BRA,FW,Palmeiras,18,2006,2,0,28,0.3,0,0,0,0,0,0,0,0,0,0,0,0,0,0,0,,,0
220,Caíque França,br BRA,GK,Sport Recife,29,1995,15,15,1350,15.0,0,0,0,0,0,0,2,0,0,0,1,0,0,0,1,,,0
221,Matheus França,br BRA,MFFW,Vasco da Gama,20,2004,15,2,386,4.3,0,0,0,0,0,0,1,0,0,8,3,0,12,5,5,,,0
222,Ryan Francisco,br BRA,FW,São Paulo,18,2006,8,2,205,2.3,2,0,2,2,0,0,0,0,0,4,6,1,2,0,0,,,0
223,Alan Franco,ec ECU,MF,Atlético Mineiro,26,1998,30,30,2628,29.2,1,0,1,1,0,0,4,0,0,43,19,0,3,29,33,,,0
224,Alan Franco,ar ARG,DF,São Paulo,28,1996,29,28,2282,25.4,0,0,0,0,0,0,7,0,0,33,12,2,1,25,24,,,0
225,Luan Freitas,br BRA,DF,Juventude,24,2001,14,12,1124,12.5,0,1,1,0,0,0,0,0,0,13,3,0,0,9,21,,,0
226,Lucas Freitas,br BRA,DF,Vasco da Gama,24,2001,21,19,1552,17.2,1,0,1,1,0,0,4,0,0,18,12,0,6,21,9,,,0
227,Marlon Freitas,br BRA,MF,Botafogo–RJ,29,1995,35,33,2924,32.5,1,4,5,1,0,0,8,0,0,41,9,0,15,23,28,,,0
228,Riquelme Freitas,br BRA,MFFW,Grêmio,18,2006,10,4,388,4.3,0,0,0,0,0,0,0,0,0,3,11,0,8,2,4,,,0
229,Juan Freytes,ar ARG,DF,Fluminense,25,2000,33,33,2924,32.5,0,0,0,0,0,0,8,1,0,22,18,3,8,19,17,,,0
230,Adonis Frías,ar ARG,DF,Santos,26,1998,13,12,1112,12.4,0,0,0,0,0,0,2,0,0,18,6,0,2,17,10,,,0
231,Bruno Fuchs,br BRA,DF,Palmeiras,25,1999,27,18,1723,19.1,2,1,3,2,0,0,5,0,0,26,17,0,17,28,28,,,0
232,Gabriel Fuentes,co COL,DF,Fluminense,27,1997,11,8,825,9.2,0,0,0,0,0,0,2,0,0,14,5,0,36,9,13,,,0
233,Daniel Fuzato,br BRA,GK,Vasco da Gama,27,1997,3,2,182,2.0,0,0,0,0,0,0,0,0,0,0,0,0,0,0,0,,,0
234,Gabriel,br BRA,DF,Bahia,23,2001,13,10,948,10.5,0,0,0,0,0,0,4,0,0,24,8,1,0,13,13,,,0
235,Gabriel,br BRA,MFFW,Mirassol,35,1990,25,21,1592,17.7,5,2,7,5,0,0,2,0,0,8,30,8,32,6,7,,,0
236,Gabriel,br BRA,GK,Vitória,32,1992,1,1,90,1.0,0,0,0,0,0,0,0,0,0,0,1,0,0,0,0,,,0
237,Gabriel,br BRA,MF,RB Bragantino,32,1992,33,32,2634,29.3,1,0,1,1,0,0,11,0,0,43,30,0,6,37,46,,,0
238,Gabriel,br BRA,GK,Sport Recife,32,1992,23,23,2070,23.0,0,0,0,0,0,0,3,0,0,0,4,0,0,0,0,,,0
239,Victor Gabriel,br BRA,DF,Internacional,20,2004,14,13,1109,12.3,2,0,2,2,0,0,1,0,0,21,4,0,3,18,18,,,0
240,Antonio Galeano,py PAR,MF,Ceará,24,2000,38,38,3125,34.7,7,3,10,7,0,0,2,0,0,25,71,19,72,10,19,,,0
241,Emerson Galego,br BRA,FW,Juventude,25,1999,2,0,27,0.3,0,0,0,0,0,0,0,0,0,0,1,0,0,0,0,,,0
242,Mateo Gamarra,py PAR,DF,Cruzeiro,24,2000,2,1,154,1.7,0,0,0,0,0,0,0,0,0,2,0,0,0,5,5,,,0
243,Ganso,br BRA,MF,Fluminense,35,1989,17,7,644,7.2,1,0,1,1,0,0,2,0,0,7,16,0,15,0,3,,,0
244,Maurício Garcez,br BRA,FWMF,Juventude,27,1997,3,0,61,0.7,0,0,0,0,0,0,0,0,0,1,2,0,0,0,0,,,0
245,Benjamín Garré,ar ARG,MF,Vasco da Gama,24,2000,10,3,293,3.3,0,0,0,0,0,0,1,0,0,7,3,0,16,3,3,,,0
246,Rodrigo Garro,ar ARG,MFFW,Corinthians,27,1998,19,15,1410,15.7,0,3,3,0,0,0,6,0,0,21,60,1,113,4,9,,,0
247,Lucas Gazal,br BRA,DF,Fortaleza,25,1999,7,6,546,6.1,0,1,1,0,0,0,2,0,0,9,1,0,3,7,4,,,0
248,Gerson,br BRA,MF,Flamengo,27,1997,9,9,711,7.9,0,2,2,0,0,0,0,1,0,9,20,0,4,5,14,,,0
249,Agustín Giay,ar ARG,DFMF,Palmeiras,21,2004,29,21,1978,22.0,0,0,0,0,0,0,1,1,0,37,35,1,40,14,43,,,0
250,Gil,br BRA,DF,Santos,37,1987,8,8,720,8.0,0,0,0,0,0,0,3,0,0,8,1,0,0,7,9,,,0
251,Gilberto,br BRA,DF,Bahia,31,1993,23,21,1777,19.7,1,0,1,1,0,0,6,0,0,19,11,1,38,20,33,,,0
252,Gilberto,br BRA,FW,Juventude,35,1989,23,15,1099,12.2,2,2,4,2,0,1,5,0,0,27,15,4,4,4,7,,,0
253,Giovanny,br BRA,FWMF,Juventude,27,1997,19,5,653,7.3,0,2,2,0,0,0,3,0,0,7,15,4,11,1,5,,,0
254,Daniel Giraldo,co COL,MF,Juventude,32,1992,15,7,681,7.6,0,0,0,0,0,0,4,0,0,18,3,1,1,2,8,,,0
255,Leonardo Godoy,ar ARG,DF,Santos,29,1995,6,5,416,4.6,0,0,0,0,0,0,1,0,0,8,5,0,8,0,4,,,0
256,Davi Goes,br BRA,MF,Juventude,19,2005,2,1,64,0.7,0,0,0,0,0,0,0,0,0,0,0,0,0,1,1,,,0
257,Johnny Góes,br BRA,DF,Flamengo,17,2007,1,1,90,1.0,0,1,1,0,0,0,0,0,0,3,1,0,0,2,0,,,0
258,Bruno Gomes,br BRA,MFDF,Internacional,23,2001,14,11,981,10.9,0,2,2,0,0,0,2,0,0,18,14,0,19,7,13,,,0
259,Davi Gomes,br BRA,FW,RB Bragantino,19,2005,7,0,221,2.5,1,0,1,1,0,0,0,0,0,3,4,0,6,0,1,,,0
260,Fredi Gomes,br BRA,DF,Bahia,18,2006,1,1,90,1.0,0,0,0,0,0,0,0,0,0,1,1,0,0,3,1,,,0
261,Igor Gomes,br BRA,MF,Atlético Mineiro,25,1999,34,21,1824,20.3,4,3,7,4,0,0,3,1,0,21,24,1,29,16,10,,,0
262,Andrés Gómez,co COL,MF,Vasco da Gama,22,2002,16,10,1028,11.4,1,5,6,1,0,0,1,0,0,17,19,2,31,7,10,,,0
263,Gustavo Gómez,py PAR,DF,Palmeiras,31,1993,27,26,2310,25.7,2,1,3,2,0,0,7,0,0,33,15,11,20,35,32,,,0
264,Nuno Gonçalo Moreira,pt POR,MFFW,Vasco da Gama,25,1999,36,35,2549,28.3,7,5,12,7,0,0,4,0,0,18,43,7,84,16,20,,,0
265,Caíque Gonçalves,br BRA,MF,Juventude,29,1995,28,26,2049,22.8,0,1,1,0,0,0,10,0,0,54,36,0,2,23,44,,,0
266,Matheus Gonçalves,br BRA,MF,Flamengo,19,2005,4,0,69,0.8,0,0,0,0,0,0,0,0,0,1,2,0,2,0,1,,,0
267,Gregore,br BRA,MF,Botafogo–RJ,30,1994,12,11,982,10.9,0,0,0,0,0,0,3,0,0,45,8,0,7,13,29,,,0
268,Guga,br BRA,DFMF,Fluminense,26,1998,17,11,992,11.0,1,1,2,1,0,0,1,0,0,6,12,0,20,10,19,,,0
269,Guilherme,br BRA,MF,Santos,29,1995,32,27,2250,25.0,4,7,11,4,0,0,1,0,0,15,61,13,85,23,22,,,0
270,Guilherme,br BRA,MF,Flamengo,18,2006,1,1,62,0.7,2,0,2,2,0,0,0,0,0,1,0,0,3,0,1,,,0
271,Guilherme,br BRA,MFFW,Mirassol,33,1991,12,6,539,6.0,2,0,2,2,0,0,2,0,0,12,11,0,9,3,7,,,0
272,Ryan Guilherme,br BRA,MF,Cruzeiro,22,2002,3,0,56,0.6,0,0,0,0,0,0,0,0,0,1,3,0,0,3,3,,,0
273,Zé Guilherme,br BRA,DF,Bahia,19,2005,3,0,86,1.0,0,0,0,0,0,0,0,0,0,1,2,0,1,2,0,,,0
274,Gustavinho,br BRA,MF,RB Bragantino,20,2004,17,8,741,8.2,0,0,0,0,0,0,2,0,0,12,2,1,31,4,11,,,0
275,Gustavo,br BRA,GK,Juventude,31,1993,10,10,855,9.5,0,0,0,0,0,0,1,0,0,0,0,0,0,0,1,,,0
276,Luiz Gustavo,br BRA,DF,Vasco da Gama,18,2006,5,3,288,3.2,0,0,0,0,0,0,3,0,0,4,2,0,1,3,2,,,0
277,Luiz Gustavo,br BRA,MFDF,São Paulo,37,1987,12,9,780,8.7,1,0,1,1,0,0,0,0,0,17,12,0,4,12,14,,,0
278,Ryan Gustavo,br BRA,MF,Corinthians,21,2003,16,5,527,5.9,0,0,0,0,0,0,1,0,0,13,14,0,2,8,12,,,0
279,Yeison Guzmán,co COL,MF,Fortaleza,26,1998,5,1,188,2.1,0,0,0,0,0,0,0,0,0,2,4,0,12,1,1,,,0
280,Lucas Halter,br BRA,DF,Vitória,24,2000,33,33,2904,32.3,4,1,5,4,0,0,8,1,1,24,9,1,2,18,30,,,0
281,Héctor,es ESP,FWMF,Corinthians,29,1995,9,3,246,2.7,1,0,1,1,0,0,0,0,0,4,3,2,0,2,2,,,0
282,Henrique,br BRA,MF,São Paulo,18,2006,3,0,43,0.5,0,1,1,0,0,0,0,0,0,1,2,0,7,0,0,,,0
283,Bruno Henrique,br BRA,MF,Internacional,35,1989,29,19,1397,15.5,2,0,2,2,0,0,3,1,1,38,15,0,21,12,25,,,0
284,Bruno Henrique,br BRA,FWMF,Flamengo,34,1990,32,20,1811,20.1,8,0,8,7,1,1,7,0,0,43,38,15,15,4,14,,,0
285,Dalbert Henrique,br BRA,DFMF,Sport Recife,31,1993,5,0,110,1.2,0,0,0,0,0,0,2,0,0,8,1,0,9,0,2,,,0
286,Gustavo Henrique,br BRA,DF,Corinthians,31,1993,23,23,2070,23.0,3,0,3,3,0,0,5,0,0,22,8,2,1,19,23,,,0
287,Matheus Henrique,br BRA,MF,Cruzeiro,27,1997,17,8,723,8.0,0,0,0,0,0,0,3,0,0,13,13,0,5,6,14,,,0
288,Paulo Henrique,br BRA,DF,Vasco da Gama,28,1996,28,28,2490,27.7,1,8,9,1,0,0,11,1,1,57,29,1,111,40,57,,,0
289,Pedro Henrique,br BRA,MFFW,Ceará,34,1990,28,17,1380,15.3,4,3,7,4,0,0,8,0,0,31,28,12,49,6,25,,,0
290,Pedro Henrique,br BRA,DF,RB Bragantino,29,1995,31,31,2654,29.5,1,1,2,1,0,0,6,0,0,23,20,0,5,32,18,,,0
291,Hércules,br BRA,MF,Fluminense,24,2000,34,26,2160,24.0,3,1,4,3,0,0,1,0,0,37,18,1,14,13,31,,,0
292,Diogo Hereda,br BRA,DFMF,Sport Recife,26,1998,11,10,848,9.4,0,1,1,0,0,0,1,0,0,13,18,2,34,5,18,,,0
293,Marcelo Hermes,br BRA,DFMF,Juventude,29,1995,22,20,1858,20.6,2,5,7,2,0,0,3,0,0,21,13,1,142,16,25,,,0
294,José Herrera,ar ARG,MF,Fortaleza,21,2003,19,14,1046,11.6,2,3,5,2,0,0,3,0,0,24,11,0,26,5,20,,,0
295,Hudson,br BRA,MF,Juventude,24,2001,4,3,233,2.6,0,0,0,0,0,0,2,1,0,6,0,0,1,3,1,,,0
296,Hugo,br BRA,MFDF,Corinthians,27,1997,10,6,457,5.1,0,0,0,0,0,0,1,0,0,7,9,2,9,7,6,,,0
297,Victor Hugo,br BRA,MF,Santos,20,2004,9,6,443,4.9,0,0,0,0,0,0,0,0,0,3,3,0,7,2,2,,,0
298,Victor Hugo,br BRA,MF,Flamengo,20,2004,1,0,6,0.1,0,0,0,0,0,0,0,0,0,0,0,0,0,0,0,,,0
299,Victor Hugo,br BRA,DF,Sport Recife,16,2008,1,1,61,0.7,0,0,0,0,0,0,0,0,0,2,0,0,1,0,0,,,0
300,Vitor Hugo,br BRA,DF,Atlético Mineiro,33,1991,23,20,1639,18.2,3,0,3,3,0,0,3,1,0,18,3,1,0,29,19,,,0
301,Huguinho,br BRA,MF,Botafogo–RJ,17,2007,1,0,24,0.3,0,0,0,0,0,0,0,0,0,1,0,0,0,0,0,,,0
302,Hulk,br BRA,FWMF,Atlético Mineiro,38,1986,33,27,2438,27.1,8,6,14,7,1,1,9,0,0,40,66,10,89,1,8,,,0
303,José Hurtado,ec ECU,DF,RB Bragantino,23,2001,28,21,1864,20.7,1,0,1,1,0,0,2,1,0,28,9,0,59,21,27,,,0
304,Hyan,br BRA,MF,Santos,20,2004,2,0,18,0.2,0,0,0,0,0,0,0,0,0,2,1,0,0,1,1,,,0
305,Hyoran,br BRA,MFFW,Sport Recife,31,1993,12,4,402,4.5,0,1,1,0,0,0,2,0,0,15,7,1,30,1,4,,,0
306,Iago,br BRA,DF,Flamengo,19,2005,1,1,90,1.0,0,0,0,0,0,0,1,0,0,1,0,0,0,0,0,,,0
307,Iago,br BRA,DFMF,Bahia,27,1997,15,7,626,7.0,1,0,1,1,0,0,2,0,0,9,3,1,19,4,11,,,0
308,Ignácio,br BRA,DF,Fluminense,28,1996,19,13,1147,12.7,0,0,0,0,0,0,2,1,0,24,17,0,0,14,15,,,0
309,Juan Ignacio Dinenno,ar ARG,FW,Cruzeiro,30,1994,1,0,12,0.1,0,0,0,0,0,0,0,0,0,0,0,0,0,0,0,,,0
310,Juan Ignacio Dinenno,ar ARG,FW,São Paulo,30,1994,7,3,262,2.9,1,0,1,1,0,0,2,0,0,6,3,0,1,0,1,,,0
311,Juan Ignacio Ramírez,uy URU,FW,Sport Recife,27,1997,8,3,291,3.2,0,0,0,0,0,0,1,0,0,7,2,1,0,0,1,,,0
312,Isaac,br BRA,FW,Atlético Mineiro,20,2004,1,0,6,0.1,0,0,0,0,0,0,0,0,0,0,1,0,0,0,0,,,0
313,Isaque,br BRA,MF,Fluminense,17,2007,1,0,22,0.2,0,0,0,0,0,0,0,0,0,0,1,0,0,0,1,,,0
314,Mateus Iseppe,br BRA,MF,Atlético Mineiro,18,2006,1,0,3,0.0,0,0,0,0,0,0,0,0,0,0,1,0,0,0,1,,,0
315,Ismael,pt POR,MF,Vitória,25,1999,1,0,18,0.2,0,0,0,0,0,0,0,0,0,0,0,0,0,0,0,,,0
316,Zé Ivaldo,br BRA,DF,Santos,27,1997,21,20,1799,20.0,1,0,1,1,0,0,8,1,1,23,16,2,5,21,24,,,0
317,Ivan,br BRA,GK,Internacional,27,1997,7,7,585,6.5,0,0,0,0,0,0,2,0,0,0,1,0,0,0,0,,,0
318,Leo Jacó,br BRA,FW,Vasco da Gama,19,2005,2,0,16,0.2,0,0,0,0,0,0,0,0,0,4,1,0,0,0,1,,,0
319,Jadson,br BRA,MF,Juventude,31,1993,35,32,2831,31.5,0,2,2,0,0,0,9,0,0,46,52,2,24,37,24,,,0
320,Jair,br BRA,MF,Vasco da Gama,30,1994,11,7,559,6.2,0,0,0,0,0,0,3,0,0,13,11,0,3,9,9,,,0
321,Jamerson,br BRA,DF,Vitória,26,1998,12,12,1026,11.4,0,2,2,0,0,0,0,0,0,10,7,0,66,13,19,,,0
322,Janderson,br BRA,FWMF,Vitória,25,1999,11,9,729,8.1,1,0,1,1,0,0,3,0,0,16,6,4,5,2,5,,,0
323,Jandrei,br BRA,GK,Juventude,31,1993,19,19,1710,19.0,0,0,0,0,0,0,4,0,0,0,3,0,0,0,0,,,0
324,Jardiel,br BRA,FW,Grêmio,19,2005,5,0,41,0.5,0,0,0,0,0,0,0,0,0,0,1,1,0,0,0,,,0
325,Léo Jardim,br BRA,GK,Vasco da Gama,29,1995,36,36,3235,35.9,0,0,0,0,0,0,2,1,1,0,9,0,0,0,1,,,1
326,Jeffinho,br BRA,MF,Botafogo–RJ,25,1999,17,9,685,7.6,2,4,6,2,0,0,0,1,0,13,9,1,12,7,9,,,0
327,Jefinho,br BRA,MF,Sport Recife,18,2006,1,0,23,0.3,0,0,0,0,0,0,0,0,0,0,1,0,0,1,0,,,0
328,Jefté,br BRA,MFDF,Palmeiras,21,2003,12,7,765,8.5,0,3,3,0,0,0,0,0,0,8,3,2,18,7,9,,,0
329,Jemerson,br BRA,DF,Grêmio,32,1992,9,8,770,8.6,1,0,1,1,0,0,3,0,0,14,3,0,0,12,12,,,0
330,Jemmes,br BRA,DF,Mirassol,24,2000,37,37,3273,36.4,2,0,2,2,0,0,3,0,0,34,12,2,1,42,46,,,0
331,Igor Jesus,br BRA,FWMF,Botafogo–RJ,23,2001,10,10,875,9.7,3,1,4,3,0,0,0,0,0,9,26,1,4,0,2,,,0
332,Maykon Jesus,br BRA,DFMF,Vitória,19,2005,9,8,766,8.5,0,0,0,0,0,0,1,0,0,16,9,0,32,6,10,,,0
333,Jhon Jhon,br BRA,MF,RB Bragantino,22,2002,34,34,2844,31.6,10,7,17,7,3,3,11,0,0,44,64,2,177,15,24,,,0
334,John,br BRA,GK,Botafogo–RJ,28,1996,17,17,1530,17.0,0,0,0,0,0,0,2,0,0,1,3,0,0,1,1,,,0
335,Felipe Jonatan,br BRA,DF,Mirassol,26,1998,7,4,440,4.9,0,1,1,0,0,0,0,0,0,7,2,0,29,3,2,,,0
336,Jonathan,br BRA,DF,Cruzeiro,20,2004,13,10,798,8.9,0,1,1,0,0,0,1,1,0,17,3,1,2,10,10,,,0
337,Kaio Jorge,br BRA,FW,Cruzeiro,23,2002,33,33,2588,28.8,21,8,29,20,1,2,4,1,0,37,47,7,17,6,10,,,0
338,Jorginho,it ITA,MF,Flamengo,33,1991,18,15,1357,15.1,3,1,4,0,3,3,5,0,0,22,11,0,9,19,14,,,0
339,José,br BRA,MF,Cruzeiro,19,2005,1,0,1,0.0,0,0,0,0,0,0,0,0,0,0,0,0,0,0,0,,,0
340,Willian José,br BRA,FW,Bahia,33,1991,33,28,2115,23.5,11,6,17,8,3,5,3,0,0,12,21,3,9,5,9,,,0
341,Joshua,br BRA,MF,Flamengo,17,2007,1,0,28,0.3,0,0,0,0,0,0,0,0,0,0,1,0,0,0,0,,,0
342,Luciano Juba,br BRA,DF,Bahia,25,1999,35,33,2877,32.0,6,4,10,6,0,0,2,0,0,22,17,1,134,39,29,,,1
343,Juninho,br BRA,FW,Flamengo,28,1996,15,2,378,4.2,1,0,1,1,0,0,0,0,0,8,4,4,0,1,5,,,0
344,Juninho,br BRA,DF,Internacional,29,1995,20,18,1505,16.7,0,0,0,0,0,0,6,0,0,14,11,0,1,23,14,,,0
345,Kauê Junior,br BRA,FW,Bahia,15,2009,1,0,4,0.0,0,0,0,0,0,0,0,0,0,1,2,0,0,0,0,,,0
346,Robinho Junior,br BRA,MFFW,Santos,17,2007,15,2,352,3.9,0,1,1,0,0,0,0,0,0,3,5,0,12,1,6,,,0
347,Wanderson Junior,br BRA,DF,Flamengo,17,2007,1,0,22,0.2,0,0,0,0,0,0,0,0,0,0,0,0,0,0,0,,,0
348,Lucas Kal,br BRA,MFDF,Sport Recife,28,1996,13,11,861,9.6,0,0,0,0,0,0,1,0,0,11,2,0,4,10,5,,,1
349,Walter Kannemann,ar ARG,DF,Grêmio,33,1991,20,19,1723,19.1,0,0,0,0,0,0,8,1,0,24,13,0,2,23,11,,,0
350,Kanu,br BRA,DF,Bahia,27,1997,7,7,513,5.7,0,0,0,0,0,0,0,1,0,4,6,0,0,7,6,,,0
351,Kauê,br BRA,GK,Corinthians,20,2004,1,1,90,1.0,0,0,0,0,0,0,0,0,0,0,0,0,0,0,0,,,0
352,Kayke,br BRA,MFFW,Corinthians,20,2004,8,4,358,4.0,0,1,1,0,0,0,0,0,0,5,4,2,11,2,1,,,0
353,Kayke,br BRA,FW,Fortaleza,18,2006,2,0,31,0.3,0,0,0,0,0,0,0,0,0,2,1,1,0,0,1,,,0
354,Renato Kayser,br BRA,FW,Vitória,28,1996,30,25,2083,23.1,9,0,9,8,1,1,3,0,0,38,54,18,7,5,5,,,0
355,Kenji,br BRA,FW,Cruzeiro,19,2006,3,0,39,0.4,0,0,0,0,0,0,0,0,0,0,3,1,0,1,0,,,0
356,John Kennedy,br BRA,FW,Fluminense,22,2002,17,6,626,7.0,2,1,3,1,1,1,1,0,0,9,13,4,3,2,1,,,0
357,Keno,br BRA,MF,Fluminense,35,1989,18,4,509,5.7,1,2,3,1,0,0,1,0,0,6,21,0,11,0,7,,,0
358,Kevyson,br BRA,MF,Santos,20,2004,1,0,16,0.2,0,0,0,0,0,0,0,0,0,0,1,0,1,0,0,,,0
359,Kevyson,br BRA,DF,Sport Recife,20,2004,9,1,268,3.0,0,0,0,0,0,0,3,0,0,8,1,0,11,5,6,,,0
360,Khellven,br BRA,DFMF,Palmeiras,23,2001,13,12,975,10.8,0,2,2,0,0,0,1,0,0,26,9,0,29,11,10,,,0
361,Gabriel Knesowitsch,br BRA,DF,Mirassol,21,2003,4,4,360,4.0,0,0,0,0,0,0,0,0,0,1,3,0,0,2,3,,,0
362,Benjamín Kuscevic,cl CHI,DF,Fortaleza,28,1996,20,19,1707,19.0,1,0,1,1,0,0,3,1,0,23,4,0,2,16,24,,,0
363,Derik Lacerda,br BRA,FW,Sport Recife,25,1999,17,17,1446,16.1,6,0,6,5,1,1,8,0,0,26,25,9,3,8,6,,,0
364,Ignacio Laquintana,uy URU,MF,RB Bragantino,25,1999,23,13,1017,11.3,4,3,7,4,0,0,1,0,0,8,9,9,42,10,8,,,0
365,Larson,br BRA,MF,Palmeiras,19,2005,2,1,73,0.8,0,0,0,0,0,0,1,0,0,5,2,0,0,0,3,,,0
366,Joaquín Lavega,uy URU,FW,Fluminense,19,2005,2,0,67,0.7,0,0,0,0,0,0,0,0,0,0,4,1,5,0,0,,,0
367,Leandrinho,br BRA,DF,Vasco da Gama,19,2005,2,0,57,0.6,0,0,0,0,0,0,0,0,0,0,2,0,1,0,0,,,0
368,Helton Leite,br BRA,GK,Fortaleza,34,1990,4,4,360,4.0,0,0,0,0,0,0,0,0,0,0,1,0,0,0,0,,,0
369,Lelê,br BRA,FW,Ceará,27,1997,7,0,110,1.2,0,0,0,0,0,0,0,0,0,5,4,0,0,0,0,,,0
370,Mauricio Lemos,uy URU,DF,Vasco da Gama,29,1995,4,3,243,2.7,0,0,0,0,0,0,0,0,0,1,0,0,0,4,1,,,0
371,Rubén Lezcano,py PAR,MF,Fluminense,20,2004,4,0,57,0.6,0,0,0,0,0,0,0,0,0,0,4,0,1,1,0,,,0
372,Lima,br BRA,MF,Fluminense,28,1996,28,12,1094,12.2,2,1,3,2,0,0,3,0,0,20,31,1,13,10,9,,,0
373,Lucas Lima,br BRA,MF,Sport Recife,34,1990,33,30,2550,28.3,3,7,10,2,1,1,11,0,0,30,50,10,204,6,24,,,0
374,Lucas Lima,br BRA,MF,Ceará,24,2000,11,1,127,1.4,0,0,0,0,0,0,0,0,0,1,3,0,0,2,6,,,0
375,Leonardo Linck,br BRA,GK,Botafogo–RJ,23,2001,17,16,1486,16.5,0,0,0,0,0,0,1,0,0,0,2,0,0,0,0,,,0
376,Kauan Lindes,br BRA,MF,Botafogo–RJ,21,2003,1,0,31,0.3,0,0,0,0,0,0,0,0,0,1,1,0,0,0,0,,,0
377,Samuel Lino,br BRA,MF,Flamengo,25,1999,21,19,1394,15.5,4,5,9,4,0,0,1,0,0,14,19,2,49,4,16,,,0
378,Lenny Lobato,br BRA,MFFW,Sport Recife,23,2001,7,2,244,2.7,0,0,0,0,0,0,0,0,0,3,2,1,7,1,1,,,0
379,David Loiola,br BRA,DF,Botafogo–RJ,22,2002,22,20,1830,20.3,1,1,2,1,0,0,3,2,0,24,17,1,3,21,12,,,0
380,Marcelo Lomba,br BRA,GK,Palmeiras,38,1986,3,3,270,3.0,0,0,0,0,0,0,0,0,0,0,0,0,0,0,0,,,0
381,Felipe Longo,br BRA,GK,Corinthians,19,2005,6,6,540,6.0,0,0,0,0,0,0,0,0,0,0,1,0,0,0,0,,,0
382,Guilherme Lopes,br BRA,DF,RB Bragantino,22,2002,11,7,640,7.1,1,1,2,1,0,0,2,0,0,7,4,0,26,3,9,,,1
383,Flaco López,ar ARG,FWMF,Palmeiras,24,2000,33,22,1999,22.2,12,2,14,10,2,2,5,0,0,53,55,7,16,6,20,,,0
384,Renzo López,uy URU,FW,Vitória,30,1994,23,5,651,7.2,1,0,1,1,0,0,4,0,0,28,21,6,3,1,6,,,0
385,Lourenço,br BRA,MF,Ceará,27,1997,33,15,1386,15.4,2,1,3,2,0,1,4,0,0,30,21,1,45,19,13,,,0
386,Lucão,br BRA,GK,RB Bragantino,23,2001,4,4,360,4.0,0,0,0,0,0,0,1,0,0,0,0,0,0,0,0,,,0
387,Ayrton Lucas,br BRA,DF,Flamengo,27,1997,18,13,1231,13.7,2,0,2,2,0,0,5,0,0,23,20,0,38,9,28,,,0
388,Jean Lucas,br BRA,MF,Bahia,26,1998,34,33,2674,29.7,3,1,4,3,0,0,3,2,0,43,29,2,26,13,41,,,0
389,João Lucas,br BRA,DF,Grêmio,26,1998,10,5,506,5.6,0,0,0,0,0,0,1,0,0,11,8,0,15,8,11,,,0
390,Zé Lucas,br BRA,MF,Sport Recife,16,2008,24,21,1596,17.7,0,0,0,0,0,0,4,0,0,29,24,2,6,28,28,,,0
391,Lucca,br BRA,FW,Ceará,21,2003,1,0,12,0.1,0,0,0,0,0,0,0,0,0,0,1,0,0,0,1,,,0
392,Lucca,br BRA,FW,Internacional,21,2003,4,1,161,1.8,0,0,0,0,0,0,0,0,0,3,6,0,0,0,1,,,0
393,Luciano,br BRA,FWMF,São Paulo,31,1993,32,24,2105,23.4,9,4,13,8,1,2,10,0,0,32,43,6,8,11,16,,,0
394,Lucio,br BRA,MF,Flamengo,17,2007,1,1,68,0.8,0,0,0,0,0,0,0,0,0,1,0,0,0,1,0,,,0
395,Luighi,br BRA,MFFW,Palmeiras,18,2006,11,2,339,3.8,1,0,1,1,0,0,1,0,0,10,9,2,4,1,3,,,0
396,José Luis Rodríguez,uy URU,DF,Vasco da Gama,27,1997,25,15,1446,16.1,2,2,4,2,0,0,0,0,0,10,8,0,65,12,11,,,0
397,Victor Luis,br BRA,MFDF,Vasco da Gama,31,1993,7,2,273,3.0,0,0,0,0,0,0,0,1,0,4,5,0,11,2,1,,,1
398,Luisão,br BRA,DF,Santos,21,2003,6,5,438,4.9,0,0,0,0,0,0,2,0,0,3,4,0,2,3,3,,,0
399,David Luiz,br BRA,DF,Fortaleza,37,1987,7,4,399,4.4,0,0,0,0,0,0,2,0,0,7,2,0,0,6,4,,,0
400,Guilherme Luiz,br BRA,FW,Ceará,19,2005,7,0,148,1.6,0,1,1,0,0,0,1,0,0,5,7,0,0,1,3,,,0
401,Lyanco,br BRA,DF,Atlético Mineiro,27,1997,17,17,1410,15.7,0,0,0,0,0,0,10,2,2,29,21,2,1,32,19,,,0
402,Everton Maceió,br BRA,MF,Mirassol,21,2003,6,1,147,1.6,0,0,0,0,0,0,0,0,0,3,3,1,4,0,1,,,0
403,Willian Machado,br BRA,DF,Ceará,28,1996,36,36,3219,35.8,0,1,1,0,0,0,7,0,0,25,19,1,7,29,29,,,1
404,Talles Magno,br BRA,MFFW,Corinthians,22,2002,24,10,961,10.7,1,1,2,1,0,0,2,0,0,22,37,9,3,5,17,,,0
405,Magrão,br BRA,GK,Fortaleza,24,2000,3,3,270,3.0,0,0,0,0,0,0,1,0,0,2,0,0,0,0,0,,,0
406,Gustavo Maia,br BRA,FW,Sport Recife,24,2001,1,0,17,0.2,0,0,0,0,0,0,0,0,0,0,0,0,1,0,0,,,0
407,Pablo Maia,br BRA,MF,São Paulo,23,2002,25,17,1471,16.3,1,0,1,1,0,0,4,0,0,30,28,0,2,4,20,,,0
408,Thiago Maia,br BRA,MF,Internacional,27,1997,31,25,1980,22.0,2,1,3,2,0,0,3,0,0,24,11,0,10,32,25,,,0
409,Maik,br BRA,MFDF,São Paulo,20,2005,9,8,607,6.7,2,2,4,2,0,0,3,0,0,10,7,0,22,9,16,,,0
410,Mailton,br BRA,MF,São Paulo,26,1998,8,3,388,4.3,0,0,0,0,0,0,1,0,0,9,10,0,33,4,2,,,0
411,Léo Mana,br BRA,DF,Corinthians,20,2004,4,3,225,2.5,0,0,0,0,0,0,0,0,0,1,0,1,3,3,2,,,0
412,Gustavo Mancha,br BRA,DF,Fortaleza,20,2004,13,13,1029,11.4,0,0,0,0,0,0,2,1,0,5,8,0,1,13,12,,,0
413,Eros Mancuso,ar ARG,DF,Fortaleza,25,1999,30,27,2377,26.4,1,3,4,1,0,0,6,0,0,32,29,2,63,23,35,,,0
414,Luis Mandaca,br BRA,MFFW,Juventude,23,2001,32,29,2445,27.2,2,1,3,2,0,0,7,1,1,61,49,4,23,23,37,,,0
415,Manoel,br BRA,DF,Fluminense,34,1990,5,4,345,3.8,0,0,0,0,0,0,0,0,0,1,2,0,0,1,0,,,0
416,Elias Manoel,br BRA,FW,Botafogo–RJ,23,2001,2,0,27,0.3,0,0,0,0,0,0,0,0,0,1,0,0,1,0,0,,,0
417,Fernando Marçal,br BRA,DF,Botafogo–RJ,35,1989,15,11,1009,11.2,5,0,5,5,0,0,5,0,0,20,10,0,7,12,12,,,0
418,Marcão,br BRA,GK,Juventude,32,1992,6,5,495,5.5,0,0,0,0,0,0,0,0,0,1,0,0,0,0,0,,,0
419,João Marcelo,br BRA,DF,Cruzeiro,24,2000,4,2,226,2.5,0,0,0,0,0,0,0,0,0,3,1,0,0,7,4,,,0
420,João Marcelo,br BRA,FW,Atlético Mineiro,19,2005,7,0,68,0.8,1,1,2,1,0,0,0,0,0,3,0,2,0,0,2,,,0
421,Zé Marcos,br BRA,DF,Vitória,26,1998,28,26,2426,27.0,1,1,2,1,0,0,6,0,0,23,20,2,4,18,16,,,0
422,Marinho,br BRA,FWMF,Fortaleza,34,1990,17,8,710,7.9,1,2,3,1,0,0,3,1,0,25,25,11,33,6,7,,,0
423,Marlon,br BRA,DF,Cruzeiro,27,1997,1,0,6,0.1,0,0,0,0,0,0,0,0,0,0,0,0,0,0,0,,,0
424,Marlon,br BRA,FW,Juventude,20,2005,1,0,8,0.1,0,0,0,0,0,0,0,0,0,1,0,0,0,0,0,,,0
425,Marlon,br BRA,DF,Grêmio,27,1997,31,31,2765,30.7,1,2,3,1,0,0,8,0,0,38,42,1,156,41,49,,,0
426,Gustavo Marques,br BRA,DF,RB Bragantino,23,2001,14,9,900,10.0,1,0,1,1,0,0,2,0,0,13,9,0,1,15,13,,,0
427,Igor Marques,br BRA,MFDF,Juventude,26,1999,19,15,1424,15.8,2,2,4,2,0,0,1,1,0,25,14,1,64,31,32,,,0
428,Lucca Marques,br BRA,MF,São Paulo,17,2007,8,2,318,3.5,0,0,0,0,0,0,1,0,0,9,12,1,10,0,4,,,0
429,Renato Marques,br BRA,FW,Mirassol,21,2003,7,3,261,2.9,1,0,1,1,0,0,1,0,0,2,4,2,2,0,2,,,0
430,Marquinhos,br BRA,MF,Cruzeiro,21,2003,17,2,384,4.3,0,0,0,0,0,0,1,0,0,4,8,0,20,8,6,,,0
431,Marquinhos,br BRA,DF,Botafogo–RJ,17,2007,1,0,2,0.0,0,0,0,0,0,0,0,0,0,0,0,0,0,0,0,,,0
432,Juan Martín Lucero,ar ARG,FW,Fortaleza,33,1991,27,16,1409,15.7,3,1,4,3,0,1,6,0,0,42,17,9,4,2,6,,,0
433,Martinelli,br BRA,MF,Fluminense,23,2001,33,32,2721,30.2,3,2,5,3,0,0,6,0,0,58,38,1,5,20,30,,,0
434,Alejandro Martínez,ar ARG,FWMF,Ceará,27,1997,2,0,49,0.5,0,1,1,0,0,0,0,0,0,2,1,0,2,1,1,,,0
435,Emiliano Martínez,uy URU,MFDF,Palmeiras,25,1999,25,17,1516,16.8,1,0,1,1,0,0,3,0,0,23,12,0,2,16,22,,,0
436,Emmanuel Martínez,ar ARG,MF,Fortaleza,30,1994,14,8,741,8.2,1,1,2,1,0,0,6,0,0,18,13,1,17,6,10,,,0
437,Adriano Martins,br BRA,DF,Juventude,27,1997,5,5,360,4.0,0,0,0,0,0,0,1,0,0,3,1,1,0,6,3,,,0
438,Andre Martins,br BRA,FW,Grêmio,23,2001,25,6,793,8.8,5,2,7,5,0,0,3,0,0,13,15,2,1,3,10,,,0
439,Matheus Martins,br BRA,MF,Botafogo–RJ,21,2003,15,6,654,7.3,1,0,1,1,0,0,3,0,0,11,15,0,15,4,11,,,0
440,Gustavo Martins Santos,br BRA,DF,Grêmio,22,2002,19,15,1320,14.7,2,0,2,2,0,0,4,0,0,22,2,1,2,12,18,,,0
441,Gonzalo Mastriani,uy URU,FW,Botafogo–RJ,31,1993,12,3,288,3.2,1,0,1,1,0,0,1,0,0,8,3,3,0,2,1,,,0
442,Matheusinho,br BRA,MFFW,Sport Recife,26,1998,25,22,1653,18.4,2,2,4,2,0,0,1,1,0,15,35,2,42,21,14,,,0
443,Matheusinho,br BRA,MF,Vitória,27,1997,29,18,1768,19.6,4,1,5,2,2,2,5,1,0,17,62,2,63,11,17,,,0
444,Matheuzinho,br BRA,DFMF,Corinthians,24,2000,31,28,2632,29.2,2,3,5,2,0,0,12,0,0,30,27,1,104,35,40,,,0
445,Ricardo Mathias,br BRA,FW,Internacional,18,2006,22,7,809,9.0,5,1,6,5,0,0,1,0,0,18,9,4,6,0,5,,,1
446,Mauricio,py PAR,MFFW,Palmeiras,23,2001,29,18,1598,17.8,3,7,10,3,0,0,1,0,0,14,24,8,33,13,10,,,0
447,Maycon,br BRA,MF,Corinthians,27,1997,25,16,1491,16.6,3,0,3,2,1,1,4,0,0,14,6,0,24,9,17,,,0
448,Mayke,br BRA,DF,Santos,32,1992,12,9,821,9.1,0,0,0,0,0,0,3,0,0,12,7,0,19,8,12,,,0
449,Mayke,br BRA,DFMF,Palmeiras,32,1992,3,3,211,2.3,0,0,0,0,0,0,1,0,0,10,2,1,11,1,4,,,0
450,Luca Meirelles,br BRA,DF,Santos,17,2007,7,0,89,1.0,0,0,0,0,0,0,0,0,0,1,1,0,0,0,1,,,0
451,Arthur Melo,br BRA,MF,Grêmio,28,1996,13,13,1082,12.0,0,0,0,0,0,0,3,1,0,17,41,1,6,6,18,,,0
452,Memphis,nl NED,FW,Corinthians,30,1994,23,17,1544,17.2,6,3,9,5,1,2,4,0,0,21,31,2,67,2,2,,,0
453,Nathan Mendes,br BRA,DF,RB Bragantino,22,2002,19,12,1158,12.9,0,1,1,0,0,0,3,0,0,12,20,3,19,12,11,,,0
454,Thiago Mendes,br BRA,MF,Vasco da Gama,32,1992,8,3,300,3.3,0,0,0,0,0,0,1,0,0,5,4,0,0,4,1,,,0
455,Vinicius Mendonça,br BRA,MF,RB Bragantino,20,2004,23,11,1039,11.5,0,3,3,0,0,0,2,0,0,16,39,4,19,6,16,,,0
456,Jean Meneses,cl CHI,FWMF,Vasco da Gama,31,1993,1,0,1,0.0,0,0,0,0,0,0,0,0,0,0,0,0,0,0,1,,,0
457,Ramon Menezes Roma,br BRA,DF,Sport Recife,29,1995,23,22,1876,20.8,1,0,1,1,0,0,6,1,1,20,9,1,0,25,14,,,0
458,Gabriel Menino,br BRA,MFDF,Atlético Mineiro,24,2000,23,9,889,9.9,1,1,2,1,0,0,1,0,0,14,15,1,23,9,8,,,0
459,Gabriel Mercado,ar ARG,DF,Internacional,37,1987,14,13,1195,13.3,1,0,1,1,0,0,4,0,0,16,9,0,0,13,10,,,0
460,Micael,br BRA,DF,Palmeiras,24,2000,16,15,1295,14.4,0,1,1,0,0,0,4,0,0,27,2,0,2,10,16,,,0
461,Michael,br BRA,MF,Flamengo,28,1996,15,6,621,6.9,1,3,4,1,0,0,0,0,0,2,6,1,18,1,4,,,0
462,Carlos Miguel,br BRA,GK,Palmeiras,26,1998,9,9,810,9.0,0,0,0,0,0,0,1,0,0,0,5,0,0,0,0,,,0
463,Fernando Miguel,br BRA,GK,Ceará,39,1985,8,7,657,7.3,0,0,0,0,0,0,0,0,0,0,6,0,0,0,0,,,0
464,Moises,br BRA,MFFW,Fortaleza,28,1996,12,3,385,4.3,0,1,1,0,0,0,1,0,0,2,2,2,0,1,3,,,0
465,Miguel Monsalve,co COL,MFFW,Grêmio,20,2004,9,2,297,3.3,0,1,1,0,0,0,2,0,0,9,8,0,14,0,5,,,0
466,Álvaro Montoro,ar ARG,MF,Botafogo–RJ,17,2007,16,10,936,10.4,3,3,6,3,0,0,3,0,0,10,12,0,13,13,16,,,0
467,Kauã Moraes,br BRA,DF,Cruzeiro,18,2006,5,2,197,2.2,0,0,0,0,0,0,0,0,0,5,6,0,15,4,3,,,0
468,Aníbal Moreno,ar ARG,MF,Palmeiras,25,1999,28,19,1805,20.1,0,1,1,0,0,0,9,0,0,22,10,0,13,28,31,,,0
469,Santiago Moreno,co COL,MF,Fluminense,24,2000,5,2,154,1.7,0,0,0,0,0,0,2,0,0,6,2,0,8,2,0,,,0
470,Henry Mosquera,co COL,MF,RB Bragantino,23,2001,17,8,771,8.6,0,0,0,0,0,0,0,0,0,13,8,3,25,4,7,,,0
471,Hugo Moura,br BRA,MFDF,Vasco da Gama,27,1998,33,28,2411,26.8,0,1,1,0,0,0,6,2,0,46,14,0,8,28,31,,,1
472,Lucas Moura,br BRA,FWMF,São Paulo,32,1992,11,4,451,5.0,2,0,2,1,1,1,0,0,0,6,14,1,2,3,2,,,0
473,Neto Moura,br BRA,MF,Mirassol,28,1996,34,31,2428,27.0,1,0,1,1,0,0,10,0,0,38,24,0,5,38,50,,,0
474,Lucas Mugni,ar ARG,MF,Ceará,33,1992,33,22,1714,19.0,2,6,8,2,0,0,5,0,0,30,18,3,137,8,40,,,0
475,Alex Muralha,br BRA,GK,Mirassol,35,1989,7,7,630,7.0,0,0,0,0,0,0,2,0,0,0,1,0,0,0,0,,,0
476,Bruno Nascimento,br BRA,FW,Palmeiras,27,1997,10,4,341,3.8,2,0,2,2,0,0,0,0,0,4,9,3,1,0,0,,,0
477,Nata,br BRA,DF,Juventude,23,2001,2,1,94,1.0,0,0,0,0,0,0,0,0,0,1,0,0,0,3,1,,,0
478,Natanael,br BRA,DFMF,Atlético Mineiro,23,2002,34,24,2142,23.8,1,0,1,1,0,0,2,0,0,23,23,7,50,23,36,,,0
479,Nathan,br BRA,DF,Internacional,23,2001,1,1,90,1.0,0,0,0,0,0,0,0,0,0,3,0,0,0,0,0,,,0
480,Nathan,br BRA,MF,Grêmio,28,1996,2,1,90,1.0,0,0,0,0,0,0,0,0,0,2,1,0,2,0,0,,,0
481,Kaiky Naves,br BRA,DF,Palmeiras,22,2002,1,0,19,0.2,0,0,0,0,0,0,0,0,0,1,0,0,0,0,0,,,0
482,Gui Negão,br BRA,FWMF,Corinthians,17,2007,22,12,945,10.5,3,1,4,3,0,0,3,0,0,27,23,2,6,5,4,,,0
483,Felipe Negrucci,br BRA,DF,São Paulo,20,2004,5,2,226,2.5,0,0,0,0,0,0,0,0,0,3,2,0,0,1,2,,,0
484,Negueba,br BRA,FWMF,Mirassol,25,1999,33,27,2157,24.0,7,3,10,7,0,0,3,0,0,17,54,5,87,12,18,,,0
485,Edison Negueba,br BRA,FW,Juventude,24,2000,5,0,107,1.2,1,0,1,1,0,0,0,0,0,0,1,0,4,1,2,,,0
486,Nenê,br BRA,FWMF,Juventude,43,1981,25,12,1009,11.2,3,4,7,1,2,2,3,0,0,10,35,1,88,2,5,,,0
487,Neris,br BRA,DF,Vitória,32,1992,10,6,534,5.9,0,0,0,0,0,0,1,1,0,14,4,2,0,6,2,,,0
488,Rodrigo Nestor,br BRA,MFFW,Bahia,24,2000,22,8,875,9.7,5,0,5,5,0,0,5,0,0,18,17,2,33,4,16,,,0
489,Neto,br BRA,GK,Botafogo–RJ,35,1989,3,3,224,2.5,0,0,0,0,0,0,0,0,0,0,0,0,0,0,0,,,0
490,Newton,br BRA,MF,Botafogo–RJ,24,2000,25,16,1494,16.6,1,0,1,1,0,0,5,0,0,43,8,1,7,19,21,,,0
491,Neymar,br BRA,FWMF,Santos,32,1992,20,17,1528,17.0,8,1,9,6,2,2,8,1,1,21,68,4,66,3,2,,,0
492,Nicolas,br BRA,DF,Ceará,27,1997,13,6,593,6.6,0,0,0,0,0,0,1,0,0,10,9,0,45,7,5,,,0
493,Nicolas,br BRA,DF,São Paulo,17,2007,1,0,45,0.5,0,0,0,0,0,0,0,0,0,1,2,0,0,2,2,,,0
494,Saúl Ñíguez,es ESP,MF,Flamengo,30,1994,16,12,1156,12.8,0,2,2,0,0,0,3,0,0,30,5,0,11,17,24,,,0
495,Nonato,br BRA,MF,Fluminense,26,1998,20,8,914,10.2,2,1,3,2,0,0,4,0,0,19,15,0,4,9,15,,,0
496,Erick Noriega,pe PER,DFMF,Grêmio,23,2001,14,14,1184,13.2,0,0,0,0,0,0,3,0,0,16,10,0,3,12,7,,,0
497,Lucas Oliveira,br BRA,DF,Vasco da Gama,28,1996,8,2,259,2.9,0,0,0,0,0,0,1,0,0,3,1,0,0,11,4,,,0
498,Sérgio Oliveira,pt POR,MF,Sport Recife,32,1992,19,10,997,11.1,1,1,2,1,0,0,5,0,0,16,12,0,59,5,19,,,0
499,Cauly Oliveira Souza,br BRA,FWMF,Bahia,29,1995,29,7,910,10.1,1,3,4,1,0,0,2,0,0,12,9,0,23,6,4,,,0
500,Cristian Olivera,uy URU,MFFW,Grêmio,22,2002,22,15,1285,14.3,2,0,2,2,0,0,3,0,0,25,33,3,33,3,24,,,0
501,Christian Ortiz,ar ARG,FWMF,Sport Recife,32,1992,6,0,178,2.0,0,0,0,0,0,0,0,0,0,4,1,1,5,2,2,,,0
502,Leo Ortiz,br BRA,DF,Flamengo,29,1996,26,26,2203,24.5,1,2,3,1,0,0,4,0,0,19,5,1,5,18,20,,,0
503,Oscar,br BRA,MFFW,São Paulo,33,1991,6,5,345,3.8,0,0,0,0,0,0,1,0,0,3,3,0,26,7,2,,,0
504,Osvaldo,br BRA,MF,Vitória,37,1987,27,11,996,11.1,0,2,2,0,0,0,3,0,0,6,20,3,68,8,5,,,0
505,Otávio,br BRA,MF,Fluminense,30,1994,6,2,217,2.4,0,0,0,0,0,0,0,0,0,5,8,0,1,5,2,,,0
506,Luis Otávio,br BRA,MF,Internacional,17,2007,20,7,770,8.6,0,0,0,0,0,0,2,0,0,7,17,1,0,11,21,,,0
507,Luiz Otávio,br BRA,DF,Mirassol,32,1992,5,1,165,1.8,0,0,0,0,0,0,1,0,0,3,0,0,0,2,0,,,0
508,João Othavio Basso,br BRA,DF,Santos,28,1997,6,6,518,5.8,1,0,1,1,0,0,2,0,0,10,6,0,0,5,4,,,0
509,Pablo,br BRA,DF,Internacional,18,2006,1,0,20,0.2,0,0,0,0,0,0,0,0,0,2,1,0,0,0,1,,,0
510,Pablo,br BRA,FW,Sport Recife,32,1992,21,13,1055,11.7,3,1,4,3,0,0,1,0,0,17,19,8,3,2,6,,,0
511,Ruan Pablo,br BRA,FW,Bahia,16,2008,5,0,51,0.6,0,0,0,0,0,0,1,0,0,1,1,0,2,0,1,,,0
512,Bruno Pacheco,br BRA,DF,Fortaleza,33,1991,15,15,1261,14.0,1,1,2,1,0,0,5,0,0,16,27,1,16,12,20,,,1
513,Luis Pacheco,br BRA,MF,Palmeiras,16,2008,2,0,18,0.2,0,0,0,0,0,0,1,0,0,2,0,0,0,0,0,,,0
514,Gonçalo Paciência,pt POR,FW,Sport Recife,30,1994,6,3,196,2.2,0,0,0,0,0,0,0,0,0,3,3,0,0,0,0,,,0
515,Brahian Palacios,co COL,MF,Atlético Mineiro,22,2002,1,0,8,0.1,0,0,0,0,0,0,0,0,0,0,0,0,0,0,0,,,0
516,Sergio Palacios,co COL,DF,RB Bragantino,19,2005,2,1,71,0.8,0,0,0,0,0,0,2,0,0,3,1,0,0,0,0,,,0
517,Kaio Pantaleão,br BRA,DF,Botafogo–RJ,29,1995,11,11,933,10.4,0,0,0,0,0,0,2,1,1,12,10,1,1,17,8,,,0
518,Rayan Passaglia Lelis,br BRA,MF,Cruzeiro,18,2007,1,1,64,0.7,0,0,0,0,0,0,1,0,0,2,0,1,1,1,1,,,0
519,Alan Patrick,br BRA,MFFW,Internacional,33,1991,30,30,2506,27.8,11,7,18,5,6,7,6,0,0,26,44,6,138,4,19,,,0
520,Patryck,br BRA,MFDF,São Paulo,22,2003,5,3,309,3.4,0,0,0,0,0,0,1,0,0,4,3,0,20,3,3,,,0
521,Patrick de Paula,br BRA,MF,Botafogo–RJ,25,1999,6,4,284,3.2,0,0,0,0,0,0,0,0,0,4,5,0,2,4,3,,,0
522,Paulinho,br BRA,MF,Palmeiras,24,2000,7,1,224,2.5,0,0,0,0,0,0,0,0,0,1,2,1,5,0,1,,,0
523,Paulinho,br BRA,MF,Vasco da Gama,28,1997,11,4,310,3.4,0,0,0,0,0,0,2,0,0,13,11,0,4,3,3,,,0
524,Caio Paulista,br BRA,MFDF,Atlético Mineiro,26,1998,20,10,885,9.8,0,0,0,0,0,0,2,0,0,13,7,1,23,10,9,,,0
525,Marcos Paulo,br BRA,DF,Juventude,22,2003,19,16,1367,15.2,0,0,0,0,0,0,8,1,1,27,5,1,0,11,16,,,1
526,Cristian Pavón,ar ARG,MF,Grêmio,29,1996,28,14,1373,15.3,0,7,7,0,0,0,6,0,0,12,17,3,93,18,18,,,0
527,Dimitri Payet,fr FRA,MF,Vasco da Gama,37,1987,4,2,191,2.1,0,2,2,0,0,0,0,0,0,2,7,0,13,2,3,,,0
528,Pedrinho,br BRA,MF,São Paulo,17,2007,2,0,26,0.3,0,0,0,0,0,0,0,0,0,0,0,0,1,0,0,,,0
529,Pedro,br BRA,FW,Flamengo,27,1997,21,13,1047,11.6,12,6,18,11,1,2,3,0,0,14,18,2,4,6,6,,,0
530,João Pedro Chermont,br BRA,DF,Santos,19,2006,5,2,249,2.8,0,0,0,0,0,0,3,0,0,9,1,2,12,3,8,,,0
531,João Pedro,br BRA,DF,Corinthians,21,2003,16,13,1242,13.8,0,1,1,0,0,0,4,0,0,18,5,0,1,12,15,,,0
532,João Pedro,br BRA,DF,Grêmio,28,1996,7,6,454,5.0,0,0,0,0,0,0,0,0,0,8,1,1,8,3,7,,,0
533,João Pedro Pepê,br BRA,MF,Vitória,27,1998,14,6,654,7.3,0,0,0,0,0,0,3,1,0,22,19,0,11,9,16,,,0
534,Peixoto,br BRA,MFDF,Juventude,27,1997,13,8,733,8.1,1,0,1,1,0,0,1,0,0,22,9,0,7,9,11,,,0
535,Andreas Pereira,br BRA,MF,Palmeiras,29,1996,15,11,1005,11.2,2,0,2,2,0,0,4,1,0,17,14,0,87,6,7,,,0
536,Léo Pereira,br BRA,DF,Flamengo,29,1996,34,33,2953,32.8,4,0,4,4,0,0,6,0,0,22,13,0,14,27,17,,,0
537,Matheus Pereira,br BRA,MF,Cruzeiro,28,1996,34,32,2793,31.0,7,7,14,7,0,0,7,0,0,35,111,7,175,14,32,,,0
538,Luan Peres Petroni,br BRA,DF,Santos,30,1994,24,23,2051,22.8,0,0,0,0,0,0,6,0,0,29,14,1,7,23,16,,,0
539,Pernambuco,br BRA,MF,Juventude,26,1998,3,0,57,0.6,0,0,0,0,0,0,0,0,0,0,1,0,1,0,3,,,0
540,Petterson,br BRA,MF,Juventude,21,2004,2,1,80,0.9,0,0,0,0,0,0,0,0,0,0,0,0,2,1,0,,,0
541,Pierre,br BRA,MF,Fortaleza,22,2002,13,10,839,9.3,0,0,0,0,0,0,2,0,0,13,8,0,24,16,11,,,0
542,Yago Pikachu,br BRA,MFFW,Fortaleza,32,1992,31,14,1389,15.4,2,1,3,0,2,2,2,0,0,16,21,4,61,4,7,,,0
543,Joaquín Piquerez,uy URU,DFMF,Palmeiras,26,1998,30,28,2456,27.3,3,1,4,1,2,3,2,2,0,12,18,0,125,26,32,,,1
544,Rafael Pires,br BRA,GK,São Paulo,35,1989,35,35,3150,35.0,0,0,0,0,0,0,3,0,0,0,7,0,0,0,1,,,0
545,Lucas Piton,br BRA,DF,Vasco da Gama,24,2000,30,29,2545,28.3,1,7,8,1,0,0,5,0,0,46,12,3,139,32,24,,,0
546,Isidro Pitta,py PAR,FW,RB Bragantino,25,1999,24,10,1093,12.1,7,2,9,7,0,0,6,0,0,21,14,13,11,0,3,,,0
547,Diego Pituca,br BRA,MF,Santos,32,1992,10,4,392,4.4,1,0,1,1,0,0,2,0,0,6,7,0,6,3,4,,,0
548,Gonzalo Plata,ec ECU,MFFW,Flamengo,24,2000,28,14,1350,15.0,4,1,5,4,0,0,0,1,0,21,15,2,17,4,17,,,0
549,Tomas Pochettino,ar ARG,MFFW,Fortaleza,28,1996,26,18,1537,17.1,3,4,7,3,0,0,3,0,0,11,13,4,115,24,21,,,0
550,Mateo Ponte,uy URU,DF,Botafogo–RJ,21,2003,21,4,676,7.5,2,0,2,2,0,0,3,0,0,13,7,2,30,13,12,,,0
551,Gustavo Prado,br BRA,MF,Internacional,19,2005,18,3,559,6.2,1,0,1,1,0,0,2,0,0,6,14,2,15,0,7,,,0
552,Kauã Prates,br BRA,DF,Cruzeiro,16,2008,8,4,341,3.8,0,0,0,0,0,0,1,0,0,5,1,1,10,3,9,,,0
553,Bruno Praxedes,br BRA,MF,RB Bragantino,22,2002,15,3,400,4.4,0,0,0,0,0,0,3,0,0,10,14,0,15,3,4,,,0
554,Lucca Prior,br BRA,MFFW,Fortaleza,20,2004,12,7,656,7.3,2,0,2,2,0,0,2,0,0,15,15,1,42,3,6,,,0
555,Erick Pulga,br BRA,FWMF,Bahia,24,2000,24,20,1687,18.7,3,3,6,3,0,0,3,0,0,23,47,6,45,17,22,,,0
556,Erick Pulgar,cl CHI,MF,Flamengo,31,1994,17,15,1240,13.8,1,0,1,1,0,0,6,0,0,24,12,0,11,23,14,,,0
557,Du Queiroz,br BRA,MF,Sport Recife,25,2000,11,8,615,6.8,0,0,0,0,0,0,0,0,0,12,0,0,7,4,6,,,0
558,Igor Rabello,br BRA,DF,Fluminense,29,1995,4,2,144,1.6,0,0,0,0,0,0,2,1,1,5,0,0,0,2,1,,,0
559,Igor Rabello,br BRA,DF,Atlético Mineiro,29,1995,4,2,189,2.1,0,0,0,0,0,0,0,0,0,4,0,0,0,3,2,,,0
560,Zé Rafael,br BRA,MF,Santos,31,1993,27,22,1854,20.6,1,0,1,1,0,0,6,0,0,41,52,1,5,13,45,,,0
561,Rafinha,br BRA,DF,Sport Recife,18,2006,1,0,45,0.5,0,0,0,0,0,0,0,0,0,1,0,0,0,1,0,,,0
562,André Ramalho,br BRA,DF,Corinthians,32,1992,21,20,1780,19.8,0,0,0,0,0,0,4,0,0,19,10,0,4,20,17,,,0
563,Eric Ramires,br BRA,MF,RB Bragantino,24,2000,31,24,1786,19.8,2,1,3,2,0,0,3,0,0,34,34,1,11,13,24,,,0
564,Ramon,br BRA,DF,Internacional,23,2001,5,4,329,3.7,0,0,0,0,0,0,1,0,0,5,3,0,9,6,4,,,0
565,Ramon,br BRA,DFMF,Vitória,23,2001,18,18,1620,18.0,0,0,0,0,0,0,4,0,0,34,17,3,62,17,26,,,0
566,Lucas Ramon,br BRA,DF,Mirassol,30,1994,31,30,2604,28.9,2,3,5,2,0,0,7,0,0,29,54,5,108,54,44,,,0
567,Chris Ramos,es ESP,FW,Botafogo–RJ,28,1997,13,8,718,8.0,4,0,4,4,0,0,1,1,0,18,17,3,1,4,6,,,0
568,Santi Ramos Mingo,ar ARG,DF,Bahia,23,2001,33,33,2926,32.5,0,0,0,0,0,0,9,1,1,32,24,2,3,29,17,,,0
569,Rafael Ramos,pt POR,DFMF,Ceará,30,1995,20,9,904,10.0,0,0,0,0,0,0,3,0,0,20,6,1,28,12,20,,,0
570,Raniele,br BRA,MFDF,Corinthians,28,1996,30,25,2013,22.4,2,1,3,2,0,0,7,0,0,39,51,0,4,31,37,,,0
571,Wellington Rato,br BRA,FWMF,Vitória,32,1992,5,3,212,2.4,1,0,1,1,0,0,0,0,0,3,3,0,9,1,1,,,0
572,Pedro Raul,br BRA,FW,Ceará,28,1996,34,34,2896,32.2,11,1,12,10,1,1,6,0,0,54,43,33,4,5,6,,,0
573,Rayan,br BRA,MFFW,Vasco da Gama,18,2006,34,32,2835,31.5,14,1,15,12,2,2,4,0,0,27,51,0,44,14,16,,,0
574,Raykkonen,br BRA,FW,Internacional,16,2008,7,0,124,1.4,0,0,0,0,0,0,0,0,0,3,1,0,1,0,1,,,0
575,Reginaldo,br BRA,DF,Juventude,31,1993,18,14,1170,13.0,0,2,2,0,0,0,1,0,0,7,11,2,59,10,9,,,0
576,Reinaldo,br BRA,DF,Mirassol,35,1989,34,33,2892,32.1,13,6,19,7,6,7,6,0,0,26,32,1,206,19,33,,,0
577,Reinier,br BRA,FWMF,Atlético Mineiro,23,2002,13,3,333,3.7,0,0,0,0,0,0,2,0,0,6,4,0,2,2,4,,,0
578,Robert Renan,br BRA,DF,Vasco da Gama,21,2003,15,15,1287,14.3,0,0,0,0,0,0,2,0,0,17,6,0,15,19,10,,,0
579,Cristian Renato,br BRA,FW,Mirassol,24,2000,32,11,1351,15.0,5,3,8,5,0,0,2,0,0,23,14,1,1,2,6,,,0
580,Renê,br BRA,DF,Fluminense,32,1992,28,27,2362,26.2,2,0,2,2,0,0,3,0,0,22,28,0,83,46,36,,,0
581,Rezende,br BRA,MFDF,Bahia,30,1995,11,5,580,6.4,0,0,0,0,0,0,0,0,0,9,9,0,0,7,8,,,0
582,Murilo Rhikman,br BRA,MF,Cruzeiro,18,2006,2,0,8,0.1,0,0,0,0,0,0,0,0,0,0,0,0,0,0,0,,,0
583,Everton Ribeiro,br BRA,MF,Bahia,35,1989,31,25,1925,21.4,2,4,6,1,1,1,5,1,1,21,49,0,74,13,21,,,0
584,Ricardo,br BRA,MF,Vitória,30,1994,20,11,882,9.8,0,0,0,0,0,0,3,0,0,29,11,1,4,9,9,,,0
585,João Ricardo Riedi,br BRA,GK,Fortaleza,36,1988,14,14,1260,14.0,0,0,0,0,0,0,1,0,0,1,2,0,0,0,0,,,1
586,Richard,br BRA,MF,Internacional,30,1994,7,3,275,3.1,0,0,0,0,0,0,0,0,0,5,5,0,0,8,4,,,0
587,Richardson,br BRA,MF,Ceará,33,1991,16,10,790,8.8,0,0,0,0,0,0,4,0,0,11,9,0,1,3,10,,,0
588,Charles Rigon Matos,br BRA,MFDF,Corinthians,28,1996,17,6,571,6.3,1,0,1,1,0,0,3,1,0,22,3,3,5,8,18,,,0
589,Emiliano Rigoni,ar ARG,FW,São Paulo,31,1993,10,2,294,3.3,1,0,1,1,0,0,1,1,0,8,3,7,15,2,1,,,0
590,Tomás Rincón,ve VEN,MF,Santos,37,1988,17,11,922,10.2,0,0,0,0,0,0,4,1,0,24,7,0,7,11,13,,,0
591,Richard Ríos,co COL,MF,Palmeiras,24,2000,10,10,733,8.1,0,2,2,0,0,0,4,0,0,23,23,1,25,7,8,,,0
592,Riquelme,br BRA,MF,Sport Recife,18,2007,2,0,23,0.3,0,0,0,0,0,0,1,0,0,0,0,0,0,0,0,,,0
593,Riquelme,br BRA,MF,Fluminense,17,2007,6,0,99,1.1,0,0,0,0,0,0,1,0,0,2,3,0,3,1,6,,,0
594,Christian Rivera,co COL,MF,Sport Recife,29,1996,33,32,2729,30.3,0,0,0,0,0,0,9,0,0,75,31,3,2,31,51,,,0
595,Pablo Roberto,br BRA,MF,Fortaleza,25,1999,5,1,116,1.3,0,0,0,0,0,0,0,1,0,6,0,0,1,0,4,,,0
596,Paulo Roberto,br BRA,DF,Vitória,19,2005,2,2,96,1.1,0,0,0,0,0,0,0,0,0,7,0,0,5,1,3,,,0
597,Marcos Rocha,br BRA,DF,Palmeiras,36,1988,1,1,90,1.0,0,0,0,0,0,0,0,0,0,2,1,0,6,2,0,,,0
598,Marcos Rocha,br BRA,DF,Grêmio,36,1988,12,12,959,10.7,0,0,0,0,0,0,1,0,0,7,15,1,29,19,29,,,0
599,Sergio Rochet,uy URU,GK,Internacional,31,1993,15,15,1305,14.5,0,0,0,0,0,0,0,0,0,0,3,0,0,0,0,,,0
600,Rodrigo,br BRA,MF,São Paulo,20,2004,18,8,724,8.0,0,0,0,0,0,0,5,0,0,16,4,3,24,3,11,,,0
601,Alisson Rodrigues,br BRA,DF,Internacional,16,2008,1,0,26,0.3,0,0,0,0,0,0,0,1,0,2,0,0,0,0,1,,,0
602,Ruben Rodrigues,pt POR,FWMF,Vitória,28,1996,4,0,26,0.3,0,0,0,0,0,0,0,0,0,0,1,0,0,0,2,,,0
603,Alan Rodríguez,uy URU,MF,Internacional,25,2000,15,11,943,10.5,0,1,1,0,0,0,2,0,0,12,12,1,11,10,21,,,0
604,Guzmán Rodríguez,uy URU,DF,RB Bragantino,24,2000,23,23,2051,22.8,1,0,1,1,0,0,5,0,0,20,12,1,4,17,15,,,0
605,Luciano Rodríguez,uy URU,FW,Bahia,21,2003,18,8,791,8.8,2,0,2,2,0,0,1,0,0,13,13,3,2,2,7,,,0
606,Santiago Rodríguez,uy URU,MF,Botafogo–RJ,25,2000,26,14,1328,14.8,2,5,7,2,0,0,6,0,0,22,41,2,55,11,19,,,0
607,Rodriguinho,br BRA,MF,Cruzeiro,21,2003,1,0,15,0.2,0,0,0,0,0,0,0,0,0,2,0,0,1,0,0,,,0
608,Rodriguinho,br BRA,MF,Ceará,21,2003,4,0,33,0.4,0,0,0,0,0,0,0,1,0,3,1,0,4,0,0,,,0
609,Agustín Rogel,uy URU,DF,Internacional,27,1997,5,5,450,5.0,0,0,0,0,0,0,0,0,0,6,1,0,0,0,6,,,0
610,Benjamín Rollheiser,ar ARG,MFFW,Santos,24,2000,36,27,2212,24.6,2,3,5,1,1,1,7,0,0,34,36,3,93,4,16,,,0
611,Iván Román,cl CHI,DF,Atlético Mineiro,18,2006,12,8,701,7.8,0,0,0,0,0,0,4,0,0,8,9,2,1,10,6,,,0
612,Romarinho,br BRA,MF,Vitória,34,1990,5,1,124,1.4,0,0,0,0,0,0,0,0,0,0,4,0,2,0,0,,,0
613,Romarinho,br BRA,MFFW,Sport Recife,30,1994,26,7,912,10.1,2,0,2,2,0,0,0,0,0,2,28,2,24,5,3,,,0
614,Ángel Romero,py PAR,FWMF,Corinthians,32,1992,27,11,1068,11.9,0,1,1,0,0,0,4,1,0,12,24,6,26,7,13,,,0
615,Lucas Romero,ar ARG,MF,Cruzeiro,30,1994,33,32,2832,31.5,1,3,4,1,0,0,12,0,0,38,50,1,19,35,39,,,0
616,Óscar Romero,py PAR,MF,Internacional,32,1992,17,5,505,5.6,0,1,1,0,0,0,3,0,0,9,18,0,29,5,8,,,0
617,Romulo,br BRA,MF,Ceará,23,2001,9,0,133,1.5,0,0,0,0,0,0,0,0,0,6,2,1,9,0,2,,,0
618,Rômulo,br BRA,DF,Atlético Mineiro,21,2004,3,2,209,2.3,0,0,0,0,0,0,1,0,0,5,0,0,1,6,4,,,0
619,Ronald,br BRA,MF,Vitória,27,1997,29,23,1871,20.8,0,2,2,0,0,0,7,0,0,39,23,3,41,12,32,,,0
620,Ronald,br BRA,DF,Grêmio,21,2003,6,1,233,2.6,0,0,0,0,0,0,0,0,0,1,2,0,0,1,5,,,0
621,Ronaldo,br BRA,GK,Bahia,28,1996,28,28,2448,27.2,0,1,1,0,0,0,1,0,0,1,7,0,0,0,0,,,1
622,Ronaldo,br BRA,MF,Internacional,28,1996,15,6,774,8.6,0,0,0,0,0,0,4,1,0,20,3,2,0,13,23,,,0
623,Budiga Roni,br BRA,MF,Mirassol,25,1999,9,0,150,1.7,0,0,0,0,0,0,1,0,0,1,0,0,0,4,3,,,0
624,Rony,br BRA,FWMF,Atlético Mineiro,29,1995,35,29,2500,27.8,6,5,11,6,0,0,4,1,0,52,57,20,58,21,18,,,0
625,Vitor Roque,br BRA,FW,Palmeiras,19,2005,33,24,2117,23.5,16,3,19,15,1,1,4,0,0,35,91,17,16,5,16,,,0
626,Diego Rosa,br BRA,MF,Internacional,22,2002,7,1,199,2.2,0,0,0,0,0,0,0,0,0,4,2,0,12,3,2,,,0
627,Matheus Rossetto,br BRA,MF,Fortaleza,28,1996,20,10,924,10.3,0,0,0,0,0,0,1,0,0,6,5,1,5,3,8,,,0
628,Agustín Rossi,ar ARG,GK,Flamengo,29,1995,37,37,3330,37.0,0,0,0,0,0,0,3,0,0,0,10,0,0,0,0,,,0
629,Ruan,br BRA,DF,Atlético Mineiro,25,1999,11,7,811,9.0,1,0,1,1,0,0,4,0,0,12,7,0,0,16,5,,,0
630,Ruan,br BRA,DF,São Paulo,25,1999,5,4,361,4.0,0,0,0,0,0,0,1,0,0,5,2,0,0,6,6,,,0
631,Rubens,br BRA,MFDF,Atlético Mineiro,23,2001,13,11,1033,11.5,1,0,1,1,0,0,2,0,0,17,10,0,18,28,30,,,0
632,Alan Ruschel,br BRA,DF,Juventude,35,1989,21,14,1230,13.7,0,0,0,0,0,0,6,0,0,18,28,3,37,14,11,,,0
633,Rwan,br BRA,FW,Botafogo–RJ,23,2001,5,2,176,2.0,0,0,0,0,0,0,0,0,0,1,2,1,2,1,2,,,0
634,José Sabino,br BRA,DF,São Paulo,28,1996,30,25,2299,25.5,2,0,2,2,0,0,3,0,0,35,16,0,8,47,25,,,0
635,Daniel Sales,br BRA,DF,Flamengo,18,2006,1,1,68,0.8,0,0,0,0,0,0,0,0,0,0,0,0,2,1,1,,,0
636,Rodrigo Sam,br BRA,DF,Juventude,29,1995,18,16,1457,16.2,1,0,1,1,0,0,8,0,0,32,21,5,1,27,21,,,0
637,Mateo Sanabria,ar ARG,MF,Bahia,20,2004,10,7,569,6.3,1,0,1,1,0,0,3,1,1,9,21,3,24,0,4,,,0
638,Alex Sandro,br BRA,DF,Flamengo,34,1991,20,19,1544,17.2,0,0,0,0,0,0,4,0,0,45,16,1,29,19,7,,,0
639,Agustín Sant'Anna,uy URU,DF,RB Bragantino,27,1997,11,6,523,5.8,0,0,0,0,0,0,3,0,0,11,2,2,29,12,8,,,0
640,Alex Santana,br BRA,MF,Corinthians,29,1995,3,1,106,1.2,0,0,0,0,0,0,0,0,0,2,2,0,0,0,0,,,0
641,Alex Santana,br BRA,MF,Grêmio,29,1995,8,4,389,4.3,0,0,0,0,0,0,5,0,0,10,9,1,1,5,4,,,0
642,Ademir Santos,br BRA,FWMF,Bahia,29,1995,30,26,1971,21.9,2,6,8,2,0,0,7,0,0,27,52,6,110,5,23,,,0
643,Danilo Santos,br BRA,MF,Botafogo–RJ,23,2001,13,10,827,9.2,1,3,4,1,0,0,2,0,0,6,5,2,3,9,9,,,0
644,Eduardo Santos,br BRA,DF,RB Bragantino,27,1997,8,2,319,3.5,0,0,0,0,0,0,0,0,0,2,2,0,0,8,5,,,0
645,Júnior Santos,br BRA,FW,Atlético Mineiro,30,1994,16,1,361,4.0,2,0,2,2,0,0,1,0,0,9,14,3,2,0,4,,,0
646,Rodrigo Santos,br BRA,MF,Fortaleza,24,2000,8,2,225,2.5,0,0,0,0,0,0,2,0,0,9,3,0,0,1,6,,,0
647,Renzo Saravia,ar ARG,DFMF,Atlético Mineiro,31,1993,19,12,1065,11.8,0,0,0,0,0,0,2,0,0,22,13,1,11,7,23,,,0
648,Eduardo Sasha,br BRA,FWMF,RB Bragantino,32,1992,33,30,2246,25.0,8,3,11,5,3,3,8,1,0,12,39,4,9,6,7,,,0
649,Lucas Sasha,br BRA,MF,Fortaleza,34,1990,31,31,2612,29.0,1,0,1,1,0,0,4,0,0,54,25,0,16,61,76,,,0
650,Jefferson Savarino,ve VEN,MF,Botafogo–RJ,28,1996,27,24,1917,21.3,4,3,7,4,0,0,2,0,0,10,18,10,95,2,9,,,0
651,Kike Saverio,es ESP,MF,Vitória,25,1999,2,0,33,0.4,0,0,0,0,0,0,0,0,0,1,1,0,1,0,0,,,0
652,Gustavo Scarpa,br BRA,MF,Atlético Mineiro,31,1994,36,25,2302,25.6,1,3,4,1,0,0,3,0,0,20,43,3,173,15,10,,,0
653,João Scatolin,br BRA,MF,Juventude,16,2008,1,0,25,0.3,0,0,0,0,0,0,0,0,0,0,0,0,0,1,0,,,0
654,João Schmidt,br BRA,MF,Santos,31,1993,31,25,2153,23.9,2,2,4,2,0,0,7,0,0,45,13,0,3,33,27,,,0
655,Davi Schuindt,br BRA,DF,Fluminense,20,2004,2,2,180,2.0,0,0,0,0,0,0,0,0,0,1,2,0,0,2,1,,,0
656,Cleiton Schwengber,br BRA,GK,RB Bragantino,27,1997,34,34,3060,34.0,0,0,0,0,0,0,6,0,0,0,9,0,0,1,0,,,0
657,Paulo Sérgio,br BRA,FW,São Paulo,19,2005,3,0,26,0.3,0,0,0,0,0,0,0,0,0,0,0,0,0,0,1,,,0
658,Kevin Serna,co COL,MF,Fluminense,27,1997,33,25,2086,23.2,7,5,12,7,0,0,3,0,0,24,30,5,65,16,29,,,0
659,Igor Serrote,br BRA,DF,Grêmio,19,2005,7,6,512,5.7,0,0,0,0,0,0,2,0,0,7,10,0,7,14,17,,,0
660,Juan Sforza,ar ARG,MF,Juventude,22,2002,8,2,272,3.0,0,0,0,0,0,0,0,0,0,4,3,0,1,2,4,,,0
661,Juan Sforza,ar ARG,MF,Vasco da Gama,22,2002,2,1,71,0.8,0,0,0,0,0,0,0,0,0,1,1,0,0,1,1,,,0
662,Shaylon,br BRA,MF,Mirassol,27,1997,13,3,439,4.9,0,0,0,0,0,0,1,0,0,5,1,1,7,5,8,,,0
663,Aderlan Silva,br BRA,DFMF,Sport Recife,34,1990,14,10,920,10.2,0,0,0,0,0,0,5,0,0,16,11,1,28,14,7,,,0
664,Aderlan Silva,br BRA,DF,Santos,34,1990,2,1,87,1.0,0,0,0,0,0,0,0,0,0,1,2,1,1,1,0,,,0
665,André Silva,br BRA,FW,São Paulo,27,1997,20,15,1357,15.1,5,2,7,4,1,1,5,0,0,22,22,7,11,10,5,,,0
666,Gustavo Silva,br BRA,MFFW,Vitória,27,1997,10,6,480,5.3,0,2,2,0,0,0,0,0,0,9,4,3,21,3,1,,,0
667,João Silva,pt POR,DF,Sport Recife,26,1999,14,10,990,11.0,0,0,0,0,0,0,1,0,0,11,3,0,2,8,7,,,0
668,Luan Silva,br BRA,MF,São Paulo,25,1999,6,2,173,1.9,0,0,0,0,0,0,0,0,0,6,3,0,0,3,2,,,0
669,Lucas Silva,br BRA,MF,Cruzeiro,31,1993,34,32,2751,30.6,2,2,4,2,0,0,8,0,0,56,24,0,3,14,27,,,0
670,Matheus Pereira da Silva,br BRA,MF,Fortaleza,26,1998,19,15,1285,14.3,1,3,4,1,0,0,4,1,0,21,9,0,37,19,7,,,0
671,Patrick Silva,br BRA,MF,Atlético Mineiro,20,2004,3,2,224,2.5,0,0,0,0,0,0,0,0,0,3,3,0,1,6,2,,,0
672,Thiago Silva,br BRA,DF,Fluminense,40,1984,25,24,2157,24.0,2,0,2,2,0,0,1,0,0,11,9,0,4,20,5,,,0
673,Vinicius Silvestre,br BRA,GK,Fortaleza,30,1994,2,2,180,2.0,0,0,0,0,0,0,0,0,0,0,1,0,0,0,0,,,0
674,Luis Sinisterra,co COL,MF,Cruzeiro,25,1999,11,2,326,3.6,2,1,3,2,0,0,0,0,0,5,8,0,1,3,3,,,0
675,Cédric Soares,pt POR,MFDF,São Paulo,33,1991,25,22,1889,21.0,0,3,3,0,0,0,2,0,0,16,9,0,107,12,21,,,0
676,Everton Soares,br BRA,MF,Flamengo,28,1996,23,9,874,9.7,1,3,4,1,0,0,0,0,0,13,6,3,24,4,9,,,0
677,Tiquinho Soares,br BRA,FW,Santos,34,1991,27,13,1252,13.9,2,3,5,0,2,2,3,0,0,29,38,5,2,2,9,,,0
678,Fernando Sobral,br BRA,MF,Ceará,30,1994,30,17,1504,16.7,1,0,1,1,0,0,8,0,0,38,17,2,32,15,34,,,0
679,Ramón Sosa,py PAR,MFFW,Palmeiras,25,1999,23,6,876,9.7,3,3,6,3,0,0,0,0,0,10,14,3,52,1,3,,,0
680,Yeferson Soteldo,ve VEN,MF,Santos,27,1997,5,3,326,3.6,0,0,0,0,0,0,1,0,0,2,6,1,27,2,1,,,0
681,Yeferson Soteldo,ve VEN,MF,Fluminense,27,1997,17,3,496,5.5,2,2,4,2,0,0,0,0,0,2,17,0,49,1,5,,,0
682,Souza,br BRA,DF,Santos,18,2006,24,19,1639,18.2,1,2,3,1,0,0,4,0,0,22,20,1,77,21,30,,,0
683,Fabiano Souza,br BRA,DF,Ceará,24,2000,34,34,2907,32.3,0,1,1,0,0,0,8,0,0,45,42,0,63,28,32,,,0
684,Gabriel Souza,br BRA,MF,Vasco da Gama,20,2005,12,0,136,1.5,2,0,2,2,0,0,0,0,0,2,1,0,1,3,4,,,0
685,Hugo Souza,br BRA,GK,Corinthians,26,1999,26,26,2340,26.0,0,0,0,0,0,0,3,0,0,0,2,0,0,0,0,,,0
686,Igor Vinícius de Souza,br BRA,MFDF,São Paulo,27,1997,3,2,164,1.8,0,0,0,0,0,0,1,0,0,2,2,0,11,1,1,,,0
687,Igor Vinícius de Souza,br BRA,DF,Santos,27,1997,20,15,1302,14.5,0,2,2,0,0,0,4,0,0,26,19,0,50,15,29,,,0
688,Raul Steffens,br BRA,GK,Botafogo–RJ,27,1997,2,2,180,2.0,0,0,0,0,0,0,0,0,0,0,0,0,0,0,0,,,0
689,Everaldo Stum,br BRA,FW,Fluminense,33,1991,28,15,1352,15.0,2,0,2,2,0,1,2,0,0,31,26,3,7,0,4,,,0
690,Bruno Tabata,br BRA,MFFW,Internacional,27,1997,24,12,1073,11.9,3,0,3,2,1,1,4,1,0,21,21,2,72,8,14,,,0
691,Gabriel Taliari,br BRA,FWMF,Juventude,27,1997,34,28,2296,25.5,8,4,12,8,0,0,7,0,0,57,68,8,15,9,19,,,0
692,Gonzalo Tapia,cl CHI,FW,São Paulo,22,2002,20,12,1117,12.4,5,0,5,5,0,0,4,0,0,25,41,5,25,4,6,,,0
693,Tchê Tchê,br BRA,MF,Vasco da Gama,32,1992,29,24,2000,22.2,1,0,1,1,0,0,3,0,0,26,41,1,11,12,10,,,0
694,Alex Teixeira,br BRA,FWMF,Vasco da Gama,35,1990,9,0,118,1.3,0,0,0,0,0,0,1,0,0,2,1,0,0,0,1,,,0
695,Alex Telles,br BRA,DF,Botafogo–RJ,32,1992,27,22,1690,18.8,5,4,9,1,4,4,3,0,0,21,10,1,128,19,14,,,0
696,Douglas Telles,br BRA,MF,Flamengo,17,2007,2,1,84,0.9,2,0,2,2,0,0,0,0,0,0,1,0,1,1,0,,,0
697,Thaciano,br BRA,MFFW,Santos,29,1995,19,5,614,6.8,3,0,3,3,0,0,2,0,0,5,9,9,4,3,8,,,0
698,Thalys,br BRA,FW,Palmeiras,19,2005,2,1,88,1.0,0,0,0,0,0,0,0,0,0,0,1,0,0,1,1,,,0
699,Thiago,br BRA,GK,Vitória,25,1999,9,8,785,8.7,0,0,0,0,0,0,0,0,0,1,1,0,0,0,0,,,0
700,Rafael Thyere,br BRA,DF,Sport Recife,31,1993,24,24,2106,23.4,1,0,1,1,0,0,2,0,0,14,9,0,3,26,19,,,0
701,Tiago,br BRA,FW,Bahia,19,2005,25,5,902,10.0,3,2,5,3,0,0,2,0,0,18,28,3,11,0,10,,,0
702,Guilherme Tinga,br BRA,DF,Fortaleza,31,1993,11,8,752,8.4,1,0,1,1,0,0,1,0,0,6,4,0,20,12,5,,,0
703,Titi,br BRA,DF,Fortaleza,36,1988,3,3,269,3.0,0,0,0,0,0,0,2,1,1,4,1,0,0,10,1,,,0
704,Kauan Toledo,br BRA,FW,Botafogo–RJ,18,2006,2,0,7,0.1,0,1,1,0,0,0,1,0,0,1,2,0,2,0,0,,,0
705,Rafael Tolói,it ITA,DF,São Paulo,34,1990,7,6,499,5.5,0,0,0,0,0,0,0,0,0,2,2,0,1,11,7,,,0
706,Félix Torres Caicedo,ec ECU,DF,Corinthians,28,1997,10,8,647,7.2,0,0,0,0,0,0,1,0,0,14,3,0,2,14,9,,,0
707,Facundo Torres,uy URU,MFFW,Palmeiras,24,2000,29,20,1665,18.5,6,3,9,6,0,0,3,0,0,16,39,1,49,6,12,,,0
708,Bruno Tubarão,br BRA,DFMF,Ceará,29,1995,7,0,100,1.1,0,0,0,0,0,0,0,0,0,1,0,1,12,0,2,,,0
709,Enner Valencia,ec ECU,FW,Internacional,35,1989,14,7,628,7.0,1,0,1,1,0,0,3,0,0,17,14,3,3,1,5,,,0
710,Vanderlan,br BRA,DFMF,Palmeiras,22,2002,3,3,198,2.2,0,0,0,0,0,0,0,0,0,5,3,0,6,4,3,,,0
711,Vanderlan,br BRA,DF,RB Bragantino,22,2002,14,12,1055,11.7,0,1,1,0,0,0,4,0,0,21,9,1,56,5,15,,,0
712,Guillermo Varela,uy URU,DF,Flamengo,31,1993,20,14,1325,14.7,0,4,4,0,0,0,1,0,0,9,12,2,31,10,15,,,0
713,Pablo Vegetti,ar ARG,FW,Vasco da Gama,36,1988,35,27,2335,25.9,14,1,15,11,3,3,3,0,0,31,45,9,2,7,10,,,1
714,Raphael Veiga,br BRA,MF,Palmeiras,29,1995,25,13,1067,11.9,2,4,6,1,1,1,3,0,0,26,30,0,64,5,5,,,0
715,Fausto Vera,ar ARG,MF,Atlético Mineiro,24,2000,18,15,1127,12.5,1,0,1,1,0,0,3,0,0,23,5,0,3,12,18,,,0
716,Gabriel Veron,br BRA,MF,Santos,22,2002,6,1,122,1.4,0,0,0,0,0,0,0,0,0,1,3,2,1,0,6,,,0
717,Gabriel Veron,br BRA,FWMF,Juventude,22,2002,13,7,639,7.1,0,0,0,0,0,0,0,0,0,9,7,0,5,3,4,,,0
718,João Victor,br BRA,DF,Vasco da Gama,26,1998,16,16,1435,15.9,1,0,1,1,0,0,3,0,0,11,11,0,4,10,25,,,1
719,João Victor,br BRA,DF,Mirassol,27,1997,34,34,3059,34.0,2,1,3,2,0,0,8,1,0,28,22,2,0,33,19,,,0
720,João Victor,br BRA,FW,Ceará,20,2004,1,0,6,0.1,0,0,0,0,0,0,0,0,0,0,0,0,0,0,0,,,0
721,João Victor,br BRA,DF,Flamengo,18,2007,4,3,194,2.2,0,0,0,0,0,0,1,0,0,3,1,0,0,2,1,,,0
722,Marcos Victor,br BRA,DF,Ceará,23,2001,15,15,1343,14.9,0,1,1,0,0,0,0,0,0,7,7,1,4,11,16,,,0
723,Lucas Vieira,br BRA,MF,Flamengo,17,2007,1,0,22,0.2,0,0,0,0,0,0,0,0,0,0,0,0,0,1,1,,,0
724,Viery,br BRA,DF,Grêmio,20,2005,3,0,50,0.6,0,0,0,0,0,0,0,0,0,1,0,0,0,0,1,,,0
725,Lucas Villalba,ar ARG,DF,Cruzeiro,30,1994,32,32,2864,31.8,1,0,1,1,0,0,10,0,0,28,22,1,19,47,20,,,0
726,Mathías Villasanti,py PAR,MF,Grêmio,28,1997,16,14,1150,12.8,0,0,0,0,0,0,5,0,0,27,13,0,3,25,31,,,0
727,Matías Viña,uy URU,DF,Flamengo,27,1997,8,2,281,3.1,0,0,0,0,0,0,1,0,0,5,3,0,7,3,6,,,0
728,Vinícius,br BRA,MF,Ceará,33,1991,16,5,567,6.3,0,1,1,0,0,0,2,1,0,8,8,0,32,0,2,,,0
729,Alix Vinicius,br BRA,DF,RB Bragantino,25,1999,11,9,862,9.6,0,0,0,0,0,0,4,0,0,16,7,0,2,10,5,,,0
730,Carlos Vinícius,br BRA,FW,Grêmio,29,1995,14,12,942,10.5,12,1,13,9,3,3,3,1,0,21,26,9,4,0,3,,,0
731,Vitão,br BRA,DF,Internacional,24,2000,31,31,2719,30.2,0,2,2,0,0,0,5,0,0,22,1,0,2,21,20,,,1
732,Vitinho,br BRA,FW,Corinthians,31,1993,12,4,479,5.3,0,3,3,0,0,0,0,0,0,6,11,1,28,2,8,,,0
733,Vitinho,br BRA,DF,Botafogo–RJ,25,1999,36,34,2831,31.5,1,2,3,1,0,0,3,0,0,29,18,4,120,25,39,,,0
734,Vitinho,br BRA,MFFW,Internacional,25,1999,27,20,1679,18.7,5,1,6,5,0,0,4,0,0,42,35,5,33,16,20,,,0
735,Zé Vitor,br BRA,MF,Mirassol,24,2000,2,0,25,0.3,0,0,0,0,0,0,1,0,0,2,0,0,0,0,0,,,0
736,Tiago Volpi,br BRA,GK,Grêmio,34,1990,32,32,2880,32.0,2,0,2,0,2,2,2,0,0,1,10,0,0,0,0,,,0
737,Wagner,br BRA,DF,Grêmio,25,1999,29,26,2369,26.3,0,2,2,0,0,0,3,0,0,21,6,1,0,37,16,,,0
738,Walace,br BRA,MF,Cruzeiro,29,1995,17,4,384,4.3,0,0,0,0,0,0,4,0,0,10,3,0,3,6,4,,,0
739,Wallace,br BRA,FW,Flamengo,19,2005,17,4,443,4.9,1,2,3,1,0,0,5,1,1,10,22,5,9,3,4,,,0
740,Walter,br BRA,GK,Mirassol,37,1987,31,31,2790,31.0,0,0,0,0,0,0,5,0,0,0,5,0,0,0,0,,,0
741,Wanderson,br BRA,MF,Cruzeiro,30,1994,27,25,1792,19.9,0,2,2,0,0,0,2,0,0,25,15,6,65,6,8,,,0
742,Deivid Washington,br BRA,FW,Santos,19,2005,17,5,557,6.2,1,0,1,1,0,0,0,0,0,7,14,2,2,3,2,,,0
743,José Welison,br BRA,MF,Fortaleza,29,1995,9,4,437,4.9,0,0,0,0,0,0,3,0,0,7,5,0,8,5,9,,,0
744,João Wellington,br BRA,MF,Cruzeiro,21,2004,5,1,139,1.5,0,0,0,0,0,0,0,0,0,6,1,1,4,3,1,,,0
745,Wendell,br BRA,MF,Vitória,19,2005,1,1,66,0.7,0,0,0,0,0,0,0,0,0,0,2,0,0,1,1,,,0
746,Wendell,br BRA,MFDF,São Paulo,31,1993,16,11,838,9.3,0,1,1,0,0,0,0,0,0,13,16,1,33,10,13,,,0
747,Wesley,br BRA,DF,Flamengo,21,2003,11,11,982,10.9,1,2,3,1,0,0,4,0,0,16,22,1,49,9,20,,,0
748,Wesley,br BRA,MFFW,Internacional,25,1999,18,16,1233,13.7,0,3,3,0,0,0,2,0,0,20,35,6,33,6,20,,,0
749,Weverson,br BRA,DF,Fortaleza,24,2000,4,2,219,2.4,0,0,0,0,0,0,0,0,0,6,2,0,6,1,2,,,0
750,Wéverton,br BRA,GK,Palmeiras,37,1987,26,26,2340,26.0,0,0,0,0,0,0,2,0,0,0,10,0,0,0,1,,,0
751,William,br BRA,DF,Cruzeiro,29,1995,30,25,2281,25.3,0,6,6,0,0,0,4,1,1,40,18,4,165,43,49,,,0
752,Willian,br BRA,MF,Vitória,31,1993,20,16,1411,15.7,1,0,1,1,0,0,8,0,0,35,14,0,2,21,12,,,0
753,Willian,br BRA,MF,Grêmio,36,1988,6,4,308,3.4,1,2,3,0,1,1,0,0,0,2,8,0,19,1,1,,,0
754,Estêvão Willian,br BRA,MFFW,Palmeiras,17,2007,11,9,831,9.2,0,3,3,0,0,0,3,0,0,13,22,7,63,2,1,,,0
755,Mateus Xavier,br BRA,MF,Santos,17,2007,3,0,39,0.4,0,0,0,0,0,0,0,0,0,0,0,0,1,0,1,,,0
756,Samuel Xavier,br BRA,DF,Fluminense,34,1990,29,26,2385,26.5,4,1,5,4,0,0,5,0,0,32,34,0,53,15,30,,,0
757,Yago,br BRA,FW,Internacional,17,2007,2,0,73,0.8,0,0,0,0,0,0,0,0,0,1,0,0,5,0,1,,,0
758,Yago,br BRA,MF,Mirassol,29,1995,19,8,630,7.0,0,1,1,0,0,0,3,0,0,15,25,0,5,7,7,,,0
759,Young,br BRA,GK,São Paulo,22,2002,3,3,270,3.0,0,0,0,0,0,0,0,0,0,0,0,0,0,0,0,,,0
760,Vinícius Zanocelo,br BRA,MF,Ceará,24,2001,15,12,1087,12.1,1,0,1,1,0,0,2,0,0,24,6,0,7,14,15,,,0
761,Lukas Zuccarello,br BRA,MF,Vasco da Gama,18,2006,2,0,24,0.3,0,0,0,0,0,0,0,0,0,1,0,0,1,0,1,,,0
