Rk,Player,Nation,Pos,Squad,Age,Born,MP,Starts,Min,90s,Gls,Ast,G+A,G-PK,PK,PKatt,CrdY,CrdR,Gls,Ast,G+A,G-PK,G+A-PK,Matches,-9999
1,Abner,br BRA,DF,Juventude,20,2004,19,13,1318,14.6,0,1,1,0,0,0,3,0,0.00,0.07,0.07,0.00,0.07,Matches,6c0ef11c
2,Nicolás Acevedo,uy URU,MF,Bahia,25,1999,32,18,1690,18.8,0,1,1,0,0,0,6,0,0.00,0.05,0.05,0.00,0.05,Matches,6140be7b
3,Luciano Acosta,ar ARG,MF,Fluminense,30,1994,16,15,1199,13.3,3,2,5,3,0,0,5,0,0.23,0.15,0.38,0.23,0.38,Matches,363ba6d7
4,Adriel,br BRA,MF,Sport Recife,18,2006,5,1,148,1.6,0,0,0,0,0,0,1,0,0.00,0.00,0.00,0.00,0.00,Matches,959e965c
5,Adson,br BRA,MF,Vasco da Gama,24,2000,10,0,210,2.3,0,0,0,0,0,0,0,0,0.00,0.00,0.00,0.00,0.00,Matches,eda38706
6,Braian Aguirre,ar ARG,DFMF,Internacional,24,2000,30,28,2389,26.5,1,0,1,1,0,0,4,0,0.04,0.00,0.04,0.04,0.04,Matches,74b396d8
7,Carlos Alberto,br BRA,MFFW,Sport Recife,22,2002,9,4,330,3.7,0,0,0,0,0,0,1,0,0.00,0.00,0.00,0.00,0.00,Matches,08f48d96
8,Yuri Alberto,br BRA,FW,Corinthians,23,2001,26,21,2005,22.3,10,2,12,8,2,3,3,0,0.45,0.09,0.54,0.36,0.45,Matches,65159211
9,José Aldo,br BRA,MF,Mirassol,26,1998,30,15,1369,15.2,0,1,1,0,0,0,6,0,0.00,0.07,0.07,0.00,0.07,Matches,2f90595a
10,Alesson,br BRA,FWMF,Mirassol,25,1999,26,16,1456,16.2,6,5,11,6,0,0,1,0,0.37,0.31,0.68,0.37,0.68,Matches,611e984e
11,Caio Alexandre,br BRA,MF,Bahia,25,1999,21,17,1303,14.5,0,1,1,0,0,0,4,0,0.00,0.07,0.07,0.00,0.07,Matches,08ac23b7
12,Matheus Alexandre,br BRA,DF,Sport Recife,25,1999,26,20,1779,19.8,0,1,1,0,0,0,9,1,0.00,0.05,0.05,0.00,0.05,Matches,0212e748
13,Alexsander,br BRA,MF,Atlético Mineiro,21,2003,14,8,828,9.2,1,0,1,1,0,0,3,0,0.11,0.00,0.11,0.11,0.11,Matches,b13e7a78
14,Alisson,br BRA,MF,São Paulo,31,1993,31,21,1960,21.8,0,1,1,0,0,0,6,0,0.00,0.05,0.05,0.00,0.05,Matches,99139fa4
15,Allan,br BRA,MF,Palmeiras,20,2004,28,8,921,10.2,2,3,5,2,0,0,0,1,0.20,0.29,0.49,0.20,0.49,Matches,aae04867
16,Allan,br BRA,MF,Botafogo–RJ,34,1991,21,11,965,10.7,0,0,0,0,0,0,8,0,0.00,0.00,0.00,0.00,0.00,Matches,cc700722
17,Allan,br BRA,MF,Flamengo,27,1997,13,9,683,7.6,0,0,0,0,0,0,2,0,0.00,0.00,0.00,0.00,0.00,Matches,b15e93aa
18,Allanzinho,br BRA,MF,Fortaleza,24,2000,9,2,287,3.2,0,2,2,0,0,0,1,0,0.00,0.63,0.63,0.00,0.63,Matches,21e7822d
19,Júnior Alonso,py PAR,DF,Atlético Mineiro,31,1993,31,31,2610,29.0,1,1,2,1,0,0,6,2,0.03,0.03,0.07,0.03,0.07,Matches,b18a3023
20,Dyogo Alves,br BRA,GK,Flamengo,21,2004,1,1,90,1.0,0,0,0,0,0,0,0,0,0.00,0.00,0.00,0.00,0.00,Matches,be620844
21,Matheus Alves,br BRA,MF,São Paulo,19,2005,8,4,371,4.1,0,1,1,0,0,0,3,0,0.00,0.24,0.24,0.00,0.24,Matches,177f810f
22,Alysson,br BRA,MFFW,Grêmio,18,2006,31,21,1718,19.1,1,2,3,1,0,0,6,0,0.05,0.10,0.16,0.05,0.16,Matches,99b63a82
23,Francis Amuzu,be BEL,MF,Grêmio,25,1999,22,13,1145,12.7,4,2,6,4,0,0,4,0,0.31,0.16,0.47,0.31,0.47,Matches,4f0fbd15
24,Felipe Anderson,br BRA,MF,Palmeiras,31,1993,31,24,1773,19.7,4,2,6,4,0,0,0,0,0.20,0.10,0.30,0.20,0.30,Matches,9f1893b9
25,Kervin Andrade,ve VEN,MF,Fortaleza,19,2005,7,1,163,1.8,0,1,1,0,0,0,3,0,0.00,0.55,0.55,0.00,0.55,Matches,4d3dafbc
26,André,br BRA,MF,Corinthians,18,2006,9,1,315,3.5,2,0,2,2,0,0,0,0,0.57,0.00,0.57,0.57,0.57,Matches,867660e8
27,José Andrés Martínez,ve VEN,MF,Corinthians,30,1994,24,17,1396,15.5,1,1,2,1,0,0,11,2,0.06,0.06,0.13,0.06,0.13,Matches,c8364e8e
28,Wilker Ángel,ve VEN,DF,Juventude,31,1993,18,16,1423,15.8,1,0,1,1,0,0,5,0,0.06,0.00,0.06,0.06,0.06,Matches,1155a7ba
29,Fabrizio Angileri,ar ARG,DF,Corinthians,30,1994,28,17,1638,18.2,0,0,0,0,0,0,4,0,0.00,0.00,0.00,0.00,0.00,Matches,fdd26d71
30,Anthoni,br BRA,GK,Internacional,23,2002,18,16,1530,17.0,0,0,0,0,0,0,0,0,0.00,0.00,0.00,0.00,0.00,Matches,a0b17b31
31,Marcos Antônio,br BRA,MF,São Paulo,24,2000,28,23,1896,21.1,0,4,4,0,0,0,4,0,0.00,0.19,0.19,0.00,0.19,Matches,108fe016
32,Léo Aragão,br BRA,GK,Cruzeiro,22,2002,4,3,334,3.7,0,0,0,0,0,0,1,0,0.00,0.00,0.00,0.00,0.00,Matches,47e05bd9
33,Guilherme Arana,br BRA,DFMF,Atlético Mineiro,27,1997,25,20,1748,19.4,1,1,2,1,0,0,7,0,0.05,0.05,0.10,0.05,0.10,Matches,2b15a82a
34,Willian Arão,br BRA,MF,Santos,32,1992,13,9,779,8.7,0,0,0,0,0,0,0,0,0.00,0.00,0.00,0.00,0.00,Matches,f47a530a
35,Luiz Araújo,br BRA,MF,Flamengo,28,1996,35,15,1765,19.6,7,3,10,7,0,0,2,0,0.36,0.15,0.51,0.36,0.51,Matches,fa18c72e
36,Matheus Araújo,br BRA,MF,Ceará,22,2002,11,2,270,3.0,1,1,2,1,0,0,0,0,0.33,0.33,0.67,0.33,0.67,Matches,2b0a4a75
37,Michel Araujo,uy URU,MF,Bahia,28,1996,24,8,852,9.5,4,1,5,4,0,0,3,0,0.42,0.11,0.53,0.42,0.53,Matches,1159e4ae
38,Alexander Aravena,cl CHI,MF,Grêmio,22,2002,22,3,581,6.5,3,0,3,3,0,0,1,0,0.46,0.00,0.46,0.46,0.46,Matches,4535ab5d
39,Robert Arboleda,ec ECU,DF,São Paulo,33,1991,24,22,2057,22.9,3,0,3,3,0,0,4,0,0.13,0.00,0.13,0.13,0.13,Matches,269dbfc6
40,Lucas Arcanjo,br BRA,GK,Vitória,26,1998,29,29,2545,28.3,0,0,0,0,0,0,3,0,0.00,0.00,0.00,0.00,0.00,Matches,21803aa2
41,Matias Arezo,uy URU,FW,Grêmio,22,2002,8,3,268,3.0,1,1,2,1,0,0,1,0,0.34,0.34,0.67,0.34,0.67,Matches,484ebdb0
42,Jhon Arias,co COL,MFFW,Fluminense,27,1997,12,12,1079,12.0,1,4,5,0,1,1,1,0,0.08,0.33,0.42,0.00,0.33,Matches,86d96066
43,Santiago Arias,co COL,DF,Bahia,33,1992,21,15,1419,15.8,0,0,0,0,0,0,3,0,0.00,0.00,0.00,0.00,0.00,Matches,fdd60087
44,Giorgian de Arrascaeta,uy URU,MF,Flamengo,30,1994,33,30,2350,26.1,18,14,32,16,2,3,3,0,0.69,0.54,1.23,0.61,1.15,Matches,be8d02dd
45,Keny Arroyo,ec ECU,MF,Cruzeiro,18,2006,13,7,646,7.2,2,1,3,2,0,0,4,0,0.28,0.14,0.42,0.28,0.42,Matches,a9c426f6
46,Arthur,br BRA,FW,Sport Recife,21,2003,6,1,200,2.2,0,0,0,0,0,0,0,0,0.00,0.00,0.00,0.00,0.00,Matches,e93fed32
47,Artur,br BRA,MF,Botafogo–RJ,26,1998,28,22,1917,21.3,5,4,9,5,0,0,3,0,0.23,0.19,0.42,0.23,0.42,Matches,105132cd
48,Rodrigo Atencio,ar ARG,MF,Sport Recife,22,2002,19,2,544,6.0,0,0,0,0,0,0,1,0,0.00,0.00,0.00,0.00,0.00,Matches,5540acb4
49,Loide Augusto,ao ANG,MF,Vasco da Gama,24,2000,10,2,192,2.1,0,0,0,0,0,0,1,0,0.00,0.00,0.00,0.00,0.00,Matches,aea6ca59
50,Leo Augusto Pereira,br BRA,FWMF,Vitória,24,2000,6,0,166,1.8,0,0,0,0,0,0,0,0,0.00,0.00,0.00,0.00,0.00,Matches,a3818875
51,Leo Augusto Pereira,br BRA,MFFW,Sport Recife,24,2000,16,13,1108,12.3,3,1,4,3,0,0,0,0,0.24,0.08,0.32,0.24,0.32,Matches,a3818875
52,Renato Augusto,br BRA,MF,Fluminense,36,1988,2,0,20,0.2,0,0,0,0,0,0,0,0,0.00,0.00,0.00,0.00,0.00,Matches,83a6367a
53,Gastón Ávila,ar ARG,DF,Fortaleza,23,2001,27,25,2321,25.8,0,0,0,0,0,0,4,0,0.00,0.00,0.00,0.00,0.00,Matches,f648b2e1
54,Aylon,br BRA,MFFW,Ceará,32,1992,23,8,792,8.8,2,0,2,2,0,0,3,0,0.23,0.00,0.23,0.23,0.23,Matches,a87daabb
55,Matheus Babi,br BRA,FW,Juventude,27,1997,20,2,478,5.3,2,0,2,2,0,0,4,0,0.38,0.00,0.38,0.38,0.38,Matches,f48cff2c
56,Bahia,br BRA,MF,Corinthians,19,2006,2,1,49,0.5,0,0,0,0,0,0,0,0,0.00,0.00,0.00,0.00,0.00,Matches,a4b1b158
57,Gabriel Bahia,br BRA,DF,Botafogo–RJ,26,1998,4,3,236,2.6,0,0,0,0,0,0,0,0,0.00,0.00,0.00,0.00,0.00,Matches,af54b2db
58,Matheus Bahia,br BRA,DF,Ceará,25,1999,28,28,2462,27.4,0,1,1,0,0,0,6,0,0.00,0.04,0.04,0.00,0.04,Matches,33e3c4e5
59,Fabián Balbuena,py PAR,DF,Grêmio,33,1991,3,3,225,2.5,1,0,1,1,0,0,0,0,0.40,0.00,0.40,0.40,0.40,Matches,3626f7d9
60,Gabriel Baralhas,br BRA,MF,Vitória,26,1998,28,26,2276,25.3,2,1,3,2,0,0,10,0,0.08,0.04,0.12,0.08,0.12,Matches,b7838aad
61,Danilo Barbosa,br BRA,DFMF,Botafogo–RJ,28,1996,3,0,39,0.4,0,0,0,0,0,0,1,0,0.00,0.00,0.00,0.00,0.00,Matches,0557ff4f
62,Diogo Barbosa,br BRA,DF,Fortaleza,32,1992,19,13,1239,13.8,1,0,1,1,0,0,2,0,0.07,0.00,0.07,0.07,0.07,Matches,7b9ef26b
63,Gabriel Barbosa,br BRA,FWMF,Cruzeiro,28,1996,30,9,1083,12.0,6,2,8,5,1,2,7,0,0.50,0.17,0.66,0.42,0.58,Matches,72d0e1b6
64,Lucas Barbosa,br BRA,MF,RB Bragantino,23,2001,34,31,2330,25.9,4,3,7,4,0,0,10,1,0.15,0.12,0.27,0.15,0.27,Matches,a28eac7e
65,Alexander Barboza,ar ARG,DF,Botafogo–RJ,29,1995,24,24,2147,23.9,0,0,0,0,0,0,14,0,0.00,0.00,0.00,0.00,0.00,Matches,b1805c80
66,Adam Bareiro,py PAR,FW,Fortaleza,28,1996,21,10,886,9.8,7,2,9,6,1,2,7,1,0.71,0.20,0.91,0.61,0.81,Matches,afb7f0ea
67,Chrystian Barletta,br BRA,MF,Sport Recife,23,2001,34,17,1499,16.7,2,0,2,2,0,0,2,0,0.12,0.00,0.12,0.12,0.12,Matches,d594cf58
68,Álvaro Barreal,ar ARG,MFFW,Santos,24,2000,34,28,2239,24.9,9,1,10,8,1,1,2,0,0.36,0.04,0.40,0.32,0.36,Matches,ffca53e1
69,Jordan Barrera,co COL,MF,Botafogo–RJ,18,2006,6,2,307,3.4,1,0,1,1,0,0,1,0,0.29,0.00,0.29,0.29,0.29,Matches,abe7a9c6
70,Kadir Barría,pa PAN,FW,Botafogo–RJ,17,2007,6,2,174,1.9,2,0,2,2,0,0,1,0,1.03,0.00,1.03,1.03,1.03,Matches,b594dfe1
71,Cauan Barros,br BRA,MF,Vasco da Gama,20,2004,17,16,1340,14.9,1,0,1,1,0,0,5,0,0.07,0.00,0.07,0.07,0.07,Matches,6ae4627b
72,Enmerson Batalla,co COL,MFFW,Juventude,23,2001,22,17,1318,14.6,4,2,6,4,0,0,3,0,0.27,0.14,0.41,0.27,0.41,Matches,2ca7201b
73,Paulo Baya,br BRA,MFFW,Ceará,25,1999,15,4,436,4.8,0,0,0,0,0,0,0,0,0.00,0.00,0.00,0.00,0.00,Matches,879d5577
74,Paulo Baya,br BRA,MF,Fluminense,25,1999,4,0,38,0.4,1,1,2,1,0,0,0,0,2.37,2.37,4.74,2.37,4.74,Matches,879d5577
75,Erick Belé,br BRA,MF,Palmeiras,18,2007,2,0,24,0.3,0,0,0,0,0,0,0,0,0.00,0.00,0.00,0.00,0.00,Matches,7d96f93b
76,Luis Benedetti,br BRA,DF,Palmeiras,18,2006,5,4,377,4.2,1,0,1,1,0,0,0,0,0.24,0.00,0.24,0.24,0.24,Matches,3690d4f3
77,Alan Benítez,py PAR,DFMF,Internacional,31,1994,11,5,550,6.1,0,0,0,0,0,0,0,0,0.00,0.00,0.00,0.00,0.00,Matches,5c7c798b
78,Alexandro Bernabei,ar ARG,DFMF,Internacional,24,2000,30,29,2579,28.7,0,4,4,0,0,0,10,1,0.00,0.14,0.14,0.00,0.14,Matches,67b09a18
79,Facundo Bernal,uy URU,MF,Fluminense,21,2003,22,11,1037,11.5,0,0,0,0,0,0,8,0,0.00,0.00,0.00,0.00,0.00,Matches,ca34fa2e
80,Bernard,br BRA,MFFW,Atlético Mineiro,32,1992,30,12,1210,13.4,1,1,2,1,0,0,4,0,0.07,0.07,0.15,0.07,0.15,Matches,ab4b3e35
81,Bernardo,br BRA,DF,Juventude,19,2005,1,1,45,0.5,0,0,0,0,0,0,0,0,0.00,0.00,0.00,0.00,0.00,Matches,dcd5858f
82,Matheus Bianqui,br BRA,MF,Mirassol,27,1998,13,0,147,1.6,0,0,0,0,0,0,1,0,0.00,0.00,0.00,0.00,0.00,Matches,9da67b35
83,Matheus Bidu,br BRA,DFMF,Corinthians,25,1999,26,23,1965,21.8,0,2,2,0,0,0,7,0,0.00,0.09,0.09,0.00,0.09,Matches,b8a72293
84,Biel,br BRA,MFFW,Atlético Mineiro,23,2001,17,6,595,6.6,1,2,3,1,0,0,1,0,0.15,0.30,0.45,0.15,0.45,Matches,1cb046cd
85,Rafael Bilu,br BRA,MFFW,Juventude,25,1999,15,10,688,7.6,1,0,1,1,0,0,1,0,0.13,0.00,0.13,0.13,0.13,Matches,26880429
86,Damián Bobadilla,py PAR,MF,São Paulo,23,2001,31,22,2100,23.3,4,2,6,4,0,0,6,0,0.17,0.09,0.26,0.17,0.26,Matches,ad7d6437
87,Yannick Bolasie,cd COD,FWMF,Cruzeiro,35,1989,18,0,177,2.0,0,1,1,0,0,0,1,0,0.00,0.51,0.51,0.00,0.51,Matches,715fc0fe
88,Gabriel Bontempo,br BRA,MF,Santos,20,2005,25,9,997,11.1,2,1,3,2,0,0,1,0,0.18,0.09,0.27,0.18,0.27,Matches,3f384407
89,Thiago Borbas,uy URU,FW,RB Bragantino,22,2002,19,5,580,6.4,1,1,2,1,0,0,4,0,0.16,0.16,0.31,0.16,0.31,Matches,04f9c45f
90,Daniel Borges,br BRA,DF,Mirassol,31,1993,16,9,904,10.0,2,2,4,2,0,0,3,0,0.20,0.20,0.40,0.20,0.40,Matches,71879f82
91,Marllon Borges,br BRA,DF,Ceará,32,1992,25,23,2083,23.1,2,0,2,2,0,0,3,0,0.09,0.00,0.09,0.09,0.09,Matches,d0b29bbd
92,Pedro Borges,br BRA,MF,Fortaleza,27,1997,1,0,37,0.4,0,0,0,0,0,0,2,1,0.00,0.00,0.00,0.00,0.00,Matches,5bb699c4
93,Pedro Borges,br BRA,MF,Sport Recife,27,1997,13,4,508,5.6,0,0,0,0,0,0,5,0,0.00,0.00,0.00,0.00,0.00,Matches,5bb699c4
94,Rafael Borré,co COL,FW,Internacional,29,1995,30,20,1809,20.1,5,2,7,4,1,1,3,1,0.25,0.10,0.35,0.20,0.30,Matches,c68da769
95,Lucas Braga,br BRA,MFDF,Vitória,28,1996,21,11,968,10.8,1,0,1,1,0,0,1,0,0.09,0.00,0.09,0.09,0.09,Matches,8a0a73ad
96,Bilal Brahimi,dz ALG,FWMF,Santos,24,2000,1,0,21,0.2,0,0,0,0,0,0,0,0,0.00,0.00,0.00,0.00,0.00,Matches,02bcaf8e
97,Martin Braithwaite,dk DEN,FW,Grêmio,33,1991,18,18,1456,16.2,6,1,7,2,4,4,3,0,0.37,0.06,0.43,0.12,0.19,Matches,fd771f95
98,Gabriel Brazão,br BRA,GK,Santos,24,2000,38,38,3397,37.7,0,0,0,0,0,0,2,0,0.00,0.00,0.00,0.00,0.00,Matches,18c697e8
99,Brenno,br BRA,GK,Fortaleza,25,1999,15,15,1350,15.0,0,0,0,0,0,0,2,1,0.00,0.00,0.00,0.00,0.00,Matches,f002e8eb
100,Breno,br BRA,MFFW,Fortaleza,29,1996,32,29,2280,25.3,6,3,9,6,0,0,5,0,0.24,0.12,0.36,0.24,0.36,Matches,e0016d00
101,Breno,br BRA,MF,Corinthians,19,2005,33,31,2522,28.0,1,1,2,1,0,0,10,1,0.04,0.04,0.07,0.04,0.07,Matches,4c532308
102,Emanuel Brítez,ar ARG,DF,Fortaleza,32,1992,18,18,1597,17.7,0,1,1,0,0,0,10,0,0.00,0.06,0.06,0.00,0.06,Matches,fb29d05d
103,Bruninho,br BRA,MF,Fortaleza,19,2005,1,1,68,0.8,0,0,0,0,0,0,0,0,0.00,0.00,0.00,0.00,0.00,Matches,b37ff7d6
104,Fabrício Bruno,br BRA,DF,Cruzeiro,28,1996,33,33,2950,32.8,3,0,3,3,0,0,9,1,0.09,0.00,0.09,0.09,0.09,Matches,470d197b
105,Kaiki Bruno,br BRA,DF,Cruzeiro,21,2003,34,34,2993,33.3,1,5,6,1,0,0,10,0,0.03,0.15,0.18,0.03,0.18,Matches,1a36e9cb
106,Gustavo Caballero,py PAR,MF,Santos,23,2001,12,1,332,3.7,1,1,2,1,0,0,1,0,0.27,0.27,0.54,0.27,0.54,Matches,90a38ca7
107,Arthur Cabral,br BRA,FW,Botafogo–RJ,26,1998,21,16,1439,16.0,4,2,6,4,0,0,1,0,0.25,0.13,0.38,0.25,0.38,Matches,a820e429
108,Cacá,br BRA,DF,Corinthians,25,1999,18,16,1408,15.6,2,0,2,2,0,0,4,0,0.13,0.00,0.13,0.13,0.13,Matches,27f4a416
109,Raúl Cáceres,py PAR,DFMF,Vitória,33,1991,20,20,1685,18.7,2,2,4,2,0,0,6,0,0.11,0.11,0.21,0.11,0.21,Matches,6d9dc5be
110,Cadu,br BRA,FW,Atlético Mineiro,20,2004,1,0,7,0.1,0,0,0,0,0,0,0,0,0.00,0.00,0.00,0.00,0.00,Matches,6fefa986
111,Calebe,br BRA,MF,Fortaleza,24,2000,7,2,229,2.5,1,0,1,1,0,0,2,0,0.39,0.00,0.39,0.39,0.39,Matches,c84af55e
112,Jonathan Calleri,ar ARG,FW,São Paulo,31,1993,3,2,121,1.3,0,0,0,0,0,1,0,1,0.00,0.00,0.00,0.00,0.00,Matches,6922f806
113,João Camargo,br BRA,FW,Flamengo,17,2007,1,0,18,0.2,0,0,0,0,0,0,0,0,0.00,0.00,0.00,0.00,0.00,Matches,e9e13ae9
114,Camilo,br BRA,MFDF,Grêmio,25,1999,16,6,735,8.2,0,0,0,0,0,0,2,0,0.00,0.00,0.00,0.00,0.00,Matches,dfb81359
115,Camutanga,br BRA,DF,Vitória,31,1993,15,15,1238,13.8,0,0,0,0,0,0,7,0,0.00,0.00,0.00,0.00,0.00,Matches,c455a045
116,Luan Cândido,br BRA,DF,Sport Recife,23,2001,16,15,1318,14.6,1,0,1,1,0,0,2,0,0.07,0.00,0.07,0.07,0.07,Matches,ca151606
117,Germán Cano,ar ARG,FW,Fluminense,36,1988,22,18,1498,16.6,6,0,6,5,1,1,1,0,0.36,0.00,0.36,0.30,0.30,Matches,9ccf4e14
118,Agustín Canobbio,uy URU,MF,Fluminense,26,1998,30,27,2108,23.4,4,2,6,3,1,1,6,0,0.17,0.09,0.26,0.13,0.21,Matches,4f5a2f38
119,Aitor Cantalapiedra,es ESP,MFFW,Vitória,28,1996,19,18,1275,14.2,3,3,6,3,0,0,2,0,0.21,0.21,0.42,0.21,0.42,Matches,21a260a8
120,Juninho Capixaba,br BRA,DFMF,RB Bragantino,27,1997,24,22,1972,21.9,1,1,2,1,0,0,4,0,0.05,0.05,0.09,0.05,0.09,Matches,91ba7336
121,Johan Carbonero,co COL,MFFW,Internacional,25,1999,23,15,1457,16.2,5,2,7,4,1,1,6,1,0.31,0.12,0.43,0.25,0.37,Matches,9eca9710
122,Felipe Cardoso,br BRA,MF,Vitória,21,2003,3,0,78,0.9,0,0,0,0,0,0,0,0,0.00,0.00,0.00,0.00,0.00,Matches,5a9b1b3b
123,Edson Carioca,br BRA,FWMF,Mirassol,27,1997,21,16,1168,13.0,4,2,6,4,0,0,1,0,0.31,0.15,0.46,0.31,0.46,Matches,14c679d6
124,Igor Cariús,br BRA,DFMF,Sport Recife,31,1993,28,21,1726,19.2,1,0,1,1,0,0,3,0,0.05,0.00,0.05,0.05,0.05,Matches,662475de
125,Carlinhos,br BRA,FW,Vitória,27,1997,6,1,165,1.8,1,0,1,1,0,0,2,1,0.55,0.00,0.55,0.55,0.55,Matches,37fe7c99
126,Antonio Carlos,br BRA,DF,Sport Recife,31,1993,3,3,270,3.0,0,0,0,0,0,0,0,0,0.00,0.00,0.00,0.00,0.00,Matches,949fe1e8
127,Jean Carlos Vicente,br BRA,MF,Juventude,32,1992,7,2,203,2.3,0,0,0,0,0,0,1,0,0.00,0.00,0.00,0.00,0.00,Matches,db4b7637
128,Ruan Carneiro,br BRA,GK,Juventude,34,1990,4,4,360,4.0,0,0,0,0,0,0,0,0,0.00,0.00,0.00,0.00,0.00,Matches,8c3efb53
129,Jorge Carrascal,co COL,MF,Flamengo,26,1998,16,11,821,9.1,2,5,7,2,0,0,4,0,0.22,0.55,0.77,0.22,0.77,Matches,3f9f0d62
130,André Carrillo,pe PER,MF,Corinthians,33,1991,22,16,1279,14.2,1,0,1,1,0,0,3,0,0.07,0.00,0.07,0.07,0.07,Matches,7527558b
131,Gabriel Carvalho,br BRA,MF,Internacional,17,2007,3,0,72,0.8,0,0,0,0,0,0,0,0,0.00,0.00,0.00,0.00,0.00,Matches,0f335ab2
132,Cássio,br BRA,GK,Cruzeiro,37,1987,35,35,3086,34.3,0,0,0,0,0,0,6,0,0.00,0.00,0.00,0.00,0.00,Matches,d42f6326
133,Iury de Castilho,br BRA,FWMF,Mirassol,29,1995,9,6,499,5.5,1,0,1,1,0,0,2,0,0.18,0.00,0.18,0.18,0.18,Matches,555311f2
134,Caue,br BRA,DF,RB Bragantino,18,2006,2,0,41,0.5,0,1,1,0,0,0,0,0,0.00,2.20,2.20,0.00,2.20,Matches,b8f62eb5
135,Murilo Cerqueira,br BRA,DF,Palmeiras,27,1997,20,20,1660,18.4,1,1,2,1,0,0,6,0,0.05,0.05,0.11,0.05,0.11,Matches,10fe831e
136,Julio Cesar,br BRA,DF,Fluminense,18,2006,3,2,176,2.0,0,1,1,0,0,0,0,0,0.00,0.51,0.51,0.00,0.51,Matches,94325798
137,Kayky Chagas,br BRA,MF,Bahia,21,2003,26,8,890,9.9,1,2,3,1,0,0,2,0,0.10,0.20,0.30,0.10,0.30,Matches,17734ea0
138,Gabriel Chapecó,br BRA,GK,Grêmio,24,2000,6,6,540,6.0,0,0,0,0,0,0,2,1,0.00,0.00,0.00,0.00,0.00,Matches,a24714b4
139,Chico,br BRA,DF,Sport Recife,26,1998,13,12,1060,11.8,0,0,0,0,0,0,1,0,0.00,0.00,0.00,0.00,0.00,Matches,4edc0ef3
140,Chico,br BRA,MF,Mirassol,33,1991,13,2,349,3.9,1,1,2,1,0,0,1,0,0.26,0.26,0.52,0.26,0.52,Matches,bad7d8a9
141,Christian,br BRA,MF,Cruzeiro,24,2000,30,29,2357,26.2,5,2,7,5,0,0,9,0,0.19,0.08,0.27,0.19,0.27,Matches,a856b456
142,Cipriano,br BRA,DF,Juventude,22,2002,3,3,189,2.1,0,0,0,0,0,0,1,1,0.00,0.00,0.00,0.00,0.00,Matches,f1a1c9e2
143,Claudinho,br BRA,DFMF,Vitória,24,2000,15,9,901,10.0,0,0,0,0,0,0,5,0,0.00,0.00,0.00,0.00,0.00,Matches,a921647d
144,Clayson,br BRA,MF,Mirassol,29,1995,6,3,256,2.8,0,1,1,0,0,0,2,0,0.00,0.35,0.35,0.00,0.35,Matches,85c1009d
145,Clayton,br BRA,DF,Internacional,24,2000,11,8,762,8.5,0,0,0,0,0,0,2,0,0.00,0.00,0.00,0.00,0.00,Matches,30afd787
146,Cleiton,br BRA,DF,Flamengo,21,2003,2,0,79,0.9,0,0,0,0,0,0,0,0,0.00,0.00,0.00,0.00,0.00,Matches,741c6251
147,Mateus Cocão,br BRA,MF,Vasco da Gama,22,2002,19,5,593,6.6,0,0,0,0,0,0,1,0,0.00,0.00,0.00,0.00,0.00,Matches,35f270b7
148,Igor Coronado,br BRA,MF,Corinthians,32,1992,6,3,342,3.8,1,0,1,1,0,0,1,0,0.26,0.00,0.26,0.26,0.26,Matches,8d9544ea
149,Joaquín Correa,ar ARG,MFFW,Botafogo–RJ,30,1994,18,10,898,10.0,2,0,2,2,0,0,2,0,0.20,0.00,0.20,0.20,0.20,Matches,45b9b619
150,Francisco da Costa,br BRA,FW,Mirassol,29,1995,20,13,1190,13.2,6,0,6,6,0,0,3,0,0.45,0.00,0.45,0.45,0.45,Matches,bc16535e
151,Philippe Coutinho,br BRA,MF,Vasco da Gama,32,1992,30,30,2403,26.7,5,3,8,5,0,0,3,1,0.19,0.11,0.30,0.19,0.30,Matches,0ef89a37
152,Lucas Crispim,br BRA,MF,Fortaleza,30,1994,10,5,424,4.7,1,1,2,1,0,0,0,0,0.21,0.21,0.42,0.21,0.42,Matches,6501ff61
153,Franco Cristaldo,ar ARG,MF,Grêmio,28,1996,30,11,1259,14.0,1,3,4,1,0,0,1,0,0.07,0.21,0.29,0.07,0.29,Matches,25b26e2e
154,Gustavo Cuellar,co COL,MF,Grêmio,32,1992,17,10,881,9.8,0,0,0,0,0,0,3,0,0.00,0.00,0.00,0.00,0.00,Matches,cdd22fcf
155,Tomás Cuello,ar ARG,MFFW,Atlético Mineiro,24,2000,16,14,1203,13.4,1,1,2,1,0,0,3,1,0.07,0.07,0.15,0.07,0.15,Matches,5c8615dd
156,Carlos Cuesta,co COL,DF,Vasco da Gama,25,1999,13,12,1092,12.1,1,0,1,1,0,0,3,0,0.08,0.00,0.08,0.08,0.08,Matches,574fff8c
157,Cuiabano,br BRA,DFMF,Botafogo–RJ,21,2003,30,15,1534,17.0,5,2,7,5,0,0,4,0,0.29,0.12,0.41,0.29,0.41,Matches,7e49bdbd
158,Jair Cunha,br BRA,DF,Botafogo–RJ,19,2005,11,11,990,11.0,0,1,1,0,0,0,0,0,0.00,0.09,0.09,0.00,0.09,Matches,ac31d35e
159,Lucas Cunha,br BRA,DF,Sport Recife,28,1997,6,5,428,4.8,0,0,0,0,0,0,1,0,0.00,0.00,0.00,0.00,0.00,Matches,0b8748ac
160,Danielzinho,br BRA,MF,Mirassol,30,1994,37,37,3265,36.3,0,2,2,0,0,0,4,0,0.00,0.06,0.06,0.00,0.06,Matches,320de24c
161,Danilo,br BRA,DF,Flamengo,33,1991,20,14,1410,15.7,1,1,2,1,0,0,2,1,0.06,0.06,0.13,0.06,0.13,Matches,94b2001f
162,David,br BRA,MFFW,Vasco da Gama,29,1995,24,5,750,8.3,2,3,5,2,0,0,3,1,0.24,0.36,0.60,0.24,0.60,Matches,92f9ace5
163,Matheus Davó,br BRA,FW,Mirassol,25,1999,2,0,35,0.4,0,1,1,0,0,0,0,0,0.00,2.57,2.57,0.00,2.57,Matches,e48e1310
164,Nicolás De La Cruz,uy URU,MF,Flamengo,27,1997,19,12,1018,11.3,0,0,0,0,0,0,4,0,0.00,0.00,0.00,0.00,0.00,Matches,8fda5c72
165,Gabriel Delfim,br BRA,GK,Atlético Mineiro,22,2002,2,2,180,2.0,0,0,0,0,0,0,0,0,0.00,0.00,0.00,0.00,0.00,Matches,012beb6e
166,Deyverson,br BRA,FW,Fortaleza,33,1991,27,12,1174,13.0,7,0,7,6,1,1,4,0,0.54,0.00,0.54,0.46,0.46,Matches,2e5e846d
167,Enzo Díaz,ar ARG,MFDF,São Paulo,29,1995,27,20,1877,20.9,0,5,5,0,0,0,10,0,0.00,0.24,0.24,0.00,0.24,Matches,411d2dc0
168,Lautaro Díaz,ar ARG,FW,Santos,26,1998,15,12,1020,11.3,3,2,5,3,0,0,2,0,0.26,0.18,0.44,0.26,0.44,Matches,28b89ba7
169,Lautaro Díaz,ar ARG,FW,Cruzeiro,26,1998,6,0,85,0.9,0,0,0,0,0,0,0,0,0.00,0.00,0.00,0.00,0.00,Matches,28b89ba7
170,Dieguinho Diego,br BRA,MF,Ceará,29,1995,32,31,2653,29.5,0,2,2,0,0,0,5,0,0.00,0.07,0.07,0.00,0.07,Matches,7e5a7340
171,Dieguinho,br BRA,MFFW,Corinthians,17,2007,13,4,451,5.0,0,1,1,0,0,0,0,0,0.00,0.20,0.20,0.00,0.20,Matches,5c983aa2
172,Diogenes,br BRA,GK,Santos,24,2001,1,0,23,0.3,0,0,0,0,0,0,0,0,0.00,0.00,0.00,0.00,0.00,Matches,858e2e40
173,Dodi,br BRA,MF,Grêmio,28,1996,32,26,2343,26.0,0,1,1,0,0,0,9,1,0.00,0.04,0.04,0.00,0.04,Matches,2830b8f7
174,Fabricio Domínguez,uy URU,MF,Sport Recife,26,1998,4,1,100,1.1,0,0,0,0,0,0,1,0,0.00,0.00,0.00,0.00,0.00,Matches,2798cc56
175,Matheus Donelli,br BRA,GK,Corinthians,22,2002,5,5,450,5.0,0,0,0,0,0,0,1,0,0.00,0.00,0.00,0.00,0.00,Matches,7c736064
176,Thiago dos Santos,br BRA,MFDF,Fluminense,35,1989,10,3,287,3.2,0,0,0,0,0,0,2,0,0.00,0.00,0.00,0.00,0.00,Matches,5408d2b2
177,Alexis Duarte,py PAR,DF,Santos,24,2000,5,5,405,4.5,0,0,0,0,0,0,1,0,0.00,0.00,0.00,0.00,0.00,Matches,a9f8c8c2
178,David Duarte,br BRA,DF,Bahia,30,1995,25,24,2207,24.5,1,1,2,1,0,0,4,0,0.04,0.04,0.08,0.04,0.08,Matches,91bf16f7
179,Dudu,br BRA,MFFW,Cruzeiro,33,1992,5,2,215,2.4,1,0,1,1,0,0,0,0,0.42,0.00,0.42,0.42,0.42,Matches,895ef5ec
180,Dudu,br BRA,MF,Vitória,25,1999,12,2,319,3.5,0,0,0,0,0,0,7,2,0.00,0.00,0.00,0.00,0.00,Matches,c9ebe876
181,Dudu,br BRA,MF,Atlético Mineiro,33,1992,18,14,1048,11.6,3,2,5,3,0,0,1,0,0.26,0.17,0.43,0.26,0.43,Matches,895ef5ec
182,Edenílson,br BRA,MF,Grêmio,35,1989,31,25,1802,20.0,3,2,5,3,0,0,6,0,0.15,0.10,0.25,0.15,0.25,Matches,4e50f20e
183,Eder,br BRA,DF,Ceará,29,1995,3,3,270,3.0,0,0,0,0,0,0,0,0,0.00,0.00,0.00,0.00,0.00,Matches,ba1a2c4c
184,Edu,br BRA,DF,Vitória,24,2000,20,12,1074,11.9,0,0,0,0,0,0,2,0,0.00,0.00,0.00,0.00,0.00,Matches,01dc4e41
185,Carlos Eduardo,br BRA,MF,Cruzeiro,35,1989,29,9,906,10.1,1,0,1,1,0,0,1,1,0.10,0.00,0.10,0.10,0.10,Matches,1a234d32
186,Carlos Eduardo,br BRA,FWMF,Mirassol,28,1996,24,5,734,8.2,2,5,7,1,1,1,2,0,0.25,0.61,0.86,0.12,0.74,Matches,27c23008
187,Carlos Eduardo,br BRA,FWMF,Vitória,28,1996,2,0,41,0.5,0,0,0,0,0,0,0,0,0.00,0.00,0.00,0.00,0.00,Matches,27c23008
188,Rodrigo Ely,br BRA,DF,Grêmio,31,1993,2,1,40,0.4,0,0,0,0,0,0,0,0,0.00,0.00,0.00,0.00,0.00,Matches,fd47b4f2
189,Emerson,br BRA,DF,Flamengo,26,1999,15,14,1247,13.9,1,1,2,1,0,0,1,0,0.07,0.07,0.14,0.07,0.14,Matches,df8b52a5
190,Ênio,br BRA,MFFW,Juventude,23,2001,26,8,1108,12.3,3,0,3,3,0,0,3,0,0.24,0.00,0.24,0.24,0.24,Matches,661b892f
191,Erick,br BRA,MFDF,Bahia,27,1997,16,6,683,7.6,1,0,1,1,0,0,3,0,0.13,0.00,0.13,0.13,0.13,Matches,8a826636
192,Erick,br BRA,MFFW,Vitória,27,1997,31,25,2054,22.8,3,5,8,3,0,0,8,0,0.13,0.22,0.35,0.13,0.35,Matches,8edcad0d
193,Gonzalo Escobar,ar ARG,DF,Santos,27,1997,30,23,2008,22.3,0,0,0,0,0,0,8,1,0.00,0.00,0.00,0.00,0.00,Matches,12207ec1
194,Lucas Esteves,br BRA,DFMF,Grêmio,24,2000,10,8,671,7.5,0,0,0,0,0,0,1,0,0.00,0.00,0.00,0.00,0.00,Matches,c6ec0258
195,Guilherme Estrella,br BRA,MF,Vasco da Gama,19,2005,1,0,19,0.2,0,0,0,0,0,0,0,0,0.00,0.00,0.00,0.00,0.00,Matches,df090e8c
196,Lucas Evangelista,br BRA,MF,Palmeiras,29,1995,19,12,1046,11.6,2,1,3,2,0,0,2,0,0.17,0.09,0.26,0.17,0.26,Matches,5f4ce4b6
197,Éverson,br BRA,GK,Atlético Mineiro,34,1990,36,36,3240,36.0,0,0,0,0,0,0,8,0,0.00,0.00,0.00,0.00,0.00,Matches,a59c090b
198,Evertton,br BRA,MF,Flamengo,21,2003,18,10,981,10.9,1,0,1,1,0,0,2,1,0.09,0.00,0.09,0.09,0.09,Matches,4961c6f4
199,Ewerthon,br BRA,DF,Juventude,24,2000,18,12,1155,12.8,1,0,1,1,0,0,2,0,0.08,0.00,0.08,0.08,0.08,Matches,c41aca39
200,Fabinho,br BRA,MF,RB Bragantino,22,2002,28,11,1275,14.2,0,1,1,0,0,0,3,0,0.00,0.07,0.07,0.00,0.07,Matches,ff0e595c
201,Fábio,br BRA,GK,Fluminense,44,1980,38,38,3420,38.0,0,0,0,0,0,0,2,0,0.00,0.00,0.00,0.00,0.00,Matches,15825726
202,Fabrício,br BRA,MFFW,Mirassol,27,1997,8,4,301,3.3,0,0,0,0,0,0,0,0,0.00,0.00,0.00,0.00,0.00,Matches,0211a29e
203,Fabrício,br BRA,MF,Vitória,24,2000,17,1,393,4.4,0,2,2,0,0,0,0,0,0.00,0.46,0.46,0.00,0.46,Matches,e2290a67
204,Fagner,br BRA,DF,Cruzeiro,35,1989,10,9,830,9.2,0,0,0,0,0,0,1,0,0.00,0.00,0.00,0.00,0.00,Matches,a9cc58fe
205,Marcos Felipe,br BRA,GK,Bahia,28,1996,11,10,972,10.8,0,0,0,0,0,0,0,0,0.00,0.00,0.00,0.00,0.00,Matches,453bdfb9
206,Lucas Fernandes,br BRA,MF,Juventude,27,1997,7,4,397,4.4,0,0,0,0,0,0,0,0,0.00,0.00,0.00,0.00,0.00,Matches,a109d777
207,Matheus Fernandes,br BRA,MF,RB Bragantino,26,1998,20,5,661,7.3,1,0,1,1,0,0,3,0,0.14,0.00,0.14,0.14,0.14,Matches,f76fdcd2
208,Nathan Fernandes,br BRA,MFFW,Botafogo–RJ,19,2005,10,2,330,3.7,1,2,3,1,0,0,1,0,0.27,0.55,0.82,0.27,0.82,Matches,239bbd8b
209,Pol Fernández,ar ARG,MF,Fortaleza,33,1991,7,3,286,3.2,0,2,2,0,0,0,1,0,0.00,0.63,0.63,0.00,0.63,Matches,24377e64
210,Fernandinho,br BRA,MF,Ceará,27,1997,22,10,995,11.1,0,1,1,0,0,0,3,0,0.00,0.09,0.09,0.00,0.09,Matches,877b54d5
211,Fernando,br BRA,MFDF,Internacional,37,1987,6,6,412,4.6,0,0,0,0,0,0,0,0,0.00,0.00,0.00,0.00,0.00,Matches,41f32541
212,Fernando,br BRA,FW,RB Bragantino,25,1999,14,0,316,3.5,0,0,0,0,0,0,0,0,0.00,0.00,0.00,0.00,0.00,Matches,d9d43555
213,Nahuel Ferraresi,ve VEN,DF,São Paulo,26,1998,24,19,1797,20.0,0,3,3,0,0,0,3,0,0.00,0.15,0.15,0.00,0.15,Matches,719aab45
214,Ferreira,br BRA,MFFW,São Paulo,27,1997,28,20,1580,17.6,5,4,9,5,0,1,4,0,0.28,0.23,0.51,0.28,0.51,Matches,1414e902
215,Bruno Ferreira,br BRA,GK,Ceará,30,1994,31,31,2763,30.7,0,0,0,0,0,0,2,0,0.00,0.00,0.00,0.00,0.00,Matches,5093517f
216,Lucas Ferreira,br BRA,MF,São Paulo,18,2006,13,8,761,8.5,0,0,0,0,0,0,1,0,0.00,0.00,0.00,0.00,0.00,Matches,7025807f
217,Luiz Filipe,br BRA,FW,Mirassol,23,2001,1,0,14,0.2,0,0,0,0,0,0,0,0,0.00,0.00,0.00,0.00,0.00,Matches,4a615e0b
218,André Filipinho,br BRA,DF,Juventude,28,1997,5,3,303,3.4,0,0,0,0,0,0,1,0,0.00,0.00,0.00,0.00,0.00,Matches,398048a4
219,Riquelme Fillipi,br BRA,FW,Palmeiras,18,2006,2,0,28,0.3,0,0,0,0,0,0,0,0,0.00,0.00,0.00,0.00,0.00,Matches,6f913257
220,Caíque França,br BRA,GK,Sport Recife,29,1995,15,15,1350,15.0,0,0,0,0,0,0,2,0,0.00,0.00,0.00,0.00,0.00,Matches,fbb19f57
221,Matheus França,br BRA,MFFW,Vasco da Gama,20,2004,15,2,386,4.3,0,0,0,0,0,0,1,0,0.00,0.00,0.00,0.00,0.00,Matches,077faf72
222,Ryan Francisco,br BRA,FW,São Paulo,18,2006,8,2,205,2.3,2,0,2,2,0,0,0,0,0.88,0.00,0.88,0.88,0.88,Matches,8059567a
223,Alan Franco,ec ECU,MF,Atlético Mineiro,26,1998,30,30,2628,29.2,1,0,1,1,0,0,4,0,0.03,0.00,0.03,0.03,0.03,Matches,c76b161b
224,Alan Franco,ar ARG,DF,São Paulo,28,1996,29,28,2282,25.4,0,0,0,0,0,0,7,0,0.00,0.00,0.00,0.00,0.00,Matches,a548281c
225,Luan Freitas,br BRA,DF,Juventude,24,2001,14,12,1124,12.5,0,1,1,0,0,0,0,0,0.00,0.08,0.08,0.00,0.08,Matches,b2dfa423
226,Lucas Freitas,br BRA,DF,Vasco da Gama,24,2001,21,19,1552,17.2,1,0,1,1,0,0,4,0,0.06,0.00,0.06,0.06,0.06,Matches,a92be6c1
227,Marlon Freitas,br BRA,MF,Botafogo–RJ,29,1995,35,33,2924,32.5,1,4,5,1,0,0,8,0,0.03,0.12,0.15,0.03,0.15,Matches,ae3181de
228,Riquelme Freitas,br BRA,MFFW,Grêmio,18,2006,10,4,388,4.3,0,0,0,0,0,0,0,0,0.00,0.00,0.00,0.00,0.00,Matches,36e163aa
229,Juan Freytes,ar ARG,DF,Fluminense,25,2000,33,33,2924,32.5,0,0,0,0,0,0,8,1,0.00,0.00,0.00,0.00,0.00,Matches,b9863758
230,Adonis Frías,ar ARG,DF,Santos,26,1998,13,12,1112,12.4,0,0,0,0,0,0,2,0,0.00,0.00,0.00,0.00,0.00,Matches,1b2f1090
231,Bruno Fuchs,br BRA,DF,Palmeiras,25,1999,27,18,1723,19.1,2,1,3,2,0,0,5,0,0.10,0.05,0.16,0.10,0.16,Matches,ee89e28d
232,Gabriel Fuentes,co COL,DF,Fluminense,27,1997,11,8,825,9.2,0,0,0,0,0,0,2,0,0.00,0.00,0.00,0.00,0.00,Matches,bb23a0e7
233,Daniel Fuzato,br BRA,GK,Vasco da Gama,27,1997,3,2,182,2.0,0,0,0,0,0,0,0,0,0.00,0.00,0.00,0.00,0.00,Matches,82328faf
234,Gabriel,br BRA,DF,Bahia,23,2001,13,10,948,10.5,0,0,0,0,0,0,4,0,0.00,0.00,0.00,0.00,0.00,Matches,4fd28619
235,Gabriel,br BRA,MFFW,Mirassol,35,1990,25,21,1592,17.7,5,2,7,5,0,0,2,0,0.28,0.11,0.40,0.28,0.40,Matches,8dc3be2b
236,Gabriel,br BRA,GK,Vitória,32,1992,1,1,90,1.0,0,0,0,0,0,0,0,0,0.00,0.00,0.00,0.00,0.00,Matches,f93ed0df
237,Gabriel,br BRA,MF,RB Bragantino,32,1992,33,32,2634,29.3,1,0,1,1,0,0,11,0,0.03,0.00,0.03,0.03,0.03,Matches,e9c0d5d8
238,Gabriel,br BRA,GK,Sport Recife,32,1992,23,23,2070,23.0,0,0,0,0,0,0,3,0,0.00,0.00,0.00,0.00,0.00,Matches,f93ed0df
239,Victor Gabriel,br BRA,DF,Internacional,20,2004,14,13,1109,12.3,2,0,2,2,0,0,1,0,0.16,0.00,0.16,0.16,0.16,Matches,d1c8df97
240,Antonio Galeano,py PAR,MF,Ceará,24,2000,38,38,3125,34.7,7,3,10,7,0,0,2,0,0.20,0.09,0.29,0.20,0.29,Matches,f7d301ee
241,Emerson Galego,br BRA,FW,Juventude,25,1999,2,0,27,0.3,0,0,0,0,0,0,0,0,0.00,0.00,0.00,0.00,0.00,Matches,cfd67995
242,Mateo Gamarra,py PAR,DF,Cruzeiro,24,2000,2,1,154,1.7,0,0,0,0,0,0,0,0,0.00,0.00,0.00,0.00,0.00,Matches,878dbd04
243,Ganso,br BRA,MF,Fluminense,35,1989,17,7,644,7.2,1,0,1,1,0,0,2,0,0.14,0.00,0.14,0.14,0.14,Matches,23593121
244,Maurício Garcez,br BRA,FWMF,Juventude,27,1997,3,0,61,0.7,0,0,0,0,0,0,0,0,0.00,0.00,0.00,0.00,0.00,Matches,1c060dbf
245,Benjamín Garré,ar ARG,MF,Vasco da Gama,24,2000,10,3,293,3.3,0,0,0,0,0,0,1,0,0.00,0.00,0.00,0.00,0.00,Matches,351780d8
246,Rodrigo Garro,ar ARG,MFFW,Corinthians,27,1998,19,15,1410,15.7,0,3,3,0,0,0,6,0,0.00,0.19,0.19,0.00,0.19,Matches,42b3b51f
247,Lucas Gazal,br BRA,DF,Fortaleza,25,1999,7,6,546,6.1,0,1,1,0,0,0,2,0,0.00,0.16,0.16,0.00,0.16,Matches,dcae46d5
248,Gerson,br BRA,MF,Flamengo,27,1997,9,9,711,7.9,0,2,2,0,0,0,0,1,0.00,0.25,0.25,0.00,0.25,Matches,8827bf46
249,Agustín Giay,ar ARG,DFMF,Palmeiras,21,2004,29,21,1978,22.0,0,0,0,0,0,0,1,1,0.00,0.00,0.00,0.00,0.00,Matches,8047b72e
250,Gil,br BRA,DF,Santos,37,1987,8,8,720,8.0,0,0,0,0,0,0,3,0,0.00,0.00,0.00,0.00,0.00,Matches,31edef00
251,Gilberto,br BRA,DF,Bahia,31,1993,23,21,1777,19.7,1,0,1,1,0,0,6,0,0.05,0.00,0.05,0.05,0.05,Matches,1338e42b
252,Gilberto,br BRA,FW,Juventude,35,1989,23,15,1099,12.2,2,2,4,2,0,1,5,0,0.16,0.16,0.33,0.16,0.33,Matches,5da22685
253,Giovanny,br BRA,FWMF,Juventude,27,1997,19,5,653,7.3,0,2,2,0,0,0,3,0,0.00,0.28,0.28,0.00,0.28,Matches,ed236e87
254,Daniel Giraldo,co COL,MF,Juventude,32,1992,15,7,681,7.6,0,0,0,0,0,0,4,0,0.00,0.00,0.00,0.00,0.00,Matches,ed8489d1
255,Leonardo Godoy,ar ARG,DF,Santos,29,1995,6,5,416,4.6,0,0,0,0,0,0,1,0,0.00,0.00,0.00,0.00,0.00,Matches,0f9d8e45
256,Davi Goes,br BRA,MF,Juventude,19,2005,2,1,64,0.7,0,0,0,0,0,0,0,0,0.00,0.00,0.00,0.00,0.00,Matches,6f2422bf
257,Johnny Góes,br BRA,DF,Flamengo,17,2007,1,1,90,1.0,0,1,1,0,0,0,0,0,0.00,1.00,1.00,0.00,1.00,Matches,f274d13e
258,Bruno Gomes,br BRA,MFDF,Internacional,23,2001,14,11,981,10.9,0,2,2,0,0,0,2,0,0.00,0.18,0.18,0.00,0.18,Matches,76f2bbf8
259,Davi Gomes,br BRA,FW,RB Bragantino,19,2005,7,0,221,2.5,1,0,1,1,0,0,0,0,0.41,0.00,0.41,0.41,0.41,Matches,4081e2e8
260,Fredi Gomes,br BRA,DF,Bahia,18,2006,1,1,90,1.0,0,0,0,0,0,0,0,0,0.00,0.00,0.00,0.00,0.00,Matches,3ac829b6
261,Igor Gomes,br BRA,MF,Atlético Mineiro,25,1999,34,21,1824,20.3,4,3,7,4,0,0,3,1,0.20,0.15,0.35,0.20,0.35,Matches,6a7fb945
262,Andrés Gómez,co COL,MF,Vasco da Gama,22,2002,16,10,1028,11.4,1,5,6,1,0,0,1,0,0.09,0.44,0.53,0.09,0.53,Matches,76a82373
263,Gustavo Gómez,py PAR,DF,Palmeiras,31,1993,27,26,2310,25.7,2,1,3,2,0,0,7,0,0.08,0.04,0.12,0.08,0.12,Matches,d5ce52a5
264,Nuno Gonçalo Moreira,pt POR,MFFW,Vasco da Gama,25,1999,36,35,2549,28.3,7,5,12,7,0,0,4,0,0.25,0.18,0.42,0.25,0.42,Matches,c28df63c
265,Caíque Gonçalves,br BRA,MF,Juventude,29,1995,28,26,2049,22.8,0,1,1,0,0,0,10,0,0.00,0.04,0.04,0.00,0.04,Matches,e075d03e
266,Matheus Gonçalves,br BRA,MF,Flamengo,19,2005,4,0,69,0.8,0,0,0,0,0,0,0,0,0.00,0.00,0.00,0.00,0.00,Matches,071a6836
267,Gregore,br BRA,MF,Botafogo–RJ,30,1994,12,11,982,10.9,0,0,0,0,0,0,3,0,0.00,0.00,0.00,0.00,0.00,Matches,49815f34
268,Guga,br BRA,DFMF,Fluminense,26,1998,17,11,992,11.0,1,1,2,1,0,0,1,0,0.09,0.09,0.18,0.09,0.18,Matches,6975a3e1
269,Guilherme,br BRA,MF,Santos,29,1995,32,27,2250,25.0,4,7,11,4,0,0,1,0,0.16,0.28,0.44,0.16,0.44,Matches,58649f05
270,Guilherme,br BRA,MF,Flamengo,18,2006,1,1,62,0.7,2,0,2,2,0,0,0,0,2.90,0.00,2.90,2.90,2.90,Matches,281919b9
271,Guilherme,br BRA,MFFW,Mirassol,33,1991,12,6,539,6.0,2,0,2,2,0,0,2,0,0.33,0.00,0.33,0.33,0.33,Matches,9e61c019
272,Ryan Guilherme,br BRA,MF,Cruzeiro,22,2002,3,0,56,0.6,0,0,0,0,0,0,0,0,0.00,0.00,0.00,0.00,0.00,Matches,2ebfb12f
273,Zé Guilherme,br BRA,DF,Bahia,19,2005,3,0,86,1.0,0,0,0,0,0,0,0,0,0.00,0.00,0.00,0.00,0.00,Matches,9fd07241
274,Gustavinho,br BRA,MF,RB Bragantino,20,2004,17,8,741,8.2,0,0,0,0,0,0,2,0,0.00,0.00,0.00,0.00,0.00,Matches,9525ddcd
275,Gustavo,br BRA,GK,Juventude,31,1993,10,10,855,9.5,0,0,0,0,0,0,1,0,0.00,0.00,0.00,0.00,0.00,Matches,f764f16e
276,Luiz Gustavo,br BRA,DF,Vasco da Gama,18,2006,5,3,288,3.2,0,0,0,0,0,0,3,0,0.00,0.00,0.00,0.00,0.00,Matches,8b7b78ac
277,Luiz Gustavo,br BRA,MFDF,São Paulo,37,1987,12,9,780,8.7,1,0,1,1,0,0,0,0,0.12,0.00,0.12,0.12,0.12,Matches,82671804
278,Ryan Gustavo,br BRA,MF,Corinthians,21,2003,16,5,527,5.9,0,0,0,0,0,0,1,0,0.00,0.00,0.00,0.00,0.00,Matches,93573ea1
279,Yeison Guzmán,co COL,MF,Fortaleza,26,1998,5,1,188,2.1,0,0,0,0,0,0,0,0,0.00,0.00,0.00,0.00,0.00,Matches,31e0d112
280,Lucas Halter,br BRA,DF,Vitória,24,2000,33,33,2904,32.3,4,1,5,4,0,0,8,1,0.12,0.03,0.15,0.12,0.15,Matches,7aa882a2
281,Héctor,es ESP,FWMF,Corinthians,29,1995,9,3,246,2.7,1,0,1,1,0,0,0,0,0.37,0.00,0.37,0.37,0.37,Matches,6294bc9d
282,Henrique,br BRA,MF,São Paulo,18,2006,3,0,43,0.5,0,1,1,0,0,0,0,0,0.00,2.09,2.09,0.00,2.09,Matches,333b79ce
283,Bruno Henrique,br BRA,MF,Internacional,35,1989,29,19,1397,15.5,2,0,2,2,0,0,3,1,0.13,0.00,0.13,0.13,0.13,Matches,5a43b021
284,Bruno Henrique,br BRA,FWMF,Flamengo,34,1990,32,20,1811,20.1,8,0,8,7,1,1,7,0,0.40,0.00,0.40,0.35,0.35,Matches,5edff24f
285,Dalbert Henrique,br BRA,DFMF,Sport Recife,31,1993,5,0,110,1.2,0,0,0,0,0,0,2,0,0.00,0.00,0.00,0.00,0.00,Matches,f45f9427
286,Gustavo Henrique,br BRA,DF,Corinthians,31,1993,23,23,2070,23.0,3,0,3,3,0,0,5,0,0.13,0.00,0.13,0.13,0.13,Matches,fa066690
287,Matheus Henrique,br BRA,MF,Cruzeiro,27,1997,17,8,723,8.0,0,0,0,0,0,0,3,0,0.00,0.00,0.00,0.00,0.00,Matches,a2d9f138
288,Paulo Henrique,br BRA,DF,Vasco da Gama,28,1996,28,28,2490,27.7,1,8,9,1,0,0,11,1,0.04,0.29,0.33,0.04,0.33,Matches,25a0cb08
289,Pedro Henrique,br BRA,MFFW,Ceará,34,1990,28,17,1380,15.3,4,3,7,4,0,0,8,0,0.26,0.20,0.46,0.26,0.46,Matches,460976a2
290,Pedro Henrique,br BRA,DF,RB Bragantino,29,1995,31,31,2654,29.5,1,1,2,1,0,0,6,0,0.03,0.03,0.07,0.03,0.07,Matches,4322e5d7
291,Hércules,br BRA,MF,Fluminense,24,2000,34,26,2160,24.0,3,1,4,3,0,0,1,0,0.12,0.04,0.17,0.12,0.17,Matches,eadc7b45
292,Diogo Hereda,br BRA,DFMF,Sport Recife,26,1998,11,10,848,9.4,0,1,1,0,0,0,1,0,0.00,0.11,0.11,0.00,0.11,Matches,4985c10d
293,Marcelo Hermes,br BRA,DFMF,Juventude,29,1995,22,20,1858,20.6,2,5,7,2,0,0,3,0,0.10,0.24,0.34,0.10,0.34,Matches,89346085
294,José Herrera,ar ARG,MF,Fortaleza,21,2003,19,14,1046,11.6,2,3,5,2,0,0,3,0,0.17,0.26,0.43,0.17,0.43,Matches,1dcddc4d
295,Hudson,br BRA,MF,Juventude,24,2001,4,3,233,2.6,0,0,0,0,0,0,2,1,0.00,0.00,0.00,0.00,0.00,Matches,7cada45b
296,Hugo,br BRA,MFDF,Corinthians,27,1997,10,6,457,5.1,0,0,0,0,0,0,1,0,0.00,0.00,0.00,0.00,0.00,Matches,bd2593f3
297,Victor Hugo,br BRA,MF,Santos,20,2004,9,6,443,4.9,0,0,0,0,0,0,0,0,0.00,0.00,0.00,0.00,0.00,Matches,33fca7f7
298,Victor Hugo,br BRA,MF,Flamengo,20,2004,1,0,6,0.1,0,0,0,0,0,0,0,0,0.00,0.00,0.00,0.00,0.00,Matches,33fca7f7
299,Victor Hugo,br BRA,DF,Sport Recife,16,2008,1,1,61,0.7,0,0,0,0,0,0,0,0,0.00,0.00,0.00,0.00,0.00,Matches,4e3e53d2
300,Vitor Hugo,br BRA,DF,Atlético Mineiro,33,1991,23,20,1639,18.2,3,0,3,3,0,0,3,1,0.16,0.00,0.16,0.16,0.16,Matches,f2c1300a
301,Huguinho,br BRA,MF,Botafogo–RJ,17,2007,1,0,24,0.3,0,0,0,0,0,0,0,0,0.00,0.00,0.00,0.00,0.00,Matches,9368b299
302,Hulk,br BRA,FWMF,Atlético Mineiro,38,1986,33,27,2438,27.1,8,6,14,7,1,1,9,0,0.30,0.22,0.52,0.26,0.48,Matches,33a1f72e
303,José Hurtado,ec ECU,DF,RB Bragantino,23,2001,28,21,1864,20.7,1,0,1,1,0,0,2,1,0.05,0.00,0.05,0.05,0.05,Matches,cb067e96
304,Hyan,br BRA,MF,Santos,20,2004,2,0,18,0.2,0,0,0,0,0,0,0,0,0.00,0.00,0.00,0.00,0.00,Matches,37f34760
305,Hyoran,br BRA,MFFW,Sport Recife,31,1993,12,4,402,4.5,0,1,1,0,0,0,2,0,0.00,0.22,0.22,0.00,0.22,Matches,ffb88c28
306,Iago,br BRA,DF,Flamengo,19,2005,1,1,90,1.0,0,0,0,0,0,0,1,0,0.00,0.00,0.00,0.00,0.00,Matches,f76a981b
307,Iago,br BRA,DFMF,Bahia,27,1997,15,7,626,7.0,1,0,1,1,0,0,2,0,0.14,0.00,0.14,0.14,0.14,Matches,054849d2
308,Ignácio,br BRA,DF,Fluminense,28,1996,19,13,1147,12.7,0,0,0,0,0,0,2,1,0.00,0.00,0.00,0.00,0.00,Matches,2e005e3b
309,Juan Ignacio Dinenno,ar ARG,FW,Cruzeiro,30,1994,1,0,12,0.1,0,0,0,0,0,0,0,0,0.00,0.00,0.00,0.00,0.00,Matches,fc2c5692
310,Juan Ignacio Dinenno,ar ARG,FW,São Paulo,30,1994,7,3,262,2.9,1,0,1,1,0,0,2,0,0.34,0.00,0.34,0.34,0.34,Matches,fc2c5692
311,Juan Ignacio Ramírez,uy URU,FW,Sport Recife,27,1997,8,3,291,3.2,0,0,0,0,0,0,1,0,0.00,0.00,0.00,0.00,0.00,Matches,ad513a6b
312,Isaac,br BRA,FW,Atlético Mineiro,20,2004,1,0,6,0.1,0,0,0,0,0,0,0,0,0.00,0.00,0.00,0.00,0.00,Matches,f689c342
313,Isaque,br BRA,MF,Fluminense,17,2007,1,0,22,0.2,0,0,0,0,0,0,0,0,0.00,0.00,0.00,0.00,0.00,Matches,7d20cf39
314,Mateus Iseppe,br BRA,MF,Atlético Mineiro,18,2006,1,0,3,0.0,0,0,0,0,0,0,0,0,0.00,0.00,0.00,0.00,0.00,Matches,80d18f26
315,Ismael,pt POR,MF,Vitória,25,1999,1,0,18,0.2,0,0,0,0,0,0,0,0,0.00,0.00,0.00,0.00,0.00,Matches,0ea6e37d
316,Zé Ivaldo,br BRA,DF,Santos,27,1997,21,20,1799,20.0,1,0,1,1,0,0,8,1,0.05,0.00,0.05,0.05,0.05,Matches,5b6e7010
317,Ivan,br BRA,GK,Internacional,27,1997,7,7,585,6.5,0,0,0,0,0,0,2,0,0.00,0.00,0.00,0.00,0.00,Matches,43895807
318,Leo Jacó,br BRA,FW,Vasco da Gama,19,2005,2,0,16,0.2,0,0,0,0,0,0,0,0,0.00,0.00,0.00,0.00,0.00,Matches,1d5d1d4a
319,Jadson,br BRA,MF,Juventude,31,1993,35,32,2831,31.5,0,2,2,0,0,0,9,0,0.00,0.06,0.06,0.00,0.06,Matches,05748af4
320,Jair,br BRA,MF,Vasco da Gama,30,1994,11,7,559,6.2,0,0,0,0,0,0,3,0,0.00,0.00,0.00,0.00,0.00,Matches,f3466edc
321,Jamerson,br BRA,DF,Vitória,26,1998,12,12,1026,11.4,0,2,2,0,0,0,0,0,0.00,0.18,0.18,0.00,0.18,Matches,7910d817
322,Janderson,br BRA,FWMF,Vitória,25,1999,11,9,729,8.1,1,0,1,1,0,0,3,0,0.12,0.00,0.12,0.12,0.12,Matches,8b89c34e
323,Jandrei,br BRA,GK,Juventude,31,1993,19,19,1710,19.0,0,0,0,0,0,0,4,0,0.00,0.00,0.00,0.00,0.00,Matches,85ea4399
324,Jardiel,br BRA,FW,Grêmio,19,2005,5,0,41,0.5,0,0,0,0,0,0,0,0,0.00,0.00,0.00,0.00,0.00,Matches,b9047077
325,Léo Jardim,br BRA,GK,Vasco da Gama,29,1995,36,36,3235,35.9,0,0,0,0,0,0,2,1,0.00,0.00,0.00,0.00,0.00,Matches,f5dfc256
326,Jeffinho,br BRA,MF,Botafogo–RJ,25,1999,17,9,685,7.6,2,4,6,2,0,0,0,1,0.26,0.53,0.79,0.26,0.79,Matches,45cce300
327,Jefinho,br BRA,MF,Sport Recife,18,2006,1,0,23,0.3,0,0,0,0,0,0,0,0,0.00,0.00,0.00,0.00,0.00,Matches,0215603b
328,Jefté,br BRA,MFDF,Palmeiras,21,2003,12,7,765,8.5,0,3,3,0,0,0,0,0,0.00,0.35,0.35,0.00,0.35,Matches,94217eae
329,Jemerson,br BRA,DF,Grêmio,32,1992,9,8,770,8.6,1,0,1,1,0,0,3,0,0.12,0.00,0.12,0.12,0.12,Matches,7cab69b5
330,Jemmes,br BRA,DF,Mirassol,24,2000,37,37,3273,36.4,2,0,2,2,0,0,3,0,0.05,0.00,0.05,0.05,0.05,Matches,341cadaf
331,Igor Jesus,br BRA,FWMF,Botafogo–RJ,23,2001,10,10,875,9.7,3,1,4,3,0,0,0,0,0.31,0.10,0.41,0.31,0.41,Matches,dbe24cce
332,Maykon Jesus,br BRA,DFMF,Vitória,19,2005,9,8,766,8.5,0,0,0,0,0,0,1,0,0.00,0.00,0.00,0.00,0.00,Matches,37ef00eb
333,Jhon Jhon,br BRA,MF,RB Bragantino,22,2002,34,34,2844,31.6,10,7,17,7,3,3,11,0,0.32,0.22,0.54,0.22,0.44,Matches,f82517a8
334,John,br BRA,GK,Botafogo–RJ,28,1996,17,17,1530,17.0,0,0,0,0,0,0,2,0,0.00,0.00,0.00,0.00,0.00,Matches,33a235af
335,Felipe Jonatan,br BRA,DF,Mirassol,26,1998,7,4,440,4.9,0,1,1,0,0,0,0,0,0.00,0.20,0.20,0.00,0.20,Matches,0102ca7f
336,Jonathan,br BRA,DF,Cruzeiro,20,2004,13,10,798,8.9,0,1,1,0,0,0,1,1,0.00,0.11,0.11,0.00,0.11,Matches,a25c009d
337,Kaio Jorge,br BRA,FW,Cruzeiro,23,2002,33,33,2588,28.8,21,8,29,20,1,2,4,1,0.73,0.28,1.01,0.70,0.97,Matches,0cf465f2
338,Jorginho,it ITA,MF,Flamengo,33,1991,18,15,1357,15.1,3,1,4,0,3,3,5,0,0.20,0.07,0.27,0.00,0.07,Matches,45db685d
339,José,br BRA,MF,Cruzeiro,19,2005,1,0,1,0.0,0,0,0,0,0,0,0,0,0.00,0.00,0.00,0.00,0.00,Matches,59b55d8c
340,Willian José,br BRA,FW,Bahia,33,1991,33,28,2115,23.5,11,6,17,8,3,5,3,0,0.47,0.26,0.72,0.34,0.60,Matches,d87e2cae
341,Joshua,br BRA,MF,Flamengo,17,2007,1,0,28,0.3,0,0,0,0,0,0,0,0,0.00,0.00,0.00,0.00,0.00,Matches,04347cef
342,Luciano Juba,br BRA,DF,Bahia,25,1999,35,33,2877,32.0,6,4,10,6,0,0,2,0,0.19,0.13,0.31,0.19,0.31,Matches,c2abc321
343,Juninho,br BRA,FW,Flamengo,28,1996,15,2,378,4.2,1,0,1,1,0,0,0,0,0.24,0.00,0.24,0.24,0.24,Matches,d51bd6c5
344,Juninho,br BRA,DF,Internacional,29,1995,20,18,1505,16.7,0,0,0,0,0,0,6,0,0.00,0.00,0.00,0.00,0.00,Matches,72c01cfb
345,Kauê Junior,br BRA,FW,Bahia,15,2009,1,0,4,0.0,0,0,0,0,0,0,0,0,0.00,0.00,0.00,0.00,0.00,Matches,1c8f7804
346,Robinho Junior,br BRA,MFFW,Santos,17,2007,15,2,352,3.9,0,1,1,0,0,0,0,0,0.00,0.26,0.26,0.00,0.26,Matches,5042b172
347,Wanderson Junior,br BRA,DF,Flamengo,17,2007,1,0,22,0.2,0,0,0,0,0,0,0,0,0.00,0.00,0.00,0.00,0.00,Matches,1d8e0299
348,Lucas Kal,br BRA,MFDF,Sport Recife,28,1996,13,11,861,9.6,0,0,0,0,0,0,1,0,0.00,0.00,0.00,0.00,0.00,Matches,33ed689d
349,Walter Kannemann,ar ARG,DF,Grêmio,33,1991,20,19,1723,19.1,0,0,0,0,0,0,8,1,0.00,0.00,0.00,0.00,0.00,Matches,5b37f2f8
350,Kanu,br BRA,DF,Bahia,27,1997,7,7,513,5.7,0,0,0,0,0,0,0,1,0.00,0.00,0.00,0.00,0.00,Matches,fefa9b9a
351,Kauê,br BRA,GK,Corinthians,20,2004,1,1,90,1.0,0,0,0,0,0,0,0,0,0.00,0.00,0.00,0.00,0.00,Matches,456ce27f
352,Kayke,br BRA,MFFW,Corinthians,20,2004,8,4,358,4.0,0,1,1,0,0,0,0,0,0.00,0.25,0.25,0.00,0.25,Matches,ce705c56
353,Kayke,br BRA,FW,Fortaleza,18,2006,2,0,31,0.3,0,0,0,0,0,0,0,0,0.00,0.00,0.00,0.00,0.00,Matches,ac0a127f
354,Renato Kayser,br BRA,FW,Vitória,28,1996,30,25,2083,23.1,9,0,9,8,1,1,3,0,0.39,0.00,0.39,0.35,0.35,Matches,c7495dda
355,Kenji,br BRA,FW,Cruzeiro,19,2006,3,0,39,0.4,0,0,0,0,0,0,0,0,0.00,0.00,0.00,0.00,0.00,Matches,492ade3c
356,John Kennedy,br BRA,FW,Fluminense,22,2002,17,6,626,7.0,2,1,3,1,1,1,1,0,0.29,0.14,0.43,0.14,0.29,Matches,132880e0
357,Keno,br BRA,MF,Fluminense,35,1989,18,4,509,5.7,1,2,3,1,0,0,1,0,0.18,0.35,0.53,0.18,0.53,Matches,98558c11
358,Kevyson,br BRA,MF,Santos,20,2004,1,0,16,0.2,0,0,0,0,0,0,0,0,0.00,0.00,0.00,0.00,0.00,Matches,1115f8aa
359,Kevyson,br BRA,DF,Sport Recife,20,2004,9,1,268,3.0,0,0,0,0,0,0,3,0,0.00,0.00,0.00,0.00,0.00,Matches,1115f8aa
360,Khellven,br BRA,DFMF,Palmeiras,23,2001,13,12,975,10.8,0,2,2,0,0,0,1,0,0.00,0.18,0.18,0.00,0.18,Matches,cf18ab1b
361,Gabriel Knesowitsch,br BRA,DF,Mirassol,21,2003,4,4,360,4.0,0,0,0,0,0,0,0,0,0.00,0.00,0.00,0.00,0.00,Matches,11cc9108
362,Benjamín Kuscevic,cl CHI,DF,Fortaleza,28,1996,20,19,1707,19.0,1,0,1,1,0,0,3,1,0.05,0.00,0.05,0.05,0.05,Matches,9edddc34
363,Derik Lacerda,br BRA,FW,Sport Recife,25,1999,17,17,1446,16.1,6,0,6,5,1,1,8,0,0.37,0.00,0.37,0.31,0.31,Matches,d028bfe9
364,Ignacio Laquintana,uy URU,MF,RB Bragantino,25,1999,23,13,1017,11.3,4,3,7,4,0,0,1,0,0.35,0.27,0.62,0.35,0.62,Matches,2517fe3c
365,Larson,br BRA,MF,Palmeiras,19,2005,2,1,73,0.8,0,0,0,0,0,0,1,0,0.00,0.00,0.00,0.00,0.00,Matches,93175c23
366,Joaquín Lavega,uy URU,FW,Fluminense,19,2005,2,0,67,0.7,0,0,0,0,0,0,0,0,0.00,0.00,0.00,0.00,0.00,Matches,c67a5e1d
367,Leandrinho,br BRA,DF,Vasco da Gama,19,2005,2,0,57,0.6,0,0,0,0,0,0,0,0,0.00,0.00,0.00,0.00,0.00,Matches,c27450ec
368,Helton Leite,br BRA,GK,Fortaleza,34,1990,4,4,360,4.0,0,0,0,0,0,0,0,0,0.00,0.00,0.00,0.00,0.00,Matches,e8918589
369,Lelê,br BRA,FW,Ceará,27,1997,7,0,110,1.2,0,0,0,0,0,0,0,0,0.00,0.00,0.00,0.00,0.00,Matches,467aed9b
370,Mauricio Lemos,uy URU,DF,Vasco da Gama,29,1995,4,3,243,2.7,0,0,0,0,0,0,0,0,0.00,0.00,0.00,0.00,0.00,Matches,dbe5a587
371,Rubén Lezcano,py PAR,MF,Fluminense,20,2004,4,0,57,0.6,0,0,0,0,0,0,0,0,0.00,0.00,0.00,0.00,0.00,Matches,d5351e90
372,Lima,br BRA,MF,Fluminense,28,1996,28,12,1094,12.2,2,1,3,2,0,0,3,0,0.16,0.08,0.25,0.16,0.25,Matches,d215c7de
373,Lucas Lima,br BRA,MF,Sport Recife,34,1990,33,30,2550,28.3,3,7,10,2,1,1,11,0,0.11,0.25,0.35,0.07,0.32,Matches,49d03337
374,Lucas Lima,br BRA,MF,Ceará,24,2000,11,1,127,1.4,0,0,0,0,0,0,0,0,0.00,0.00,0.00,0.00,0.00,Matches,c4c45622
375,Leonardo Linck,br BRA,GK,Botafogo–RJ,23,2001,17,16,1486,16.5,0,0,0,0,0,0,1,0,0.00,0.00,0.00,0.00,0.00,Matches,bc30a70d
376,Kauan Lindes,br BRA,MF,Botafogo–RJ,21,2003,1,0,31,0.3,0,0,0,0,0,0,0,0,0.00,0.00,0.00,0.00,0.00,Matches,a80fe10c
377,Samuel Lino,br BRA,MF,Flamengo,25,1999,21,19,1394,15.5,4,5,9,4,0,0,1,0,0.26,0.32,0.58,0.26,0.58,Matches,2a295d33
378,Lenny Lobato,br BRA,MFFW,Sport Recife,23,2001,7,2,244,2.7,0,0,0,0,0,0,0,0,0.00,0.00,0.00,0.00,0.00,Matches,5c514884
379,David Loiola,br BRA,DF,Botafogo–RJ,22,2002,22,20,1830,20.3,1,1,2,1,0,0,3,2,0.05,0.05,0.10,0.05,0.10,Matches,eddf365e
380,Marcelo Lomba,br BRA,GK,Palmeiras,38,1986,3,3,270,3.0,0,0,0,0,0,0,0,0,0.00,0.00,0.00,0.00,0.00,Matches,e4835e3c
381,Felipe Longo,br BRA,GK,Corinthians,19,2005,6,6,540,6.0,0,0,0,0,0,0,0,0,0.00,0.00,0.00,0.00,0.00,Matches,e671b482
382,Guilherme Lopes,br BRA,DF,RB Bragantino,22,2002,11,7,640,7.1,1,1,2,1,0,0,2,0,0.14,0.14,0.28,0.14,0.28,Matches,54974698
383,Flaco López,ar ARG,FWMF,Palmeiras,24,2000,33,22,1999,22.2,12,2,14,10,2,2,5,0,0.54,0.09,0.63,0.45,0.54,Matches,e1426a52
384,Renzo López,uy URU,FW,Vitória,30,1994,23,5,651,7.2,1,0,1,1,0,0,4,0,0.14,0.00,0.14,0.14,0.14,Matches,675cf0be
385,Lourenço,br BRA,MF,Ceará,27,1997,33,15,1386,15.4,2,1,3,2,0,1,4,0,0.13,0.06,0.19,0.13,0.19,Matches,c9f9210f
386,Lucão,br BRA,GK,RB Bragantino,23,2001,4,4,360,4.0,0,0,0,0,0,0,1,0,0.00,0.00,0.00,0.00,0.00,Matches,ebb5a0df
387,Ayrton Lucas,br BRA,DF,Flamengo,27,1997,18,13,1231,13.7,2,0,2,2,0,0,5,0,0.15,0.00,0.15,0.15,0.15,Matches,db90b737
388,Jean Lucas,br BRA,MF,Bahia,26,1998,34,33,2674,29.7,3,1,4,3,0,0,3,2,0.10,0.03,0.13,0.10,0.13,Matches,a99138af
389,João Lucas,br BRA,DF,Grêmio,26,1998,10,5,506,5.6,0,0,0,0,0,0,1,0,0.00,0.00,0.00,0.00,0.00,Matches,289dc81e
390,Zé Lucas,br BRA,MF,Sport Recife,16,2008,24,21,1596,17.7,0,0,0,0,0,0,4,0,0.00,0.00,0.00,0.00,0.00,Matches,310649fd
391,Lucca,br BRA,FW,Ceará,21,2003,1,0,12,0.1,0,0,0,0,0,0,0,0,0.00,0.00,0.00,0.00,0.00,Matches,c3604b27
392,Lucca,br BRA,FW,Internacional,21,2003,4,1,161,1.8,0,0,0,0,0,0,0,0,0.00,0.00,0.00,0.00,0.00,Matches,c3604b27
393,Luciano,br BRA,FWMF,São Paulo,31,1993,32,24,2105,23.4,9,4,13,8,1,2,10,0,0.38,0.17,0.56,0.34,0.51,Matches,24ce161c
394,Lucio,br BRA,MF,Flamengo,17,2007,1,1,68,0.8,0,0,0,0,0,0,0,0,0.00,0.00,0.00,0.00,0.00,Matches,a5aa1b17
395,Luighi,br BRA,MFFW,Palmeiras,18,2006,11,2,339,3.8,1,0,1,1,0,0,1,0,0.27,0.00,0.27,0.27,0.27,Matches,f6202ded
396,José Luis Rodríguez,uy URU,DF,Vasco da Gama,27,1997,25,15,1446,16.1,2,2,4,2,0,0,0,0,0.12,0.12,0.25,0.12,0.25,Matches,6f1a7f76
397,Victor Luis,br BRA,MFDF,Vasco da Gama,31,1993,7,2,273,3.0,0,0,0,0,0,0,0,1,0.00,0.00,0.00,0.00,0.00,Matches,cc68c4d3
398,Luisão,br BRA,DF,Santos,21,2003,6,5,438,4.9,0,0,0,0,0,0,2,0,0.00,0.00,0.00,0.00,0.00,Matches,fddae996
399,David Luiz,br BRA,DF,Fortaleza,37,1987,7,4,399,4.4,0,0,0,0,0,0,2,0,0.00,0.00,0.00,0.00,0.00,Matches,c0e27d1a
400,Guilherme Luiz,br BRA,FW,Ceará,19,2005,7,0,148,1.6,0,1,1,0,0,0,1,0,0.00,0.61,0.61,0.00,0.61,Matches,2260e4ac
401,Lyanco,br BRA,DF,Atlético Mineiro,27,1997,17,17,1410,15.7,0,0,0,0,0,0,10,2,0.00,0.00,0.00,0.00,0.00,Matches,b5bf1770
402,Everton Maceió,br BRA,MF,Mirassol,21,2003,6,1,147,1.6,0,0,0,0,0,0,0,0,0.00,0.00,0.00,0.00,0.00,Matches,5823de33
403,Willian Machado,br BRA,DF,Ceará,28,1996,36,36,3219,35.8,0,1,1,0,0,0,7,0,0.00,0.03,0.03,0.00,0.03,Matches,afb23fa3
404,Talles Magno,br BRA,MFFW,Corinthians,22,2002,24,10,961,10.7,1,1,2,1,0,0,2,0,0.09,0.09,0.19,0.09,0.19,Matches,64c98878
405,Magrão,br BRA,GK,Fortaleza,24,2000,3,3,270,3.0,0,0,0,0,0,0,1,0,0.00,0.00,0.00,0.00,0.00,Matches,4bc2a77c
406,Gustavo Maia,br BRA,FW,Sport Recife,24,2001,1,0,17,0.2,0,0,0,0,0,0,0,0,0.00,0.00,0.00,0.00,0.00,Matches,b36fed1d
407,Pablo Maia,br BRA,MF,São Paulo,23,2002,25,17,1471,16.3,1,0,1,1,0,0,4,0,0.06,0.00,0.06,0.06,0.06,Matches,3a243771
408,Thiago Maia,br BRA,MF,Internacional,27,1997,31,25,1980,22.0,2,1,3,2,0,0,3,0,0.09,0.05,0.14,0.09,0.14,Matches,91e58f66
409,Maik,br BRA,MFDF,São Paulo,20,2005,9,8,607,6.7,2,2,4,2,0,0,3,0,0.30,0.30,0.59,0.30,0.59,Matches,f11cb3b7
410,Mailton,br BRA,MF,São Paulo,26,1998,8,3,388,4.3,0,0,0,0,0,0,1,0,0.00,0.00,0.00,0.00,0.00,Matches,d147e379
411,Léo Mana,br BRA,DF,Corinthians,20,2004,4,3,225,2.5,0,0,0,0,0,0,0,0,0.00,0.00,0.00,0.00,0.00,Matches,d7a180bc
412,Gustavo Mancha,br BRA,DF,Fortaleza,20,2004,13,13,1029,11.4,0,0,0,0,0,0,2,1,0.00,0.00,0.00,0.00,0.00,Matches,d618c9b3
413,Eros Mancuso,ar ARG,DF,Fortaleza,25,1999,30,27,2377,26.4,1,3,4,1,0,0,6,0,0.04,0.11,0.15,0.04,0.15,Matches,e2d40bc5
414,Luis Mandaca,br BRA,MFFW,Juventude,23,2001,32,29,2445,27.2,2,1,3,2,0,0,7,1,0.07,0.04,0.11,0.07,0.11,Matches,e5d0ea65
415,Manoel,br BRA,DF,Fluminense,34,1990,5,4,345,3.8,0,0,0,0,0,0,0,0,0.00,0.00,0.00,0.00,0.00,Matches,12748e35
416,Elias Manoel,br BRA,FW,Botafogo–RJ,23,2001,2,0,27,0.3,0,0,0,0,0,0,0,0,0.00,0.00,0.00,0.00,0.00,Matches,7f19cbe0
417,Fernando Marçal,br BRA,DF,Botafogo–RJ,35,1989,15,11,1009,11.2,5,0,5,5,0,0,5,0,0.45,0.00,0.45,0.45,0.45,Matches,9ae9eaea
418,Marcão,br BRA,GK,Juventude,32,1992,6,5,495,5.5,0,0,0,0,0,0,0,0,0.00,0.00,0.00,0.00,0.00,Matches,9a6cb3a8
419,João Marcelo,br BRA,DF,Cruzeiro,24,2000,4,2,226,2.5,0,0,0,0,0,0,0,0,0.00,0.00,0.00,0.00,0.00,Matches,e18b8c9e
420,João Marcelo,br BRA,FW,Atlético Mineiro,19,2005,7,0,68,0.8,1,1,2,1,0,0,0,0,1.32,1.32,2.65,1.32,2.65,Matches,e8ed7091
421,Zé Marcos,br BRA,DF,Vitória,26,1998,28,26,2426,27.0,1,1,2,1,0,0,6,0,0.04,0.04,0.07,0.04,0.07,Matches,7b9ab588
422,Marinho,br BRA,FWMF,Fortaleza,34,1990,17,8,710,7.9,1,2,3,1,0,0,3,1,0.13,0.25,0.38,0.13,0.38,Matches,c077c735
423,Marlon,br BRA,DF,Cruzeiro,27,1997,1,0,6,0.1,0,0,0,0,0,0,0,0,0.00,0.00,0.00,0.00,0.00,Matches,63969d01
424,Marlon,br BRA,FW,Juventude,20,2005,1,0,8,0.1,0,0,0,0,0,0,0,0,0.00,0.00,0.00,0.00,0.00,Matches,026c9d63
425,Marlon,br BRA,DF,Grêmio,27,1997,31,31,2765,30.7,1,2,3,1,0,0,8,0,0.03,0.07,0.10,0.03,0.10,Matches,63969d01
426,Gustavo Marques,br BRA,DF,RB Bragantino,23,2001,14,9,900,10.0,1,0,1,1,0,0,2,0,0.10,0.00,0.10,0.10,0.10,Matches,b4fce835
427,Igor Marques,br BRA,MFDF,Juventude,26,1999,19,15,1424,15.8,2,2,4,2,0,0,1,1,0.13,0.13,0.25,0.13,0.25,Matches,8b364abd
428,Lucca Marques,br BRA,MF,São Paulo,17,2007,8,2,318,3.5,0,0,0,0,0,0,1,0,0.00,0.00,0.00,0.00,0.00,Matches,1d6ffbb1
429,Renato Marques,br BRA,FW,Mirassol,21,2003,7,3,261,2.9,1,0,1,1,0,0,1,0,0.34,0.00,0.34,0.34,0.34,Matches,838d1215
430,Marquinhos,br BRA,MF,Cruzeiro,21,2003,17,2,384,4.3,0,0,0,0,0,0,1,0,0.00,0.00,0.00,0.00,0.00,Matches,59878425
431,Marquinhos,br BRA,DF,Botafogo–RJ,17,2007,1,0,2,0.0,0,0,0,0,0,0,0,0,0.00,0.00,0.00,0.00,0.00,Matches,5fb8eee5
432,Juan Martín Lucero,ar ARG,FW,Fortaleza,33,1991,27,16,1409,15.7,3,1,4,3,0,1,6,0,0.19,0.06,0.26,0.19,0.26,Matches,18a3f871
433,Martinelli,br BRA,MF,Fluminense,23,2001,33,32,2721,30.2,3,2,5,3,0,0,6,0,0.10,0.07,0.17,0.10,0.17,Matches,2b124c8c
434,Alejandro Martínez,ar ARG,FWMF,Ceará,27,1997,2,0,49,0.5,0,1,1,0,0,0,0,0,0.00,1.84,1.84,0.00,1.84,Matches,26f76d7b
435,Emiliano Martínez,uy URU,MFDF,Palmeiras,25,1999,25,17,1516,16.8,1,0,1,1,0,0,3,0,0.06,0.00,0.06,0.06,0.06,Matches,52061089
436,Emmanuel Martínez,ar ARG,MF,Fortaleza,30,1994,14,8,741,8.2,1,1,2,1,0,0,6,0,0.12,0.12,0.24,0.12,0.24,Matches,74758396
437,Adriano Martins,br BRA,DF,Juventude,27,1997,5,5,360,4.0,0,0,0,0,0,0,1,0,0.00,0.00,0.00,0.00,0.00,Matches,35ba6188
438,Andre Martins,br BRA,FW,Grêmio,23,2001,25,6,793,8.8,5,2,7,5,0,0,3,0,0.57,0.23,0.79,0.57,0.79,Matches,56224aa6
439,Matheus Martins,br BRA,MF,Botafogo–RJ,21,2003,15,6,654,7.3,1,0,1,1,0,0,3,0,0.14,0.00,0.14,0.14,0.14,Matches,73fd2787
440,Gustavo Martins Santos,br BRA,DF,Grêmio,22,2002,19,15,1320,14.7,2,0,2,2,0,0,4,0,0.14,0.00,0.14,0.14,0.14,Matches,ae03ce49
441,Gonzalo Mastriani,uy URU,FW,Botafogo–RJ,31,1993,12,3,288,3.2,1,0,1,1,0,0,1,0,0.31,0.00,0.31,0.31,0.31,Matches,b4339e2b
442,Matheusinho,br BRA,MFFW,Sport Recife,26,1998,25,22,1653,18.4,2,2,4,2,0,0,1,1,0.11,0.11,0.22,0.11,0.22,Matches,74f5a96d
443,Matheusinho,br BRA,MF,Vitória,27,1997,29,18,1768,19.6,4,1,5,2,2,2,5,1,0.20,0.05,0.25,0.10,0.15,Matches,91c2ee76
444,Matheuzinho,br BRA,DFMF,Corinthians,24,2000,31,28,2632,29.2,2,3,5,2,0,0,12,0,0.07,0.10,0.17,0.07,0.17,Matches,2a5bc0cd
445,Ricardo Mathias,br BRA,FW,Internacional,18,2006,22,7,809,9.0,5,1,6,5,0,0,1,0,0.56,0.11,0.67,0.56,0.67,Matches,cebd5c05
446,Mauricio,py PAR,MFFW,Palmeiras,23,2001,29,18,1598,17.8,3,7,10,3,0,0,1,0,0.17,0.39,0.56,0.17,0.56,Matches,bf4cbc22
447,Maycon,br BRA,MF,Corinthians,27,1997,25,16,1491,16.6,3,0,3,2,1,1,4,0,0.18,0.00,0.18,0.12,0.12,Matches,005ca692
448,Mayke,br BRA,DF,Santos,32,1992,12,9,821,9.1,0,0,0,0,0,0,3,0,0.00,0.00,0.00,0.00,0.00,Matches,47431289
449,Mayke,br BRA,DFMF,Palmeiras,32,1992,3,3,211,2.3,0,0,0,0,0,0,1,0,0.00,0.00,0.00,0.00,0.00,Matches,47431289
450,Luca Meirelles,br BRA,DF,Santos,17,2007,7,0,89,1.0,0,0,0,0,0,0,0,0,0.00,0.00,0.00,0.00,0.00,Matches,a0860c1e
451,Arthur Melo,br BRA,MF,Grêmio,28,1996,13,13,1082,12.0,0,0,0,0,0,0,3,1,0.00,0.00,0.00,0.00,0.00,Matches,48b3dd60
452,Memphis,nl NED,FW,Corinthians,30,1994,23,17,1544,17.2,6,3,9,5,1,2,4,0,0.35,0.17,0.52,0.29,0.47,Matches,8f696594
453,Nathan Mendes,br BRA,DF,RB Bragantino,22,2002,19,12,1158,12.9,0,1,1,0,0,0,3,0,0.00,0.08,0.08,0.00,0.08,Matches,c5aa7b35
454,Thiago Mendes,br BRA,MF,Vasco da Gama,32,1992,8,3,300,3.3,0,0,0,0,0,0,1,0,0.00,0.00,0.00,0.00,0.00,Matches,c6e5d20f
455,Vinicius Mendonça,br BRA,MF,RB Bragantino,20,2004,23,11,1039,11.5,0,3,3,0,0,0,2,0,0.00,0.26,0.26,0.00,0.26,Matches,47a333ad
456,Jean Meneses,cl CHI,FWMF,Vasco da Gama,31,1993,1,0,1,0.0,0,0,0,0,0,0,0,0,0.00,0.00,0.00,0.00,0.00,Matches,dc7acc74
457,Ramon Menezes Roma,br BRA,DF,Sport Recife,29,1995,23,22,1876,20.8,1,0,1,1,0,0,6,1,0.05,0.00,0.05,0.05,0.05,Matches,eab48ffb
458,Gabriel Menino,br BRA,MFDF,Atlético Mineiro,24,2000,23,9,889,9.9,1,1,2,1,0,0,1,0,0.10,0.10,0.20,0.10,0.20,Matches,01819e70
459,Gabriel Mercado,ar ARG,DF,Internacional,37,1987,14,13,1195,13.3,1,0,1,1,0,0,4,0,0.08,0.00,0.08,0.08,0.08,Matches,bf97c188
460,Micael,br BRA,DF,Palmeiras,24,2000,16,15,1295,14.4,0,1,1,0,0,0,4,0,0.00,0.07,0.07,0.00,0.07,Matches,ea95d7a6
461,Michael,br BRA,MF,Flamengo,28,1996,15,6,621,6.9,1,3,4,1,0,0,0,0,0.14,0.43,0.58,0.14,0.58,Matches,f523d00b
462,Carlos Miguel,br BRA,GK,Palmeiras,26,1998,9,9,810,9.0,0,0,0,0,0,0,1,0,0.00,0.00,0.00,0.00,0.00,Matches,84454067
463,Fernando Miguel,br BRA,GK,Ceará,39,1985,8,7,657,7.3,0,0,0,0,0,0,0,0,0.00,0.00,0.00,0.00,0.00,Matches,f1f06658
464,Moises,br BRA,MFFW,Fortaleza,28,1996,12,3,385,4.3,0,1,1,0,0,0,1,0,0.00,0.23,0.23,0.00,0.23,Matches,ddd07a25
465,Miguel Monsalve,co COL,MFFW,Grêmio,20,2004,9,2,297,3.3,0,1,1,0,0,0,2,0,0.00,0.30,0.30,0.00,0.30,Matches,a2f7f47c
466,Álvaro Montoro,ar ARG,MF,Botafogo–RJ,17,2007,16,10,936,10.4,3,3,6,3,0,0,3,0,0.29,0.29,0.58,0.29,0.58,Matches,4c55ed86
467,Kauã Moraes,br BRA,DF,Cruzeiro,18,2006,5,2,197,2.2,0,0,0,0,0,0,0,0,0.00,0.00,0.00,0.00,0.00,Matches,936f721d
468,Aníbal Moreno,ar ARG,MF,Palmeiras,25,1999,28,19,1805,20.1,0,1,1,0,0,0,9,0,0.00,0.05,0.05,0.00,0.05,Matches,0c0f1cd3
469,Santiago Moreno,co COL,MF,Fluminense,24,2000,5,2,154,1.7,0,0,0,0,0,0,2,0,0.00,0.00,0.00,0.00,0.00,Matches,3261d0e4
470,Henry Mosquera,co COL,MF,RB Bragantino,23,2001,17,8,771,8.6,0,0,0,0,0,0,0,0,0.00,0.00,0.00,0.00,0.00,Matches,be206004
471,Hugo Moura,br BRA,MFDF,Vasco da Gama,27,1998,33,28,2411,26.8,0,1,1,0,0,0,6,2,0.00,0.04,0.04,0.00,0.04,Matches,14100165
472,Lucas Moura,br BRA,FWMF,São Paulo,32,1992,11,4,451,5.0,2,0,2,1,1,1,0,0,0.40,0.00,0.40,0.20,0.20,Matches,2b622f01
473,Neto Moura,br BRA,MF,Mirassol,28,1996,34,31,2428,27.0,1,0,1,1,0,0,10,0,0.04,0.00,0.04,0.04,0.04,Matches,28fd3b9e
474,Lucas Mugni,ar ARG,MF,Ceará,33,1992,33,22,1714,19.0,2,6,8,2,0,0,5,0,0.11,0.32,0.42,0.11,0.42,Matches,f87818d3
475,Alex Muralha,br BRA,GK,Mirassol,35,1989,7,7,630,7.0,0,0,0,0,0,0,2,0,0.00,0.00,0.00,0.00,0.00,Matches,38082f12
476,Bruno Nascimento,br BRA,FW,Palmeiras,27,1997,10,4,341,3.8,2,0,2,2,0,0,0,0,0.53,0.00,0.53,0.53,0.53,Matches,46411d56
477,Nata,br BRA,DF,Juventude,23,2001,2,1,94,1.0,0,0,0,0,0,0,0,0,0.00,0.00,0.00,0.00,0.00,Matches,b9ae93ab
478,Natanael,br BRA,DFMF,Atlético Mineiro,23,2002,34,24,2142,23.8,1,0,1,1,0,0,2,0,0.04,0.00,0.04,0.04,0.04,Matches,0b618504
479,Nathan,br BRA,DF,Internacional,23,2001,1,1,90,1.0,0,0,0,0,0,0,0,0,0.00,0.00,0.00,0.00,0.00,Matches,9fb6420e
480,Nathan,br BRA,MF,Grêmio,28,1996,2,1,90,1.0,0,0,0,0,0,0,0,0,0.00,0.00,0.00,0.00,0.00,Matches,fa00f0c9
481,Kaiky Naves,br BRA,DF,Palmeiras,22,2002,1,0,19,0.2,0,0,0,0,0,0,0,0,0.00,0.00,0.00,0.00,0.00,Matches,621576f9
482,Gui Negão,br BRA,FWMF,Corinthians,17,2007,22,12,945,10.5,3,1,4,3,0,0,3,0,0.29,0.10,0.38,0.29,0.38,Matches,8d835047
483,Felipe Negrucci,br BRA,DF,São Paulo,20,2004,5,2,226,2.5,0,0,0,0,0,0,0,0,0.00,0.00,0.00,0.00,0.00,Matches,784f2ef7
484,Negueba,br BRA,FWMF,Mirassol,25,1999,33,27,2157,24.0,7,3,10,7,0,0,3,0,0.29,0.13,0.42,0.29,0.42,Matches,47c2829f
485,Edison Negueba,br BRA,FW,Juventude,24,2000,5,0,107,1.2,1,0,1,1,0,0,0,0,0.84,0.00,0.84,0.84,0.84,Matches,ab23371b
486,Nenê,br BRA,FWMF,Juventude,43,1981,25,12,1009,11.2,3,4,7,1,2,2,3,0,0.27,0.36,0.62,0.09,0.45,Matches,265ebd37
487,Neris,br BRA,DF,Vitória,32,1992,10,6,534,5.9,0,0,0,0,0,0,1,1,0.00,0.00,0.00,0.00,0.00,Matches,f961d4c2
488,Rodrigo Nestor,br BRA,MFFW,Bahia,24,2000,22,8,875,9.7,5,0,5,5,0,0,5,0,0.51,0.00,0.51,0.51,0.51,Matches,c04ebe99
489,Neto,br BRA,GK,Botafogo–RJ,35,1989,3,3,224,2.5,0,0,0,0,0,0,0,0,0.00,0.00,0.00,0.00,0.00,Matches,a9dc785c
490,Newton,br BRA,MF,Botafogo–RJ,24,2000,25,16,1494,16.6,1,0,1,1,0,0,5,0,0.06,0.00,0.06,0.06,0.06,Matches,0c0c8329
491,Neymar,br BRA,FWMF,Santos,32,1992,20,17,1528,17.0,8,1,9,6,2,2,8,1,0.47,0.06,0.53,0.35,0.41,Matches,69384e5d
492,Nicolas,br BRA,DF,Ceará,27,1997,13,6,593,6.6,0,0,0,0,0,0,1,0,0.00,0.00,0.00,0.00,0.00,Matches,0739a5da
493,Nicolas,br BRA,DF,São Paulo,17,2007,1,0,45,0.5,0,0,0,0,0,0,0,0,0.00,0.00,0.00,0.00,0.00,Matches,3988393d
494,Saúl Ñíguez,es ESP,MF,Flamengo,30,1994,16,12,1156,12.8,0,2,2,0,0,0,3,0,0.00,0.16,0.16,0.00,0.16,Matches,c14bc029
495,Nonato,br BRA,MF,Fluminense,26,1998,20,8,914,10.2,2,1,3,2,0,0,4,0,0.20,0.10,0.30,0.20,0.30,Matches,b91a6912
496,Erick Noriega,pe PER,DFMF,Grêmio,23,2001,14,14,1184,13.2,0,0,0,0,0,0,3,0,0.00,0.00,0.00,0.00,0.00,Matches,fd8ce644
497,Lucas Oliveira,br BRA,DF,Vasco da Gama,28,1996,8,2,259,2.9,0,0,0,0,0,0,1,0,0.00,0.00,0.00,0.00,0.00,Matches,96d8b3d1
498,Sérgio Oliveira,pt POR,MF,Sport Recife,32,1992,19,10,997,11.1,1,1,2,1,0,0,5,0,0.09,0.09,0.18,0.09,0.18,Matches,947e036f
499,Cauly Oliveira Souza,br BRA,FWMF,Bahia,29,1995,29,7,910,10.1,1,3,4,1,0,0,2,0,0.10,0.30,0.40,0.10,0.40,Matches,2b53f7a5
500,Cristian Olivera,uy URU,MFFW,Grêmio,22,2002,22,15,1285,14.3,2,0,2,2,0,0,3,0,0.14,0.00,0.14,0.14,0.14,Matches,079dc403
501,Christian Ortiz,ar ARG,FWMF,Sport Recife,32,1992,6,0,178,2.0,0,0,0,0,0,0,0,0,0.00,0.00,0.00,0.00,0.00,Matches,bd8ddbd6
502,Leo Ortiz,br BRA,DF,Flamengo,29,1996,26,26,2203,24.5,1,2,3,1,0,0,4,0,0.04,0.08,0.12,0.04,0.12,Matches,53834fa2
503,Oscar,br BRA,MFFW,São Paulo,33,1991,6,5,345,3.8,0,0,0,0,0,0,1,0,0.00,0.00,0.00,0.00,0.00,Matches,57fe98dd
504,Osvaldo,br BRA,MF,Vitória,37,1987,27,11,996,11.1,0,2,2,0,0,0,3,0,0.00,0.18,0.18,0.00,0.18,Matches,deb6b945
505,Otávio,br BRA,MF,Fluminense,30,1994,6,2,217,2.4,0,0,0,0,0,0,0,0,0.00,0.00,0.00,0.00,0.00,Matches,243f4a0b
506,Luis Otávio,br BRA,MF,Internacional,17,2007,20,7,770,8.6,0,0,0,0,0,0,2,0,0.00,0.00,0.00,0.00,0.00,Matches,1ffa6688
507,Luiz Otávio,br BRA,DF,Mirassol,32,1992,5,1,165,1.8,0,0,0,0,0,0,1,0,0.00,0.00,0.00,0.00,0.00,Matches,35e4fc3a
508,João Othavio Basso,br BRA,DF,Santos,28,1997,6,6,518,5.8,1,0,1,1,0,0,2,0,0.17,0.00,0.17,0.17,0.17,Matches,86c79c42
509,Pablo,br BRA,DF,Internacional,18,2006,1,0,20,0.2,0,0,0,0,0,0,0,0,0.00,0.00,0.00,0.00,0.00,Matches,3933b8fc
510,Pablo,br BRA,FW,Sport Recife,32,1992,21,13,1055,11.7,3,1,4,3,0,0,1,0,0.26,0.09,0.34,0.26,0.34,Matches,1ad394c5
511,Ruan Pablo,br BRA,FW,Bahia,16,2008,5,0,51,0.6,0,0,0,0,0,0,1,0,0.00,0.00,0.00,0.00,0.00,Matches,a3bbbdc7
512,Bruno Pacheco,br BRA,DF,Fortaleza,33,1991,15,15,1261,14.0,1,1,2,1,0,0,5,0,0.07,0.07,0.14,0.07,0.14,Matches,9b7976e6
513,Luis Pacheco,br BRA,MF,Palmeiras,16,2008,2,0,18,0.2,0,0,0,0,0,0,1,0,0.00,0.00,0.00,0.00,0.00,Matches,ffba37be
514,Gonçalo Paciência,pt POR,FW,Sport Recife,30,1994,6,3,196,2.2,0,0,0,0,0,0,0,0,0.00,0.00,0.00,0.00,0.00,Matches,962e54cb
515,Brahian Palacios,co COL,MF,Atlético Mineiro,22,2002,1,0,8,0.1,0,0,0,0,0,0,0,0,0.00,0.00,0.00,0.00,0.00,Matches,61a05353
516,Sergio Palacios,co COL,DF,RB Bragantino,19,2005,2,1,71,0.8,0,0,0,0,0,0,2,0,0.00,0.00,0.00,0.00,0.00,Matches,e47c977a
517,Kaio Pantaleão,br BRA,DF,Botafogo–RJ,29,1995,11,11,933,10.4,0,0,0,0,0,0,2,1,0.00,0.00,0.00,0.00,0.00,Matches,a9be27f2
518,Rayan Passaglia Lelis,br BRA,MF,Cruzeiro,18,2007,1,1,64,0.7,0,0,0,0,0,0,1,0,0.00,0.00,0.00,0.00,0.00,Matches,199a71d2
519,Alan Patrick,br BRA,MFFW,Internacional,33,1991,30,30,2506,27.8,11,7,18,5,6,7,6,0,0.40,0.25,0.65,0.18,0.43,Matches,00672021
520,Patryck,br BRA,MFDF,São Paulo,22,2003,5,3,309,3.4,0,0,0,0,0,0,1,0,0.00,0.00,0.00,0.00,0.00,Matches,8dcbd7af
521,Patrick de Paula,br BRA,MF,Botafogo–RJ,25,1999,6,4,284,3.2,0,0,0,0,0,0,0,0,0.00,0.00,0.00,0.00,0.00,Matches,9f12fbb7
522,Paulinho,br BRA,MF,Palmeiras,24,2000,7,1,224,2.5,0,0,0,0,0,0,0,0,0.00,0.00,0.00,0.00,0.00,Matches,53070b63
523,Paulinho,br BRA,MF,Vasco da Gama,28,1997,11,4,310,3.4,0,0,0,0,0,0,2,0,0.00,0.00,0.00,0.00,0.00,Matches,2d215840
524,Caio Paulista,br BRA,MFDF,Atlético Mineiro,26,1998,20,10,885,9.8,0,0,0,0,0,0,2,0,0.00,0.00,0.00,0.00,0.00,Matches,701bb051
525,Marcos Paulo,br BRA,DF,Juventude,22,2003,19,16,1367,15.2,0,0,0,0,0,0,8,1,0.00,0.00,0.00,0.00,0.00,Matches,4dd6bb79
526,Cristian Pavón,ar ARG,MF,Grêmio,29,1996,28,14,1373,15.3,0,7,7,0,0,0,6,0,0.00,0.46,0.46,0.00,0.46,Matches,a664b026
527,Dimitri Payet,fr FRA,MF,Vasco da Gama,37,1987,4,2,191,2.1,0,2,2,0,0,0,0,0,0.00,0.94,0.94,0.00,0.94,Matches,58ae47b2
528,Pedrinho,br BRA,MF,São Paulo,17,2007,2,0,26,0.3,0,0,0,0,0,0,0,0,0.00,0.00,0.00,0.00,0.00,Matches,10eb3647
529,Pedro,br BRA,FW,Flamengo,27,1997,21,13,1047,11.6,12,6,18,11,1,2,3,0,1.03,0.52,1.55,0.95,1.46,Matches,1ab6fad3
530,João Pedro Chermont,br BRA,DF,Santos,19,2006,5,2,249,2.8,0,0,0,0,0,0,3,0,0.00,0.00,0.00,0.00,0.00,Matches,e987e031
531,João Pedro,br BRA,DF,Corinthians,21,2003,16,13,1242,13.8,0,1,1,0,0,0,4,0,0.00,0.07,0.07,0.00,0.07,Matches,cd51f56f
532,João Pedro,br BRA,DF,Grêmio,28,1996,7,6,454,5.0,0,0,0,0,0,0,0,0,0.00,0.00,0.00,0.00,0.00,Matches,31d1ed52
533,João Pedro Pepê,br BRA,MF,Vitória,27,1998,14,6,654,7.3,0,0,0,0,0,0,3,1,0.00,0.00,0.00,0.00,0.00,Matches,d75471eb
534,Peixoto,br BRA,MFDF,Juventude,27,1997,13,8,733,8.1,1,0,1,1,0,0,1,0,0.12,0.00,0.12,0.12,0.12,Matches,9d060c89
535,Andreas Pereira,br BRA,MF,Palmeiras,29,1996,15,11,1005,11.2,2,0,2,2,0,0,4,1,0.18,0.00,0.18,0.18,0.18,Matches,6639e500
536,Léo Pereira,br BRA,DF,Flamengo,29,1996,34,33,2953,32.8,4,0,4,4,0,0,6,0,0.12,0.00,0.12,0.12,0.12,Matches,bd247251
537,Matheus Pereira,br BRA,MF,Cruzeiro,28,1996,34,32,2793,31.0,7,7,14,7,0,0,7,0,0.23,0.23,0.45,0.23,0.45,Matches,b04ee927
538,Luan Peres Petroni,br BRA,DF,Santos,30,1994,24,23,2051,22.8,0,0,0,0,0,0,6,0,0.00,0.00,0.00,0.00,0.00,Matches,a5549ec1
539,Pernambuco,br BRA,MF,Juventude,26,1998,3,0,57,0.6,0,0,0,0,0,0,0,0,0.00,0.00,0.00,0.00,0.00,Matches,ec61b68f
540,Petterson,br BRA,MF,Juventude,21,2004,2,1,80,0.9,0,0,0,0,0,0,0,0,0.00,0.00,0.00,0.00,0.00,Matches,9943597e
541,Pierre,br BRA,MF,Fortaleza,22,2002,13,10,839,9.3,0,0,0,0,0,0,2,0,0.00,0.00,0.00,0.00,0.00,Matches,064cd740
542,Yago Pikachu,br BRA,MFFW,Fortaleza,32,1992,31,14,1389,15.4,2,1,3,0,2,2,2,0,0.13,0.06,0.19,0.00,0.06,Matches,462f1e13
543,Joaquín Piquerez,uy URU,DFMF,Palmeiras,26,1998,30,28,2456,27.3,3,1,4,1,2,3,2,2,0.11,0.04,0.15,0.04,0.07,Matches,46009f44
544,Rafael Pires,br BRA,GK,São Paulo,35,1989,35,35,3150,35.0,0,0,0,0,0,0,3,0,0.00,0.00,0.00,0.00,0.00,Matches,539f6761
545,Lucas Piton,br BRA,DF,Vasco da Gama,24,2000,30,29,2545,28.3,1,7,8,1,0,0,5,0,0.04,0.25,0.28,0.04,0.28,Matches,defce7f1
546,Isidro Pitta,py PAR,FW,RB Bragantino,25,1999,24,10,1093,12.1,7,2,9,7,0,0,6,0,0.58,0.16,0.74,0.58,0.74,Matches,e9fc7295
547,Diego Pituca,br BRA,MF,Santos,32,1992,10,4,392,4.4,1,0,1,1,0,0,2,0,0.23,0.00,0.23,0.23,0.23,Matches,6f5249ed
548,Gonzalo Plata,ec ECU,MFFW,Flamengo,24,2000,28,14,1350,15.0,4,1,5,4,0,0,0,1,0.27,0.07,0.33,0.27,0.33,Matches,54bcdeb0
549,Tomas Pochettino,ar ARG,MFFW,Fortaleza,28,1996,26,18,1537,17.1,3,4,7,3,0,0,3,0,0.18,0.23,0.41,0.18,0.41,Matches,fb36aa6b
550,Mateo Ponte,uy URU,DF,Botafogo–RJ,21,2003,21,4,676,7.5,2,0,2,2,0,0,3,0,0.27,0.00,0.27,0.27,0.27,Matches,981e61c1
551,Gustavo Prado,br BRA,MF,Internacional,19,2005,18,3,559,6.2,1,0,1,1,0,0,2,0,0.16,0.00,0.16,0.16,0.16,Matches,511bad81
552,Kauã Prates,br BRA,DF,Cruzeiro,16,2008,8,4,341,3.8,0,0,0,0,0,0,1,0,0.00,0.00,0.00,0.00,0.00,Matches,6ecfd382
553,Bruno Praxedes,br BRA,MF,RB Bragantino,22,2002,15,3,400,4.4,0,0,0,0,0,0,3,0,0.00,0.00,0.00,0.00,0.00,Matches,5dd520a8
554,Lucca Prior,br BRA,MFFW,Fortaleza,20,2004,12,7,656,7.3,2,0,2,2,0,0,2,0,0.27,0.00,0.27,0.27,0.27,Matches,dbeca92a
555,Erick Pulga,br BRA,FWMF,Bahia,24,2000,24,20,1687,18.7,3,3,6,3,0,0,3,0,0.16,0.16,0.32,0.16,0.32,Matches,56088230
556,Erick Pulgar,cl CHI,MF,Flamengo,31,1994,17,15,1240,13.8,1,0,1,1,0,0,6,0,0.07,0.00,0.07,0.07,0.07,Matches,4611e028
557,Du Queiroz,br BRA,MF,Sport Recife,25,2000,11,8,615,6.8,0,0,0,0,0,0,0,0,0.00,0.00,0.00,0.00,0.00,Matches,8440b0cb
558,Igor Rabello,br BRA,DF,Fluminense,29,1995,4,2,144,1.6,0,0,0,0,0,0,2,1,0.00,0.00,0.00,0.00,0.00,Matches,48048864
559,Igor Rabello,br BRA,DF,Atlético Mineiro,29,1995,4,2,189,2.1,0,0,0,0,0,0,0,0,0.00,0.00,0.00,0.00,0.00,Matches,48048864
560,Zé Rafael,br BRA,MF,Santos,31,1993,27,22,1854,20.6,1,0,1,1,0,0,6,0,0.05,0.00,0.05,0.05,0.05,Matches,634b1413
561,Rafinha,br BRA,DF,Sport Recife,18,2006,1,0,45,0.5,0,0,0,0,0,0,0,0,0.00,0.00,0.00,0.00,0.00,Matches,90c2b7c0
562,André Ramalho,br BRA,DF,Corinthians,32,1992,21,20,1780,19.8,0,0,0,0,0,0,4,0,0.00,0.00,0.00,0.00,0.00,Matches,7483d9f9
563,Eric Ramires,br BRA,MF,RB Bragantino,24,2000,31,24,1786,19.8,2,1,3,2,0,0,3,0,0.10,0.05,0.15,0.10,0.15,Matches,37faa4cb
564,Ramon,br BRA,DF,Internacional,23,2001,5,4,329,3.7,0,0,0,0,0,0,1,0,0.00,0.00,0.00,0.00,0.00,Matches,fdf88bc0
565,Ramon,br BRA,DFMF,Vitória,23,2001,18,18,1620,18.0,0,0,0,0,0,0,4,0,0.00,0.00,0.00,0.00,0.00,Matches,fdf88bc0
566,Lucas Ramon,br BRA,DF,Mirassol,30,1994,31,30,2604,28.9,2,3,5,2,0,0,7,0,0.07,0.10,0.17,0.07,0.17,Matches,58933a04
567,Chris Ramos,es ESP,FW,Botafogo–RJ,28,1997,13,8,718,8.0,4,0,4,4,0,0,1,1,0.50,0.00,0.50,0.50,0.50,Matches,44e07fac
568,Santi Ramos Mingo,ar ARG,DF,Bahia,23,2001,33,33,2926,32.5,0,0,0,0,0,0,9,1,0.00,0.00,0.00,0.00,0.00,Matches,fe0a346d
569,Rafael Ramos,pt POR,DFMF,Ceará,30,1995,20,9,904,10.0,0,0,0,0,0,0,3,0,0.00,0.00,0.00,0.00,0.00,Matches,f8ddf51c
570,Raniele,br BRA,MFDF,Corinthians,28,1996,30,25,2013,22.4,2,1,3,2,0,0,7,0,0.09,0.04,0.13,0.09,0.13,Matches,a025365f
571,Wellington Rato,br BRA,FWMF,Vitória,32,1992,5,3,212,2.4,1,0,1,1,0,0,0,0,0.42,0.00,0.42,0.42,0.42,Matches,598917cf
572,Pedro Raul,br BRA,FW,Ceará,28,1996,34,34,2896,32.2,11,1,12,10,1,1,6,0,0.34,0.03,0.37,0.31,0.34,Matches,ed074559
573,Rayan,br BRA,MFFW,Vasco da Gama,18,2006,34,32,2835,31.5,14,1,15,12,2,2,4,0,0.44,0.03,0.48,0.38,0.41,Matches,288647fc
574,Raykkonen,br BRA,FW,Internacional,16,2008,7,0,124,1.4,0,0,0,0,0,0,0,0,0.00,0.00,0.00,0.00,0.00,Matches,3114f93a
575,Reginaldo,br BRA,DF,Juventude,31,1993,18,14,1170,13.0,0,2,2,0,0,0,1,0,0.00,0.15,0.15,0.00,0.15,Matches,b018b2b6
576,Reinaldo,br BRA,DF,Mirassol,35,1989,34,33,2892,32.1,13,6,19,7,6,7,6,0,0.40,0.19,0.59,0.22,0.40,Matches,ab3edc87
577,Reinier,br BRA,FWMF,Atlético Mineiro,23,2002,13,3,333,3.7,0,0,0,0,0,0,2,0,0.00,0.00,0.00,0.00,0.00,Matches,6b21b7b5
578,Robert Renan,br BRA,DF,Vasco da Gama,21,2003,15,15,1287,14.3,0,0,0,0,0,0,2,0,0.00,0.00,0.00,0.00,0.00,Matches,168a2e81
579,Cristian Renato,br BRA,FW,Mirassol,24,2000,32,11,1351,15.0,5,3,8,5,0,0,2,0,0.33,0.20,0.53,0.33,0.53,Matches,349504e0
580,Renê,br BRA,DF,Fluminense,32,1992,28,27,2362,26.2,2,0,2,2,0,0,3,0,0.08,0.00,0.08,0.08,0.08,Matches,d000ffc7
581,Rezende,br BRA,MFDF,Bahia,30,1995,11,5,580,6.4,0,0,0,0,0,0,0,0,0.00,0.00,0.00,0.00,0.00,Matches,dfddb0f9
582,Murilo Rhikman,br BRA,MF,Cruzeiro,18,2006,2,0,8,0.1,0,0,0,0,0,0,0,0,0.00,0.00,0.00,0.00,0.00,Matches,9e91b234
583,Everton Ribeiro,br BRA,MF,Bahia,35,1989,31,25,1925,21.4,2,4,6,1,1,1,5,1,0.09,0.19,0.28,0.05,0.23,Matches,68fb50a2
584,Ricardo,br BRA,MF,Vitória,30,1994,20,11,882,9.8,0,0,0,0,0,0,3,0,0.00,0.00,0.00,0.00,0.00,Matches,2a5cdcd1
585,João Ricardo Riedi,br BRA,GK,Fortaleza,36,1988,14,14,1260,14.0,0,0,0,0,0,0,1,0,0.00,0.00,0.00,0.00,0.00,Matches,4729d71a
586,Richard,br BRA,MF,Internacional,30,1994,7,3,275,3.1,0,0,0,0,0,0,0,0,0.00,0.00,0.00,0.00,0.00,Matches,e90aa5da
587,Richardson,br BRA,MF,Ceará,33,1991,16,10,790,8.8,0,0,0,0,0,0,4,0,0.00,0.00,0.00,0.00,0.00,Matches,ef6b8a6b
588,Charles Rigon Matos,br BRA,MFDF,Corinthians,28,1996,17,6,571,6.3,1,0,1,1,0,0,3,1,0.16,0.00,0.16,0.16,0.16,Matches,6ff91a3a
589,Emiliano Rigoni,ar ARG,FW,São Paulo,31,1993,10,2,294,3.3,1,0,1,1,0,0,1,1,0.31,0.00,0.31,0.31,0.31,Matches,a1216563
590,Tomás Rincón,ve VEN,MF,Santos,37,1988,17,11,922,10.2,0,0,0,0,0,0,4,1,0.00,0.00,0.00,0.00,0.00,Matches,f1cfc209
591,Richard Ríos,co COL,MF,Palmeiras,24,2000,10,10,733,8.1,0,2,2,0,0,0,4,0,0.00,0.25,0.25,0.00,0.25,Matches,72da065d
592,Riquelme,br BRA,MF,Sport Recife,18,2007,2,0,23,0.3,0,0,0,0,0,0,1,0,0.00,0.00,0.00,0.00,0.00,Matches,1c1828c3
593,Riquelme,br BRA,MF,Fluminense,17,2007,6,0,99,1.1,0,0,0,0,0,0,1,0,0.00,0.00,0.00,0.00,0.00,Matches,ce31d798
594,Christian Rivera,co COL,MF,Sport Recife,29,1996,33,32,2729,30.3,0,0,0,0,0,0,9,0,0.00,0.00,0.00,0.00,0.00,Matches,7c094b1a
595,Pablo Roberto,br BRA,MF,Fortaleza,25,1999,5,1,116,1.3,0,0,0,0,0,0,0,1,0.00,0.00,0.00,0.00,0.00,Matches,880d2226
596,Paulo Roberto,br BRA,DF,Vitória,19,2005,2,2,96,1.1,0,0,0,0,0,0,0,0,0.00,0.00,0.00,0.00,0.00,Matches,a5898315
597,Marcos Rocha,br BRA,DF,Palmeiras,36,1988,1,1,90,1.0,0,0,0,0,0,0,0,0,0.00,0.00,0.00,0.00,0.00,Matches,fdd2f275
598,Marcos Rocha,br BRA,DF,Grêmio,36,1988,12,12,959,10.7,0,0,0,0,0,0,1,0,0.00,0.00,0.00,0.00,0.00,Matches,fdd2f275
599,Sergio Rochet,uy URU,GK,Internacional,31,1993,15,15,1305,14.5,0,0,0,0,0,0,0,0,0.00,0.00,0.00,0.00,0.00,Matches,81b99b9e
600,Rodrigo,br BRA,MF,São Paulo,20,2004,18,8,724,8.0,0,0,0,0,0,0,5,0,0.00,0.00,0.00,0.00,0.00,Matches,1126f4e2
601,Alisson Rodrigues,br BRA,DF,Internacional,16,2008,1,0,26,0.3,0,0,0,0,0,0,0,1,0.00,0.00,0.00,0.00,0.00,Matches,8434bef6
602,Ruben Rodrigues,pt POR,FWMF,Vitória,28,1996,4,0,26,0.3,0,0,0,0,0,0,0,0,0.00,0.00,0.00,0.00,0.00,Matches,b4c136b7
603,Alan Rodríguez,uy URU,MF,Internacional,25,2000,15,11,943,10.5,0,1,1,0,0,0,2,0,0.00,0.10,0.10,0.00,0.10,Matches,fcd24b4b
604,Guzmán Rodríguez,uy URU,DF,RB Bragantino,24,2000,23,23,2051,22.8,1,0,1,1,0,0,5,0,0.04,0.00,0.04,0.04,0.04,Matches,33f2fd18
605,Luciano Rodríguez,uy URU,FW,Bahia,21,2003,18,8,791,8.8,2,0,2,2,0,0,1,0,0.23,0.00,0.23,0.23,0.23,Matches,8ccc9220
606,Santiago Rodríguez,uy URU,MF,Botafogo–RJ,25,2000,26,14,1328,14.8,2,5,7,2,0,0,6,0,0.14,0.34,0.47,0.14,0.47,Matches,86dff811
607,Rodriguinho,br BRA,MF,Cruzeiro,21,2003,1,0,15,0.2,0,0,0,0,0,0,0,0,0.00,0.00,0.00,0.00,0.00,Matches,4565dde3
608,Rodriguinho,br BRA,MF,Ceará,21,2003,4,0,33,0.4,0,0,0,0,0,0,0,1,0.00,0.00,0.00,0.00,0.00,Matches,4565dde3
609,Agustín Rogel,uy URU,DF,Internacional,27,1997,5,5,450,5.0,0,0,0,0,0,0,0,0,0.00,0.00,0.00,0.00,0.00,Matches,ea42c03f
610,Benjamín Rollheiser,ar ARG,MFFW,Santos,24,2000,36,27,2212,24.6,2,3,5,1,1,1,7,0,0.08,0.12,0.20,0.04,0.16,Matches,e8c4a824
611,Iván Román,cl CHI,DF,Atlético Mineiro,18,2006,12,8,701,7.8,0,0,0,0,0,0,4,0,0.00,0.00,0.00,0.00,0.00,Matches,8ee6a7c1
612,Romarinho,br BRA,MF,Vitória,34,1990,5,1,124,1.4,0,0,0,0,0,0,0,0,0.00,0.00,0.00,0.00,0.00,Matches,d73461ea
613,Romarinho,br BRA,MFFW,Sport Recife,30,1994,26,7,912,10.1,2,0,2,2,0,0,0,0,0.20,0.00,0.20,0.20,0.20,Matches,1e7d2cc0
614,Ángel Romero,py PAR,FWMF,Corinthians,32,1992,27,11,1068,11.9,0,1,1,0,0,0,4,1,0.00,0.08,0.08,0.00,0.08,Matches,36edfb9b
615,Lucas Romero,ar ARG,MF,Cruzeiro,30,1994,33,32,2832,31.5,1,3,4,1,0,0,12,0,0.03,0.10,0.13,0.03,0.13,Matches,d89e48b8
616,Óscar Romero,py PAR,MF,Internacional,32,1992,17,5,505,5.6,0,1,1,0,0,0,3,0,0.00,0.18,0.18,0.00,0.18,Matches,4bc5f2b4
617,Romulo,br BRA,MF,Ceará,23,2001,9,0,133,1.5,0,0,0,0,0,0,0,0,0.00,0.00,0.00,0.00,0.00,Matches,58a061ba
618,Rômulo,br BRA,DF,Atlético Mineiro,21,2004,3,2,209,2.3,0,0,0,0,0,0,1,0,0.00,0.00,0.00,0.00,0.00,Matches,a5dedc6e
619,Ronald,br BRA,MF,Vitória,27,1997,29,23,1871,20.8,0,2,2,0,0,0,7,0,0.00,0.10,0.10,0.00,0.10,Matches,cc119c66
620,Ronald,br BRA,DF,Grêmio,21,2003,6,1,233,2.6,0,0,0,0,0,0,0,0,0.00,0.00,0.00,0.00,0.00,Matches,5334ff3f
621,Ronaldo,br BRA,GK,Bahia,28,1996,28,28,2448,27.2,0,1,1,0,0,0,1,0,0.00,0.04,0.04,0.00,0.04,Matches,711c08dc
622,Ronaldo,br BRA,MF,Internacional,28,1996,15,6,774,8.6,0,0,0,0,0,0,4,1,0.00,0.00,0.00,0.00,0.00,Matches,8a3b002a
623,Budiga Roni,br BRA,MF,Mirassol,25,1999,9,0,150,1.7,0,0,0,0,0,0,1,0,0.00,0.00,0.00,0.00,0.00,Matches,af433614
624,Rony,br BRA,FWMF,Atlético Mineiro,29,1995,35,29,2500,27.8,6,5,11,6,0,0,4,1,0.22,0.18,0.40,0.22,0.40,Matches,bffd5e50
625,Vitor Roque,br BRA,FW,Palmeiras,19,2005,33,24,2117,23.5,16,3,19,15,1,1,4,0,0.68,0.13,0.81,0.64,0.77,Matches,cb00f1e6
626,Diego Rosa,br BRA,MF,Internacional,22,2002,7,1,199,2.2,0,0,0,0,0,0,0,0,0.00,0.00,0.00,0.00,0.00,Matches,c66a2173
627,Matheus Rossetto,br BRA,MF,Fortaleza,28,1996,20,10,924,10.3,0,0,0,0,0,0,1,0,0.00,0.00,0.00,0.00,0.00,Matches,daf8c775
628,Agustín Rossi,ar ARG,GK,Flamengo,29,1995,37,37,3330,37.0,0,0,0,0,0,0,3,0,0.00,0.00,0.00,0.00,0.00,Matches,ef223e5f
629,Ruan,br BRA,DF,Atlético Mineiro,25,1999,11,7,811,9.0,1,0,1,1,0,0,4,0,0.11,0.00,0.11,0.11,0.11,Matches,a378a02a
630,Ruan,br BRA,DF,São Paulo,25,1999,5,4,361,4.0,0,0,0,0,0,0,1,0,0.00,0.00,0.00,0.00,0.00,Matches,a378a02a
631,Rubens,br BRA,MFDF,Atlético Mineiro,23,2001,13,11,1033,11.5,1,0,1,1,0,0,2,0,0.09,0.00,0.09,0.09,0.09,Matches,ae23d044
632,Alan Ruschel,br BRA,DF,Juventude,35,1989,21,14,1230,13.7,0,0,0,0,0,0,6,0,0.00,0.00,0.00,0.00,0.00,Matches,09aeb402
633,Rwan,br BRA,FW,Botafogo–RJ,23,2001,5,2,176,2.0,0,0,0,0,0,0,0,0,0.00,0.00,0.00,0.00,0.00,Matches,568a75fd
634,José Sabino,br BRA,DF,São Paulo,28,1996,30,25,2299,25.5,2,0,2,2,0,0,3,0,0.08,0.00,0.08,0.08,0.08,Matches,e1524457
635,Daniel Sales,br BRA,DF,Flamengo,18,2006,1,1,68,0.8,0,0,0,0,0,0,0,0,0.00,0.00,0.00,0.00,0.00,Matches,098f9d54
636,Rodrigo Sam,br BRA,DF,Juventude,29,1995,18,16,1457,16.2,1,0,1,1,0,0,8,0,0.06,0.00,0.06,0.06,0.06,Matches,06c06e58
637,Mateo Sanabria,ar ARG,MF,Bahia,20,2004,10,7,569,6.3,1,0,1,1,0,0,3,1,0.16,0.00,0.16,0.16,0.16,Matches,85d69267
638,Alex Sandro,br BRA,DF,Flamengo,34,1991,20,19,1544,17.2,0,0,0,0,0,0,4,0,0.00,0.00,0.00,0.00,0.00,Matches,0d82903c
639,Agustín Sant'Anna,uy URU,DF,RB Bragantino,27,1997,11,6,523,5.8,0,0,0,0,0,0,3,0,0.00,0.00,0.00,0.00,0.00,Matches,a680fc25
640,Alex Santana,br BRA,MF,Corinthians,29,1995,3,1,106,1.2,0,0,0,0,0,0,0,0,0.00,0.00,0.00,0.00,0.00,Matches,e75dc411
641,Alex Santana,br BRA,MF,Grêmio,29,1995,8,4,389,4.3,0,0,0,0,0,0,5,0,0.00,0.00,0.00,0.00,0.00,Matches,e75dc411
642,Ademir Santos,br BRA,FWMF,Bahia,29,1995,30,26,1971,21.9,2,6,8,2,0,0,7,0,0.09,0.27,0.37,0.09,0.37,Matches,4b7d58c2
643,Danilo Santos,br BRA,MF,Botafogo–RJ,23,2001,13,10,827,9.2,1,3,4,1,0,0,2,0,0.11,0.33,0.44,0.11,0.44,Matches,a816dbfb
644,Eduardo Santos,br BRA,DF,RB Bragantino,27,1997,8,2,319,3.5,0,0,0,0,0,0,0,0,0.00,0.00,0.00,0.00,0.00,Matches,d226094c
645,Júnior Santos,br BRA,FW,Atlético Mineiro,30,1994,16,1,361,4.0,2,0,2,2,0,0,1,0,0.50,0.00,0.50,0.50,0.50,Matches,9109e933
646,Rodrigo Santos,br BRA,MF,Fortaleza,24,2000,8,2,225,2.5,0,0,0,0,0,0,2,0,0.00,0.00,0.00,0.00,0.00,Matches,657810ed
647,Renzo Saravia,ar ARG,DFMF,Atlético Mineiro,31,1993,19,12,1065,11.8,0,0,0,0,0,0,2,0,0.00,0.00,0.00,0.00,0.00,Matches,cf316639
648,Eduardo Sasha,br BRA,FWMF,RB Bragantino,32,1992,33,30,2246,25.0,8,3,11,5,3,3,8,1,0.32,0.12,0.44,0.20,0.32,Matches,b938b871
649,Lucas Sasha,br BRA,MF,Fortaleza,34,1990,31,31,2612,29.0,1,0,1,1,0,0,4,0,0.03,0.00,0.03,0.03,0.03,Matches,2e2ec9cf
650,Jefferson Savarino,ve VEN,MF,Botafogo–RJ,28,1996,27,24,1917,21.3,4,3,7,4,0,0,2,0,0.19,0.14,0.33,0.19,0.33,Matches,91721722
651,Kike Saverio,es ESP,MF,Vitória,25,1999,2,0,33,0.4,0,0,0,0,0,0,0,0,0.00,0.00,0.00,0.00,0.00,Matches,1af67930
652,Gustavo Scarpa,br BRA,MF,Atlético Mineiro,31,1994,36,25,2302,25.6,1,3,4,1,0,0,3,0,0.04,0.12,0.16,0.04,0.16,Matches,2964fd20
653,João Scatolin,br BRA,MF,Juventude,16,2008,1,0,25,0.3,0,0,0,0,0,0,0,0,0.00,0.00,0.00,0.00,0.00,Matches,68818eca
654,João Schmidt,br BRA,MF,Santos,31,1993,31,25,2153,23.9,2,2,4,2,0,0,7,0,0.08,0.08,0.17,0.08,0.17,Matches,3630db1a
655,Davi Schuindt,br BRA,DF,Fluminense,20,2004,2,2,180,2.0,0,0,0,0,0,0,0,0,0.00,0.00,0.00,0.00,0.00,Matches,394256c4
656,Cleiton Schwengber,br BRA,GK,RB Bragantino,27,1997,34,34,3060,34.0,0,0,0,0,0,0,6,0,0.00,0.00,0.00,0.00,0.00,Matches,d24ae824
657,Paulo Sérgio,br BRA,FW,São Paulo,19,2005,3,0,26,0.3,0,0,0,0,0,0,0,0,0.00,0.00,0.00,0.00,0.00,Matches,a99d316c
658,Kevin Serna,co COL,MF,Fluminense,27,1997,33,25,2086,23.2,7,5,12,7,0,0,3,0,0.30,0.22,0.52,0.30,0.52,Matches,f3cc4a6e
659,Igor Serrote,br BRA,DF,Grêmio,19,2005,7,6,512,5.7,0,0,0,0,0,0,2,0,0.00,0.00,0.00,0.00,0.00,Matches,9331bda6
660,Juan Sforza,ar ARG,MF,Juventude,22,2002,8,2,272,3.0,0,0,0,0,0,0,0,0,0.00,0.00,0.00,0.00,0.00,Matches,ff112582
661,Juan Sforza,ar ARG,MF,Vasco da Gama,22,2002,2,1,71,0.8,0,0,0,0,0,0,0,0,0.00,0.00,0.00,0.00,0.00,Matches,ff112582
662,Shaylon,br BRA,MF,Mirassol,27,1997,13,3,439,4.9,0,0,0,0,0,0,1,0,0.00,0.00,0.00,0.00,0.00,Matches,69c11ef0
663,Aderlan Silva,br BRA,DFMF,Sport Recife,34,1990,14,10,920,10.2,0,0,0,0,0,0,5,0,0.00,0.00,0.00,0.00,0.00,Matches,48371573
664,Aderlan Silva,br BRA,DF,Santos,34,1990,2,1,87,1.0,0,0,0,0,0,0,0,0,0.00,0.00,0.00,0.00,0.00,Matches,48371573
665,André Silva,br BRA,FW,São Paulo,27,1997,20,15,1357,15.1,5,2,7,4,1,1,5,0,0.33,0.13,0.46,0.27,0.40,Matches,dde93e2c
666,Gustavo Silva,br BRA,MFFW,Vitória,27,1997,10,6,480,5.3,0,2,2,0,0,0,0,0,0.00,0.37,0.37,0.00,0.37,Matches,c9ed46c4
667,João Silva,pt POR,DF,Sport Recife,26,1999,14,10,990,11.0,0,0,0,0,0,0,1,0,0.00,0.00,0.00,0.00,0.00,Matches,3990d93a
668,Luan Silva,br BRA,MF,São Paulo,25,1999,6,2,173,1.9,0,0,0,0,0,0,0,0,0.00,0.00,0.00,0.00,0.00,Matches,12a226cf
669,Lucas Silva,br BRA,MF,Cruzeiro,31,1993,34,32,2751,30.6,2,2,4,2,0,0,8,0,0.07,0.07,0.13,0.07,0.13,Matches,1c646218
670,Matheus Pereira da Silva,br BRA,MF,Fortaleza,26,1998,19,15,1285,14.3,1,3,4,1,0,0,4,1,0.07,0.21,0.28,0.07,0.28,Matches,bef22bc4
671,Patrick Silva,br BRA,MF,Atlético Mineiro,20,2004,3,2,224,2.5,0,0,0,0,0,0,0,0,0.00,0.00,0.00,0.00,0.00,Matches,d6667807
672,Thiago Silva,br BRA,DF,Fluminense,40,1984,25,24,2157,24.0,2,0,2,2,0,0,1,0,0.08,0.00,0.08,0.08,0.08,Matches,86e7deaf
673,Vinicius Silvestre,br BRA,GK,Fortaleza,30,1994,2,2,180,2.0,0,0,0,0,0,0,0,0,0.00,0.00,0.00,0.00,0.00,Matches,1944518a
674,Luis Sinisterra,co COL,MF,Cruzeiro,25,1999,11,2,326,3.6,2,1,3,2,0,0,0,0,0.55,0.28,0.83,0.55,0.83,Matches,8e16dd48
675,Cédric Soares,pt POR,MFDF,São Paulo,33,1991,25,22,1889,21.0,0,3,3,0,0,0,2,0,0.00,0.14,0.14,0.00,0.14,Matches,839c14e1
676,Everton Soares,br BRA,MF,Flamengo,28,1996,23,9,874,9.7,1,3,4,1,0,0,0,0,0.10,0.31,0.41,0.10,0.41,Matches,b1cbc666
677,Tiquinho Soares,br BRA,FW,Santos,34,1991,27,13,1252,13.9,2,3,5,0,2,2,3,0,0.14,0.22,0.36,0.00,0.22,Matches,4d982baf
678,Fernando Sobral,br BRA,MF,Ceará,30,1994,30,17,1504,16.7,1,0,1,1,0,0,8,0,0.06,0.00,0.06,0.06,0.06,Matches,c012aacd
679,Ramón Sosa,py PAR,MFFW,Palmeiras,25,1999,23,6,876,9.7,3,3,6,3,0,0,0,0,0.31,0.31,0.62,0.31,0.62,Matches,2d3417a1
680,Yeferson Soteldo,ve VEN,MF,Santos,27,1997,5,3,326,3.6,0,0,0,0,0,0,1,0,0.00,0.00,0.00,0.00,0.00,Matches,bbb6c951
681,Yeferson Soteldo,ve VEN,MF,Fluminense,27,1997,17,3,496,5.5,2,2,4,2,0,0,0,0,0.36,0.36,0.73,0.36,0.73,Matches,bbb6c951
682,Souza,br BRA,DF,Santos,18,2006,24,19,1639,18.2,1,2,3,1,0,0,4,0,0.05,0.11,0.16,0.05,0.16,Matches,10b0c6f4
683,Fabiano Souza,br BRA,DF,Ceará,24,2000,34,34,2907,32.3,0,1,1,0,0,0,8,0,0.00,0.03,0.03,0.00,0.03,Matches,f5e7fdf9
684,Gabriel Souza,br BRA,MF,Vasco da Gama,20,2005,12,0,136,1.5,2,0,2,2,0,0,0,0,1.32,0.00,1.32,1.32,1.32,Matches,56a85c3b
685,Hugo Souza,br BRA,GK,Corinthians,26,1999,26,26,2340,26.0,0,0,0,0,0,0,3,0,0.00,0.00,0.00,0.00,0.00,Matches,c02e5af1
686,Igor Vinícius de Souza,br BRA,MFDF,São Paulo,27,1997,3,2,164,1.8,0,0,0,0,0,0,1,0,0.00,0.00,0.00,0.00,0.00,Matches,ec95088d
687,Igor Vinícius de Souza,br BRA,DF,Santos,27,1997,20,15,1302,14.5,0,2,2,0,0,0,4,0,0.00,0.14,0.14,0.00,0.14,Matches,ec95088d
688,Raul Steffens,br BRA,GK,Botafogo–RJ,27,1997,2,2,180,2.0,0,0,0,0,0,0,0,0,0.00,0.00,0.00,0.00,0.00,Matches,32e3faa6
689,Everaldo Stum,br BRA,FW,Fluminense,33,1991,28,15,1352,15.0,2,0,2,2,0,1,2,0,0.13,0.00,0.13,0.13,0.13,Matches,0ac3d7d8
690,Bruno Tabata,br BRA,MFFW,Internacional,27,1997,24,12,1073,11.9,3,0,3,2,1,1,4,1,0.25,0.00,0.25,0.17,0.17,Matches,33fdf90d
691,Gabriel Taliari,br BRA,FWMF,Juventude,27,1997,34,28,2296,25.5,8,4,12,8,0,0,7,0,0.31,0.16,0.47,0.31,0.47,Matches,75a16442
692,Gonzalo Tapia,cl CHI,FW,São Paulo,22,2002,20,12,1117,12.4,5,0,5,5,0,0,4,0,0.40,0.00,0.40,0.40,0.40,Matches,cdbd6b8a
693,Tchê Tchê,br BRA,MF,Vasco da Gama,32,1992,29,24,2000,22.2,1,0,1,1,0,0,3,0,0.05,0.00,0.05,0.05,0.05,Matches,5f2caf8f
694,Alex Teixeira,br BRA,FWMF,Vasco da Gama,35,1990,9,0,118,1.3,0,0,0,0,0,0,1,0,0.00,0.00,0.00,0.00,0.00,Matches,ae530c73
695,Alex Telles,br BRA,DF,Botafogo–RJ,32,1992,27,22,1690,18.8,5,4,9,1,4,4,3,0,0.27,0.21,0.48,0.05,0.27,Matches,e73c9bb2
696,Douglas Telles,br BRA,MF,Flamengo,17,2007,2,1,84,0.9,2,0,2,2,0,0,0,0,2.14,0.00,2.14,2.14,2.14,Matches,2303801d
697,Thaciano,br BRA,MFFW,Santos,29,1995,19,5,614,6.8,3,0,3,3,0,0,2,0,0.44,0.00,0.44,0.44,0.44,Matches,139113e4
698,Thalys,br BRA,FW,Palmeiras,19,2005,2,1,88,1.0,0,0,0,0,0,0,0,0,0.00,0.00,0.00,0.00,0.00,Matches,b6b3abf3
699,Thiago,br BRA,GK,Vitória,25,1999,9,8,785,8.7,0,0,0,0,0,0,0,0,0.00,0.00,0.00,0.00,0.00,Matches,602d20ae
700,Rafael Thyere,br BRA,DF,Sport Recife,31,1993,24,24,2106,23.4,1,0,1,1,0,0,2,0,0.04,0.00,0.04,0.04,0.04,Matches,e2a29d9d
701,Tiago,br BRA,FW,Bahia,19,2005,25,5,902,10.0,3,2,5,3,0,0,2,0,0.30,0.20,0.50,0.30,0.50,Matches,77ee5b27
702,Guilherme Tinga,br BRA,DF,Fortaleza,31,1993,11,8,752,8.4,1,0,1,1,0,0,1,0,0.12,0.00,0.12,0.12,0.12,Matches,a8331ab0
703,Titi,br BRA,DF,Fortaleza,36,1988,3,3,269,3.0,0,0,0,0,0,0,2,1,0.00,0.00,0.00,0.00,0.00,Matches,ea41ddf7
704,Kauan Toledo,br BRA,FW,Botafogo–RJ,18,2006,2,0,7,0.1,0,1,1,0,0,0,1,0,0.00,12.86,12.86,0.00,12.86,Matches,2cc7bb98
705,Rafael Tolói,it ITA,DF,São Paulo,34,1990,7,6,499,5.5,0,0,0,0,0,0,0,0,0.00,0.00,0.00,0.00,0.00,Matches,c56dc39e
706,Félix Torres Caicedo,ec ECU,DF,Corinthians,28,1997,10,8,647,7.2,0,0,0,0,0,0,1,0,0.00,0.00,0.00,0.00,0.00,Matches,c0a8860f
707,Facundo Torres,uy URU,MFFW,Palmeiras,24,2000,29,20,1665,18.5,6,3,9,6,0,0,3,0,0.32,0.16,0.49,0.32,0.49,Matches,4de3b2c0
708,Bruno Tubarão,br BRA,DFMF,Ceará,29,1995,7,0,100,1.1,0,0,0,0,0,0,0,0,0.00,0.00,0.00,0.00,0.00,Matches,5411ef4f
709,Enner Valencia,ec ECU,FW,Internacional,35,1989,14,7,628,7.0,1,0,1,1,0,0,3,0,0.14,0.00,0.14,0.14,0.14,Matches,fb485406
710,Vanderlan,br BRA,DFMF,Palmeiras,22,2002,3,3,198,2.2,0,0,0,0,0,0,0,0,0.00,0.00,0.00,0.00,0.00,Matches,bd8432ff
711,Vanderlan,br BRA,DF,RB Bragantino,22,2002,14,12,1055,11.7,0,1,1,0,0,0,4,0,0.00,0.09,0.09,0.00,0.09,Matches,bd8432ff
712,Guillermo Varela,uy URU,DF,Flamengo,31,1993,20,14,1325,14.7,0,4,4,0,0,0,1,0,0.00,0.27,0.27,0.00,0.27,Matches,5c961282
713,Pablo Vegetti,ar ARG,FW,Vasco da Gama,36,1988,35,27,2335,25.9,14,1,15,11,3,3,3,0,0.54,0.04,0.58,0.42,0.46,Matches,06cc28cd
714,Raphael Veiga,br BRA,MF,Palmeiras,29,1995,25,13,1067,11.9,2,4,6,1,1,1,3,0,0.17,0.34,0.51,0.08,0.42,Matches,6e5a3bc7
715,Fausto Vera,ar ARG,MF,Atlético Mineiro,24,2000,18,15,1127,12.5,1,0,1,1,0,0,3,0,0.08,0.00,0.08,0.08,0.08,Matches,8b3b381b
716,Gabriel Veron,br BRA,MF,Santos,22,2002,6,1,122,1.4,0,0,0,0,0,0,0,0,0.00,0.00,0.00,0.00,0.00,Matches,6bc49da7
717,Gabriel Veron,br BRA,FWMF,Juventude,22,2002,13,7,639,7.1,0,0,0,0,0,0,0,0,0.00,0.00,0.00,0.00,0.00,Matches,6bc49da7
718,João Victor,br BRA,DF,Vasco da Gama,26,1998,16,16,1435,15.9,1,0,1,1,0,0,3,0,0.06,0.00,0.06,0.06,0.06,Matches,d60cf08d
719,João Victor,br BRA,DF,Mirassol,27,1997,34,34,3059,34.0,2,1,3,2,0,0,8,1,0.06,0.03,0.09,0.06,0.09,Matches,d6d0c8bb
720,João Victor,br BRA,FW,Ceará,20,2004,1,0,6,0.1,0,0,0,0,0,0,0,0,0.00,0.00,0.00,0.00,0.00,Matches,e78d763e
721,João Victor,br BRA,DF,Flamengo,18,2007,4,3,194,2.2,0,0,0,0,0,0,1,0,0.00,0.00,0.00,0.00,0.00,Matches,0eaa0f26
722,Marcos Victor,br BRA,DF,Ceará,23,2001,15,15,1343,14.9,0,1,1,0,0,0,0,0,0.00,0.07,0.07,0.00,0.07,Matches,d714fc5a
723,Lucas Vieira,br BRA,MF,Flamengo,17,2007,1,0,22,0.2,0,0,0,0,0,0,0,0,0.00,0.00,0.00,0.00,0.00,Matches,534f5cca
724,Viery,br BRA,DF,Grêmio,20,2005,3,0,50,0.6,0,0,0,0,0,0,0,0,0.00,0.00,0.00,0.00,0.00,Matches,73bec74e
725,Lucas Villalba,ar ARG,DF,Cruzeiro,30,1994,32,32,2864,31.8,1,0,1,1,0,0,10,0,0.03,0.00,0.03,0.03,0.03,Matches,2dc5144f
726,Mathías Villasanti,py PAR,MF,Grêmio,28,1997,16,14,1150,12.8,0,0,0,0,0,0,5,0,0.00,0.00,0.00,0.00,0.00,Matches,05b642f7
727,Matías Viña,uy URU,DF,Flamengo,27,1997,8,2,281,3.1,0,0,0,0,0,0,1,0,0.00,0.00,0.00,0.00,0.00,Matches,08eb3b58
728,Vinícius,br BRA,MF,Ceará,33,1991,16,5,567,6.3,0,1,1,0,0,0,2,1,0.00,0.16,0.16,0.00,0.16,Matches,ee01c84d
729,Alix Vinicius,br BRA,DF,RB Bragantino,25,1999,11,9,862,9.6,0,0,0,0,0,0,4,0,0.00,0.00,0.00,0.00,0.00,Matches,2083298b
730,Carlos Vinícius,br BRA,FW,Grêmio,29,1995,14,12,942,10.5,12,1,13,9,3,3,3,1,1.15,0.10,1.24,0.86,0.96,Matches,8b529245
731,Vitão,br BRA,DF,Internacional,24,2000,31,31,2719,30.2,0,2,2,0,0,0,5,0,0.00,0.07,0.07,0.00,0.07,Matches,d4f034db
732,Vitinho,br BRA,FW,Corinthians,31,1993,12,4,479,5.3,0,3,3,0,0,0,0,0,0.00,0.56,0.56,0.00,0.56,Matches,a9e68c94
733,Vitinho,br BRA,DF,Botafogo–RJ,25,1999,36,34,2831,31.5,1,2,3,1,0,0,3,0,0.03,0.06,0.10,0.03,0.10,Matches,9295dc1c
734,Vitinho,br BRA,MFFW,Internacional,25,1999,27,20,1679,18.7,5,1,6,5,0,0,4,0,0.27,0.05,0.32,0.27,0.32,Matches,06d4b2e4
735,Zé Vitor,br BRA,MF,Mirassol,24,2000,2,0,25,0.3,0,0,0,0,0,0,1,0,0.00,0.00,0.00,0.00,0.00,Matches,11283939
736,Tiago Volpi,br BRA,GK,Grêmio,34,1990,32,32,2880,32.0,2,0,2,0,2,2,2,0,0.06,0.00,0.06,0.00,0.00,Matches,fba79ac8
737,Wagner,br BRA,DF,Grêmio,25,1999,29,26,2369,26.3,0,2,2,0,0,0,3,0,0.00,0.08,0.08,0.00,0.08,Matches,25b28b59
738,Walace,br BRA,MF,Cruzeiro,29,1995,17,4,384,4.3,0,0,0,0,0,0,4,0,0.00,0.00,0.00,0.00,0.00,Matches,26db8853
739,Wallace,br BRA,FW,Flamengo,19,2005,17,4,443,4.9,1,2,3,1,0,0,5,1,0.20,0.41,0.61,0.20,0.61,Matches,b83bc030
740,Walter,br BRA,GK,Mirassol,37,1987,31,31,2790,31.0,0,0,0,0,0,0,5,0,0.00,0.00,0.00,0.00,0.00,Matches,8bae322b
741,Wanderson,br BRA,MF,Cruzeiro,30,1994,27,25,1792,19.9,0,2,2,0,0,0,2,0,0.00,0.10,0.10,0.00,0.10,Matches,5da33b33
742,Deivid Washington,br BRA,FW,Santos,19,2005,17,5,557,6.2,1,0,1,1,0,0,0,0,0.16,0.00,0.16,0.16,0.16,Matches,95bd120d
743,José Welison,br BRA,MF,Fortaleza,29,1995,9,4,437,4.9,0,0,0,0,0,0,3,0,0.00,0.00,0.00,0.00,0.00,Matches,b6cb4d16
744,João Wellington,br BRA,MF,Cruzeiro,21,2004,5,1,139,1.5,0,0,0,0,0,0,0,0,0.00,0.00,0.00,0.00,0.00,Matches,62e02b9b
745,Wendell,br BRA,MF,Vitória,19,2005,1,1,66,0.7,0,0,0,0,0,0,0,0,0.00,0.00,0.00,0.00,0.00,Matches,ad5524cf
746,Wendell,br BRA,MFDF,São Paulo,31,1993,16,11,838,9.3,0,1,1,0,0,0,0,0,0.00,0.11,0.11,0.00,0.11,Matches,f9acca3a
747,Wesley,br BRA,DF,Flamengo,21,2003,11,11,982,10.9,1,2,3,1,0,0,4,0,0.09,0.18,0.27,0.09,0.27,Matches,f2c49c79
748,Wesley,br BRA,MFFW,Internacional,25,1999,18,16,1233,13.7,0,3,3,0,0,0,2,0,0.00,0.22,0.22,0.00,0.22,Matches,434de3a3
749,Weverson,br BRA,DF,Fortaleza,24,2000,4,2,219,2.4,0,0,0,0,0,0,0,0,0.00,0.00,0.00,0.00,0.00,Matches,b9829bf7
750,Wéverton,br BRA,GK,Palmeiras,37,1987,26,26,2340,26.0,0,0,0,0,0,0,2,0,0.00,0.00,0.00,0.00,0.00,Matches,81be82e9
751,William,br BRA,DF,Cruzeiro,29,1995,30,25,2281,25.3,0,6,6,0,0,0,4,1,0.00,0.24,0.24,0.00,0.24,Matches,d4d0a9ad
752,Willian,br BRA,MF,Vitória,31,1993,20,16,1411,15.7,1,0,1,1,0,0,8,0,0.06,0.00,0.06,0.06,0.06,Matches,96f82d0a
753,Willian,br BRA,MF,Grêmio,36,1988,6,4,308,3.4,1,2,3,0,1,1,0,0,0.29,0.58,0.88,0.00,0.58,Matches,8b9ebd03
754,Estêvão Willian,br BRA,MFFW,Palmeiras,17,2007,11,9,831,9.2,0,3,3,0,0,0,3,0,0.00,0.32,0.32,0.00,0.32,Matches,2eda11b1
755,Mateus Xavier,br BRA,MF,Santos,17,2007,3,0,39,0.4,0,0,0,0,0,0,0,0,0.00,0.00,0.00,0.00,0.00,Matches,55cc2965
756,Samuel Xavier,br BRA,DF,Fluminense,34,1990,29,26,2385,26.5,4,1,5,4,0,0,5,0,0.15,0.04,0.19,0.15,0.19,Matches,0c870df5
757,Yago,br BRA,FW,Internacional,17,2007,2,0,73,0.8,0,0,0,0,0,0,0,0,0.00,0.00,0.00,0.00,0.00,Matches,2406d8a9
758,Yago,br BRA,MF,Mirassol,29,1995,19,8,630,7.0,0,1,1,0,0,0,3,0,0.00,0.14,0.14,0.00,0.14,Matches,e2add0e7
759,Young,br BRA,GK,São Paulo,22,2002,3,3,270,3.0,0,0,0,0,0,0,0,0,0.00,0.00,0.00,0.00,0.00,Matches,be817fc6
760,Vinícius Zanocelo,br BRA,MF,Ceará,24,2001,15,12,1087,12.1,1,0,1,1,0,0,2,0,0.08,0.00,0.08,0.08,0.08,Matches,27457e83
761,Lukas Zuccarello,br BRA,MF,Vasco da Gama,18,2006,2,0,24,0.3,0,0,0,0,0,0,0,0,0.00,0.00,0.00,0.00,0.00,Matches,ad792e99